年,月,日,時,分,縣市,區,死,受傷,2-30,天候,光線,道路類別,速限,道路型態,事故位置,路面鋪裝,路面狀態,路面缺陷,障礙物,視距,號誌種類,號誌動作,分向設施,快車道或一般車道間,快慢車道間,路面邊線,事故類型及型態,主要肇因,受傷程度,主要傷處,保護裝備,行動電話,當事者區分,車輛用途,當事者行動狀態,駕駛資格情形,駕駛執照種類,飲酒情形,車輛撞擊部位最初,車輛撞擊部位其他,肇事因素個別,肇事因素主要,肇事逃逸,職業,旅次目的,車種,GPS緯度,GPS經度,事故類別
2023,3,1,10,41,臺中市,大里區,0,0,0,8,1,5,50,14,9,1,5,4,5,7,4,4,5,5,5,1,17,23,,,,,C03,,,1,,2,,,23,23,1,22,,C03,120.681442,24.102435,3
2023,3,1,10,42,臺中市,龍井區,0,1,0,8,1,5,70,4,1,1,5,4,5,7,1,1,10,5,5,2,17,6,3,10,3,4,A12,7,6,1,6,2,5,,6,6,1,9,4,A12,120.539186,24.206783,2
2023,3,1,10,42,臺中市,烏日區,0,0,0,8,,,30,,,,,,,,,,,,,,,19,,,,,B03,,,1,,2,,,19,19,1,21,,B03,120.635337,24.086301,3
2023,3,1,10,55,臺中市,南屯區,0,0,0,8,,,30,,,,,,,,,,,,,,,6,,,,,C03,,,1,,11,,,6,,2,22,,C03,120.647306,24.132019,3
2023,3,1,10,59,臺中市,北屯區,0,2,0,8,1,5,50,14,7,1,5,4,5,7,4,4,5,4,4,2,3,51,2,9,1,1,H01,8,16,8,20,10,16,,51,51,1,22,8,H01,120.733275,24.167363,2
2023,3,1,11,0,臺中市,南區,0,2,0,8,1,5,50,4,1,1,5,4,5,7,1,1,10,5,5,2,13,16,2,8,1,1,C03,7,9,1,10,2,11,,16,16,1,22,8,C03,120.682922,24.134386,2
2023,3,1,11,0,臺中市,北屯區,0,0,0,8,,,50,,,,,,,,,,,,,,,23,,,,,B03,,,1,,9,,,23,,2,22,,B03,120.708555,24.167876,3
2023,3,1,11,0,臺中市,霧峰區,0,1,0,8,1,5,60,3,1,1,5,4,5,7,4,4,1,4,4,1,17,6,3,10,1,1,B03,7,6,1,8,2,7,,6,6,1,4,8,B03,120.697875,24.071395,2
2023,3,1,11,5,臺中市,西屯區,0,0,0,,,,30,,,,,,,,,,,,,,,12,,,,,B12,,,1,,1,,,12,,1,22,,B12,120.642384,24.17701,3
2023,3,1,11,7,臺中市,西屯區,0,0,0,8,,,40,,,,,,,,,,,,,,,23,,,,,B12,,,1,,2,,,23,23,1,22,,B12,120.645011,24.170193,3
2023,3,1,11,8,臺中市,南屯區,0,0,0,8,,,50,,,,,,,,,,,,,,,23,,,,,B03,,,1,,1,,,23,,1,4,,B03,120.639483,24.14211,3
2023,3,1,11,9,臺中市,大里區,0,1,0,8,1,5,50,3,1,1,5,4,5,7,4,4,5,5,5,1,16,6,3,10,1,1,B12,7,6,1,8,2,8,,6,6,1,5,8,B12,120.711131,24.103566,2
2023,3,1,11,10,臺中市,清水區,0,1,0,8,1,5,50,4,1,1,5,4,5,7,4,4,10,5,5,2,15,6,2,9,1,1,C03,7,9,1,10,2,11,,6,6,1,5,1,C03,120.541846,24.267795,2
2023,3,1,11,11,臺中市,西屯區,0,0,0,8,,,50,,,,,,,,,,,,,,,6,,,,,B01,,,1,,1,,,6,,1,22,,B01,120.622517,24.184751,3
2023,3,1,11,16,臺中市,潭子區,0,0,0,8,,,50,,,,,,,,,,,,,,,23,,,,,C03,,,1,,2,,,23,,1,22,,C03,120.721408,24.204045,3
2023,3,1,11,18,臺中市,霧峰區,0,1,0,8,1,5,50,4,1,1,5,4,5,7,1,1,3,4,4,1,16,27,3,10,1,1,B03,7,6,1,8,2,2,,27,27,1,22,8,B03,120.695793,24.065726,2
2023,3,1,11,20,臺中市,和平區,0,0,0,8,1,2,0,11,9,1,5,4,5,7,4,4,4,5,5,1,20,43,3,10,1,1,B12,7,9,5,8,9,1,,43,43,1,21,8,B12,120.888933,24.173871,3
2023,3,1,11,22,臺中市,北屯區,0,3,0,8,1,5,15,4,1,1,5,4,5,7,4,4,10,5,5,2,15,6,2,1,1,1,B03,7,9,1,8,2,1,,6,6,1,21,8,B03,120.680502,24.180582,2
2023,3,1,11,24,臺中市,西屯區,0,1,0,8,1,5,50,5,1,1,5,4,5,7,1,1,10,5,5,2,16,6,3,10,3,4,B03,7,6,1,8,2,5,,6,6,1,22,8,B03,120.66396,24.176283,2
2023,3,1,11,24,臺中市,太平區,0,0,0,8,,,30,,,,,,,,,,,,,,,67,,,,,,,,,,,,,67,,1,,,,120.720233,24.115783,3
2023,3,1,11,25,臺中市,潭子區,0,0,0,,,,50,,,,,,,,,,,,,,,17,,,,,B03,,,1,,2,,,17,,1,22,,B03,120.703719,24.208448,3
2023,3,1,11,27,臺中市,南區,0,0,0,8,,,40,,,,,,,,,,,,,,,23,,,,,B03,,,1,8,9,,,23,23,1,21,,B03,120.66529,24.12689,3
2023,3,1,11,30,臺中市,大里區,0,1,0,8,1,5,30,3,1,1,5,4,5,7,4,4,10,5,5,1,15,6,3,10,1,1,B12,7,9,1,8,2,4,,6,6,1,4,8,B12,120.714027,24.086121,2
2023,3,1,11,36,臺中市,和平區,0,0,0,,,,30,,,,,,,,,,,,,,,26,,,,,A05,,,1,,1,,,26,26,1,10,,A05,121.321734,24.348875,3
2023,3,1,11,37,臺中市,西屯區,0,0,0,8,,,30,,,,,,,,,,,,,,,12,,,,,A12,,,1,,1,,,12,,1,4,,A12,120.660156,24.19612,3
2023,3,1,11,38,臺中市,西屯區,0,1,0,8,1,5,50,4,1,1,5,4,5,7,2,1,10,5,5,2,12,7,2,8,1,1,C03,7,7,1,10,11,14,,7,7,1,22,8,C03,120.615594,24.189125,2
2023,3,1,11,45,臺中市,西屯區,0,0,0,8,,,50,,,,,,,,,,,,,,,23,,,,,B03,,,1,,2,,,23,,1,22,,B03,120.652077,24.206663,3
2023,3,1,11,47,臺中市,南區,0,0,0,8,,,50,,,,,,,,,,,,,,,19,,,,,B03,,,1,,2,,,19,,1,22,,B03,120.65368,24.120645,3
2023,3,1,11,48,臺中市,西屯區,0,0,0,8,,,50,,,,,,,,,,,,,,,26,,,,,B03,,,1,,1,,,26,,1,22,,B03,120.624446,24.178969,3
2023,3,1,11,50,臺中市,北屯區,0,0,0,8,,,40,,,,,,,,,,,,,,,23,,,,,B03,,,1,,1,,,23,,1,22,,B03,120.668113,24.178637,3
2023,3,1,11,52,臺中市,西屯區,0,0,0,8,1,5,40,14,7,1,5,4,5,7,4,4,9,4,4,2,12,7,3,10,1,1,F02,7,7,1,20,8,16,,7,7,1,22,8,F02,120.64448,24.202476,3
2023,3,1,11,56,臺中市,大甲區,0,2,0,8,1,5,30,5,1,1,5,4,5,7,4,4,10,5,5,2,17,14,2,9,1,1,C03,7,9,1,10,2,12,,6,14,1,4,8,C03,120.617724,24.346832,2
2023,3,1,12,0,臺中市,西區,0,1,0,8,1,5,50,3,1,1,5,4,5,7,4,4,5,5,5,2,18,23,2,9,3,4,C03,7,5,1,10,9,14,,23,23,1,21,8,C03,120.655149,24.137653,2
2023,3,1,12,0,臺中市,大甲區,0,2,0,8,1,5,50,4,2,1,5,4,5,7,1,1,5,5,5,1,3,51,2,9,1,1,C03,7,9,1,10,2,11,,23,51,1,4,8,C03,120.624952,24.347659,2
2023,3,1,12,2,臺中市,北區,0,1,0,8,1,5,50,4,1,1,5,4,5,7,4,4,5,5,5,2,15,6,3,10,1,1,C03,7,9,1,9,2,11,,6,6,1,21,8,C03,120.697348,24.15759,2
2023,3,1,12,2,臺中市,南區,0,1,0,8,1,5,50,3,1,1,5,4,5,7,4,4,10,5,5,2,16,6,2,9,1,1,C03,7,5,1,10,2,11,,6,6,1,22,8,C03,120.663123,24.126244,2
2023,3,1,12,4,臺中市,西屯區,0,1,0,8,1,5,30,14,9,1,5,4,5,7,4,4,10,5,5,2,12,19,3,10,3,4,C03,7,1,1,10,2,14,,19,19,1,22,8,C03,120.646498,24.182321,2
2023,3,1,12,5,臺中市,大里區,0,0,0,8,,,50,,,,,,,,,,,,,,,19,,,,,B03,,,1,,2,,,19,,1,5,,B03,120.690168,24.114448,3
2023,3,1,12,6,臺中市,太平區,0,0,0,8,,,50,,,,,,,,,,,,,,,7,,,,,B03,,,1,,2,,,7,,1,22,,B03,120.70699,24.161906,3
2023,3,1,12,8,臺中市,西屯區,0,0,0,8,,,50,,,,,,,,,,,,,,,16,,,,,C03,,,1,,1,,,16,,1,22,,C03,120.645921,24.178835,3
2023,3,1,12,9,臺中市,潭子區,0,1,0,8,1,5,30,3,1,1,5,4,5,7,4,4,9,5,5,2,16,6,3,10,1,1,C03,7,5,1,10,2,11,,6,23,1,22,9,C03,120.699781,24.210318,2
2023,3,1,12,10,臺中市,北區,0,0,0,8,,,50,,,,,,,,,,,,,,,19,,,,,C03,,,1,,2,,,19,,1,18,,C03,120.681535,24.150786,3
2023,3,1,12,10,臺中市,西屯區,0,0,0,8,,,50,,,,,,,,,,,,,,,18,,,,,B03,,,1,,1,,,18,,1,22,,B03,120.618784,24.178083,3
2023,3,1,12,10,臺中市,豐原區,0,2,0,8,1,5,50,4,1,1,5,4,5,7,4,4,4,3,4,2,15,6,2,9,1,1,C03,7,9,1,10,2,12,,6,6,1,22,8,C03,120.717594,24.25274,2
2023,3,1,12,11,臺中市,北區,0,0,0,8,,,50,,,,,,,,,,,,,,,7,,,,,B03,,,1,,2,,,7,,1,22,,B03,120.671848,24.172507,3
2023,3,1,12,11,臺中市,東區,0,2,0,8,1,5,50,4,1,1,5,4,5,7,1,1,10,5,5,2,13,23,2,9,1,1,C03,7,9,1,10,2,11,,23,23,1,5,8,C03,120.697942,24.148013,2
2023,3,1,12,12,臺中市,南屯區,0,2,0,8,1,5,50,3,1,1,5,4,5,7,4,4,10,5,5,2,17,19,2,9,1,1,C03,7,1,1,10,2,15,,19,19,1,22,8,C03,120.643018,24.140021,2
2023,3,1,12,16,臺中市,南屯區,0,2,0,8,1,5,50,14,9,1,5,4,5,7,4,4,5,4,5,2,6,51,2,8,4,5,H01,8,18,8,20,10,16,,51,51,1,20,8,H01,120.649904,24.152566,2
2023,3,1,12,18,臺中市,大里區,0,0,0,8,,,50,,,,,,,,,,,,,,,8,,,,,B03,,,1,,2,,,8,,1,22,,B03,120.714785,24.096493,3
2023,3,1,12,18,臺中市,大肚區,0,1,0,8,1,5,50,3,2,1,5,4,5,7,4,4,5,5,5,1,16,26,2,8,3,4,F03,7,11,8,20,2,16,,26,26,1,22,9,F03,120.579633,24.170263,2
2023,3,1,12,19,臺中市,沙鹿區,0,0,0,8,,,50,,,,,,,,,,,,,,,23,,,,,B03,,,1,,2,,,23,,1,5,,B03,120.562456,24.233421,3
2023,3,1,12,20,臺中市,南區,0,1,0,8,1,5,50,3,1,1,5,4,5,7,4,4,10,5,5,2,16,6,3,10,1,1,B03,7,5,1,8,2,5,,6,6,1,22,8,B03,120.668249,24.118667,2
2023,3,1,12,21,臺中市,西屯區,0,0,0,8,,,30,,,,,,,,,,,,,,,6,,,,,B03,,,1,,2,,,6,,1,22,,B03,120.6201,24.167912,3
2023,3,1,12,21,臺中市,大肚區,0,0,0,8,,,60,,,,,,,,,,,,,,,6,,,,,B03,,,1,,2,,,6,,1,22,,B03,120.582733,24.168472,3
2023,3,1,12,24,臺中市,潭子區,0,0,0,8,,,50,,,,,,,,,,,,,,,17,,,,,A12,,,1,,2,,,17,,1,22,,A12,120.69848,24.216712,3
2023,3,1,12,24,臺中市,烏日區,0,0,0,8,,,50,,,,,,,,,,,,,,,23,,,,,B03,,,1,,2,,,23,,1,21,,B03,120.641703,24.107865,3
2023,3,1,12,26,臺中市,北屯區,0,2,0,8,1,5,50,4,1,1,5,4,5,7,4,4,10,5,5,2,15,6,2,9,1,1,C03,7,9,1,10,2,14,,6,6,1,21,8,C03,120.716926,24.180123,2
2023,3,1,12,30,臺中市,北屯區,0,2,0,8,1,5,40,3,2,1,5,4,5,7,4,4,10,5,5,2,16,8,2,8,1,1,C03,7,5,1,10,2,13,14,8,8,1,22,8,C03,120.670498,24.180323,2
2023,3,1,12,30,臺中市,西屯區,0,0,0,8,,,50,,,,,,,,,,,,,,,60,,,,,,,,,,,,,60,,1,,,,120.618933,24.187523,3
2023,3,1,12,40,臺中市,北屯區,0,1,0,8,1,5,50,14,9,1,5,4,5,7,4,4,5,5,5,2,12,1,3,10,1,1,B03,7,4,1,7,2,2,,1,1,1,22,8,B03,120.676356,24.174137,2
2023,3,1,12,45,臺中市,南屯區,0,0,0,8,,,50,,,,,,,,,,,,,,,19,,,,,B03,,,1,,1,,,19,,1,22,,B03,120.649701,24.149836,3
2023,3,1,12,49,臺中市,北屯區,0,1,0,8,1,5,50,4,1,1,5,4,5,7,1,1,10,5,5,2,16,6,3,10,1,1,B03,7,6,1,8,2,2,,6,6,1,22,8,B03,120.686556,24.195217,2
2023,3,1,12,51,臺中市,大雅區,0,1,0,8,1,5,50,4,1,1,5,4,5,7,1,1,5,5,5,1,17,6,2,7,1,1,C03,7,5,1,10,2,14,,6,6,1,21,8,C03,120.653267,24.225673,2
2023,3,1,12,53,臺中市,霧峰區,0,0,0,8,,,50,,,,,,,,,,,,,,,23,,,,,B03,,,1,,2,,,23,,1,4,,B03,120.679824,24.065003,3
2023,3,1,13,0,臺中市,烏日區,0,0,0,8,,,30,,,,,,,,,,,,,,,12,,,,,B03,,,1,,2,,,12,,1,21,,B03,120.616684,24.113986,3
2023,3,1,13,1,臺中市,西屯區,0,0,0,8,,,50,,,,,,,,,,,,,,,12,,,,,A12,,,1,,1,,,12,,1,22,,A12,120.597551,24.172129,3
2023,3,1,13,5,臺中市,沙鹿區,0,0,0,8,,,40,,,,,,,,,,,,,,,41,,,,,B03,,,1,,2,,,41,,1,22,,B03,120.570054,24.236586,3
2023,3,1,13,8,臺中市,北區,0,0,0,8,,,50,,,,,,,,,,,,,,,23,,,,,B03,,,1,,1,,,23,,1,21,,B03,120.683872,24.148756,3
2023,3,1,13,9,臺中市,北屯區,0,1,0,8,1,5,50,3,1,1,5,4,5,7,4,4,10,5,5,2,16,9,3,10,1,1,C03,7,6,1,10,2,12,,9,9,1,21,8,C03,120.696459,24.182021,2
2023,3,1,13,16,臺中市,北屯區,0,1,0,8,1,5,50,4,1,1,5,4,5,7,2,1,10,5,5,2,16,6,3,10,1,1,B12,7,6,1,6,2,6,,6,6,2,10,4,B12,120.724271,24.169591,2
2023,3,1,13,19,臺中市,南屯區,0,0,0,8,1,5,50,14,9,1,5,4,5,7,4,4,5,2,5,2,14,12,3,10,1,1,B03,7,2,1,3,2,7,,12,12,1,22,8,B03,120.613254,24.13979,3
2023,3,1,13,25,臺中市,大里區,0,0,0,8,1,5,60,4,1,1,5,4,5,7,1,1,1,4,5,1,12,17,,,,,B03,,,1,,2,,,17,,1,22,,B03,120.691723,24.100535,3
2023,3,1,13,31,臺中市,北屯區,0,0,0,8,,,50,,,,,,,,,,,,,,,7,,,,,B03,,,1,,1,,,7,,1,22,,B03,120.673726,24.174072,3
2023,3,1,13,35,臺中市,西屯區,0,1,0,8,1,5,30,3,9,1,5,4,5,7,4,4,10,5,5,2,16,8,3,10,1,1,C03,7,6,1,10,2,11,,44,8,1,22,8,C03,120.593315,24.181054,2
2023,3,1,13,35,臺中市,大里區,0,1,0,8,1,5,50,3,1,1,5,4,5,7,1,1,9,5,4,1,16,9,3,10,1,1,B03,7,6,1,8,2,6,,9,9,1,22,8,B03,120.714708,24.096768,2
2023,3,1,13,36,臺中市,西區,0,0,0,8,,,50,,,,,,,,,,,,,,,40,,,,,A12,,,1,,2,,,40,,1,21,,A12,120.652451,24.146634,3
2023,3,1,13,36,臺中市,西屯區,0,0,0,8,,,50,,,,,,,,,,,,,,,12,,,,,B01,,,1,,1,,,12,,1,22,,B01,120.635098,24.17303,3
2023,3,1,13,39,臺中市,大里區,0,0,0,8,,,50,,,,,,,,,,,,,,,23,,,,,C03,,,1,,2,,,23,,1,4,,C03,120.707947,24.086879,3
2023,3,1,13,43,臺中市,北屯區,0,1,0,8,1,5,50,4,1,1,5,4,5,7,2,1,10,5,5,2,16,6,3,10,1,1,B03,7,6,1,8,2,2,,6,6,1,21,8,B03,120.65784,24.188418,2
2023,3,1,13,43,臺中市,西屯區,0,0,0,8,,,60,,,,,,,,,,,,,,,17,,,,,B03,,,1,,1,,,17,,1,22,,B03,120.627001,24.161546,3
2023,3,1,13,46,臺中市,南區,0,0,0,8,,,30,,,,,,,,,,,,,,,6,,,,,C03,,,1,,2,,,6,,1,22,,C03,120.683904,24.131217,3
2023,3,1,13,47,臺中市,東區,0,2,0,8,1,5,30,4,1,1,5,4,5,7,4,4,10,5,5,2,15,6,2,6,1,1,C03,7,9,1,10,2,11,,6,6,1,21,8,C03,120.688998,24.131856,2
2023,3,1,13,49,臺中市,太平區,0,1,0,8,1,5,50,14,9,1,5,4,5,7,4,4,1,4,5,2,18,23,2,9,3,4,C03,7,9,1,10,2,12,,23,23,1,18,8,C03,120.721505,24.142937,2
2023,3,1,13,50,臺中市,南屯區,0,1,0,8,1,5,50,5,1,1,5,4,4,7,2,1,10,5,5,2,16,26,2,9,1,1,C03,7,5,1,10,2,14,,26,26,1,22,8,C03,120.637724,24.142453,2
2023,3,1,13,50,臺中市,大里區,0,0,0,8,,,40,,,,,,,,,,,,,,,23,,,,,B03,,,1,,2,,,23,,1,5,,B03,120.672185,24.1057,3
2023,3,1,13,53,臺中市,北屯區,0,1,0,8,1,5,50,3,2,1,5,4,5,7,4,4,10,5,4,2,16,6,3,10,1,1,C03,7,9,4,8,2,14,,6,6,1,22,8,C03,120.69313,24.175464,2
2023,3,1,13,54,臺中市,北屯區,0,0,0,8,,,50,,,,,,,,,,,,,,,12,,,,,B12,,,1,,1,,,12,,1,21,,B12,120.719813,24.180797,3
2023,3,1,13,54,臺中市,西屯區,0,0,0,8,,,50,,,,,,,,,,,,,,,26,,,,,B03,,,1,,1,,,26,,1,22,,B03,120.641467,24.168364,3
2023,3,1,13,59,臺中市,大雅區,0,0,0,8,,,30,,,,,,,,,,,,,,,12,,,,,B12,,,1,,2,,,12,,1,22,,B12,120.65788,24.23032,3
2023,3,1,14,0,臺中市,太平區,0,0,0,8,,,30,,,,,,,,,,,,,,,12,,,,,A12,,,1,,2,2,,12,12,1,22,,A12,120.709304,24.112902,3
2023,3,1,14,1,臺中市,太平區,0,0,0,8,,,30,,,,,,,,,,,,,,,19,,,,,B12,,,1,,2,,,19,,1,21,,B12,120.712052,24.132777,3
2023,3,1,14,3,臺中市,沙鹿區,0,0,0,8,,,60,,,,,,,,,,,,,,,23,,,,,B12,,,1,,1,,,23,,1,22,,B12,120.597591,24.249998,3
2023,3,1,14,8,臺中市,南區,0,0,0,,,,50,,,,,,,,,,,,,,,23,,,,,B03,,,1,,2,,,23,,1,5,,B03,120.669984,24.114088,3
2023,3,1,14,9,臺中市,龍井區,0,1,0,8,1,5,30,4,1,1,5,4,5,7,4,4,10,5,5,2,15,6,2,9,1,1,C03,7,9,1,10,2,11,,6,6,1,9,5,C03,120.518891,24.220764,2
2023,3,1,14,15,臺中市,北屯區,0,0,0,8,,,50,,,,,,,,,,,,,,,23,,,,,B03,,,1,,1,,,23,,1,22,,B03,120.676181,24.199402,3
2023,3,1,14,18,臺中市,新社區,0,1,0,8,1,5,30,4,1,1,5,4,5,3,4,4,10,4,4,2,16,6,2,8,1,1,C03,7,9,1,10,2,12,,6,6,1,22,9,C03,120.82015,24.206132,2
2023,3,1,14,20,臺中市,西屯區,0,0,0,8,,,40,,,,,,,,,,,,,,,42,,,,,C03,,,1,,1,,,42,,1,22,,C03,120.658513,24.175911,3
2023,3,1,14,23,臺中市,西屯區,0,0,0,8,,,50,,,,,,,,,,,,,,,17,,,,,B12,,,1,,1,,,17,,1,22,,B12,120.621445,24.181932,3
2023,3,1,14,23,臺中市,霧峰區,0,1,0,8,1,5,50,4,1,1,5,4,5,7,1,1,9,5,5,2,13,23,3,10,1,1,C03,7,9,1,10,2,11,,23,23,1,22,8,C03,120.700511,24.061441,2
2023,3,1,14,24,臺中市,太平區,0,0,0,,,,40,,,,,,,,,,,,,,,17,,,,,B12,,,1,,2,,,17,,1,22,,B12,120.718547,24.154008,3
2023,3,1,14,24,臺中市,大甲區,0,1,0,8,1,5,70,4,1,1,5,4,5,7,1,1,10,5,5,2,15,25,3,10,1,1,A12,7,9,1,7,2,5,,25,25,1,4,8,A12,120.645646,24.398166,2
2023,3,1,14,27,臺中市,神岡區,0,2,0,8,1,5,50,15,9,1,5,4,5,7,4,4,5,5,5,1,17,19,2,9,1,1,C03,7,1,3,18,2,14,,19,19,1,22,8,C03,120.680263,24.266452,2
2023,3,1,14,28,臺中市,龍井區,0,0,0,8,,,30,,,,,,,,,,,,,,,17,,,,,B03,,,1,,2,,,17,,1,22,,B03,120.579496,24.180588,3
2023,3,1,14,34,臺中市,北區,0,0,0,8,,,50,,,,,,,,,,,,,,,23,,,,,B03,,,1,,1,,,23,,1,21,,B03,120.679509,24.15751,3
2023,3,1,14,36,臺中市,南屯區,0,1,0,8,1,5,50,4,2,1,5,4,5,7,2,1,3,4,5,2,13,23,2,9,1,4,F01,7,9,8,20,2,16,,23,23,1,22,8,F01,120.649827,24.148829,2
2023,3,1,14,37,臺中市,北區,0,0,0,8,,,50,,,,,,,,,,,,,,,7,,,,,B03,,,1,,1,,,7,,1,5,,B03,120.69029,24.156471,3
2023,3,1,14,50,臺中市,西屯區,0,0,0,,,,50,,,,,,,,,,,,,,,44,,,,,B03,,,1,,1,,,44,,1,22,,B03,120.639414,24.188611,3
2023,3,1,14,51,臺中市,豐原區,0,0,0,8,,,50,,,,,,,,,,,,,,,18,,,,,B12,,,1,,2,,,18,,1,4,,B12,120.698905,24.246608,3
2023,3,1,14,53,臺中市,西屯區,0,2,0,8,1,5,30,4,1,1,5,4,5,7,4,4,10,5,5,2,15,6,2,9,3,4,C03,7,9,1,10,2,13,,6,6,1,22,8,C03,120.64711,24.185286,2
2023,3,1,15,0,臺中市,西屯區,0,0,0,8,,,40,,,,,,,,,,,,,,,12,,,,,B02,,,6,,11,,,12,,2,21,,B02,120.654843,24.161266,3
2023,3,1,15,1,臺中市,北區,0,2,0,8,1,5,50,4,1,1,5,4,5,7,4,4,10,5,5,2,15,6,3,10,1,1,C03,7,9,1,10,2,12,,6,6,1,22,8,C03,120.678733,24.158547,2
2023,3,1,15,1,臺中市,太平區,0,1,0,8,1,5,40,14,8,1,5,4,5,7,4,4,8,5,4,1,9,23,2,9,3,4,C03,7,9,1,10,2,12,,23,23,1,20,8,C03,120.728695,24.097531,2
2023,3,1,15,3,臺中市,北屯區,0,1,0,8,1,5,40,14,7,1,5,4,5,7,4,4,4,3,4,2,16,23,2,9,1,1,C03,7,7,3,18,2,14,,23,23,1,21,8,C03,120.683042,24.193721,2
2023,3,1,15,5,臺中市,北屯區,0,0,0,8,,,50,,,,,,,,,,,,,,,23,,,,,B03,,,3,,2,,,23,,1,20,,B03,120.7001,24.164,3
2023,3,1,15,5,臺中市,清水區,0,0,0,8,,,30,,,,,,,,,,,,,,,19,,,,,B03,,,1,,2,,,19,,1,21,,B03,120.564177,24.311065,3
2023,3,1,15,5,臺中市,石岡區,0,1,0,8,1,5,70,4,2,1,5,4,5,7,1,1,3,2,5,1,13,16,2,9,1,1,C01,7,5,4,10,2,11,,16,16,1,21,9,C01,120.774119,24.274842,2
2023,3,1,15,10,臺中市,北區,0,0,0,,,,40,,,,,,,,,,,,,,,23,,,,,A12,,,1,,1,,,23,,1,5,,A12,120.680011,24.157753,3
2023,3,1,15,11,臺中市,北屯區,0,0,0,,,,50,,,,,,,,,,,,,,,23,,,,,B03,,,1,,2,,,23,,1,21,,B03,120.69402,24.161178,3
2023,3,1,15,15,臺中市,大里區,0,0,0,8,,,40,,,,,,,,,,,,,,,16,,,,,A41,,,1,,2,,,16,,1,10,,A41,120.700284,24.11846,3
2023,3,1,15,15,臺中市,沙鹿區,0,1,0,8,1,5,40,4,1,1,5,4,5,7,2,1,10,5,5,2,16,8,3,10,1,1,C03,7,5,6,18,5,12,,8,8,1,11,1,C03,120.597463,24.250547,2
2023,3,1,15,16,臺中市,大甲區,0,0,0,8,1,5,40,4,1,1,5,4,5,7,4,4,9,4,5,1,15,6,3,10,3,1,B12,7,9,1,8,2,5,,6,6,1,22,1,B12,120.62094,24.352631,3
2023,3,1,15,19,臺中市,西區,0,0,0,8,1,5,50,4,1,1,5,4,5,7,1,1,1,5,5,2,13,16,,,,,B01,,,1,,1,,,16,,1,21,,B01,120.674976,24.149158,3
2023,3,1,15,24,臺中市,豐原區,0,1,0,8,1,5,50,3,2,1,5,4,5,7,4,4,4,3,4,2,12,6,2,9,1,1,C04,7,10,1,10,2,14,,6,6,1,22,8,C04,120.716121,24.251686,2
2023,3,1,15,27,臺中市,西屯區,0,1,0,8,1,5,40,5,1,1,5,4,5,7,2,1,10,5,5,2,16,6,3,10,1,1,C03,7,6,1,10,2,12,,6,6,1,22,8,C03,120.643643,24.165818,2
2023,3,1,15,28,臺中市,豐原區,0,1,0,8,1,5,30,14,9,1,5,4,5,7,4,4,10,5,5,2,17,23,3,10,1,1,B03,7,9,1,8,2,2,,23,23,1,22,8,B03,120.707876,24.245311,2
2023,3,1,15,30,臺中市,北屯區,0,0,0,8,,,60,,,,,,,,,,,,,,,42,,,,,B12,,,1,,2,,,42,42,1,5,,B12,120.675306,24.200895,3
2023,3,1,15,32,臺中市,霧峰區,0,3,0,8,1,5,50,14,9,1,5,4,5,7,4,4,1,4,4,1,16,11,2,9,3,4,C03,7,11,1,10,2,11,,11,11,1,22,8,C03,120.691968,24.044538,2
2023,3,1,15,35,臺中市,北屯區,0,0,0,8,,,50,,,,,,,,,,,,,,,42,,,,,B03,,,1,,1,,,42,,1,21,,B03,120.737276,24.17845,3
2023,3,1,15,35,臺中市,北屯區,0,0,0,6,,,50,,,,,,,,,,,,,,,16,,,,,B03,,9,1,8,1,1,,16,16,1,21,8,B03,120.715232,24.164275,3
2023,3,1,15,36,臺中市,東區,0,0,0,,,,50,,,,,,,,,,,,,,,42,,,,,B03,,,1,,2,,,42,,1,22,,B03,120.695969,24.140974,3
2023,3,1,15,37,臺中市,北區,0,0,0,8,,,50,,,,,,,,,,,,,,,12,,,,,B03,,,1,,11,,,12,,1,22,,B03,120.681397,24.150415,3
2023,3,1,15,40,臺中市,潭子區,0,1,0,8,1,5,30,4,2,1,5,4,5,7,4,4,10,4,5,2,16,6,3,10,1,1,B12,7,6,1,8,2,1,,6,6,1,22,8,B12,120.706393,24.209139,2
2023,3,1,15,40,臺中市,南屯區,0,0,0,8,1,5,50,4,2,1,5,4,5,7,4,4,5,4,5,2,17,42,3,10,1,1,A12,7,14,1,7,2,2,,42,42,1,22,8,A12,120.644754,24.138048,3
2023,3,1,15,44,臺中市,西屯區,0,1,0,8,1,5,50,14,8,1,5,4,5,7,4,4,1,4,1,2,13,23,2,9,1,1,C03,7,9,2,18,2,11,,23,23,1,22,8,C03,120.646105,24.196061,2
2023,3,1,15,46,臺中市,霧峰區,0,1,0,8,1,5,50,14,9,1,5,4,5,7,4,4,9,4,5,1,16,10,3,10,1,1,B12,7,11,1,8,2,8,,10,10,1,9,9,B12,120.711021,24.074816,2
2023,3,1,15,47,臺中市,西區,0,1,0,8,1,5,50,4,1,1,5,4,5,7,4,4,10,5,5,2,17,42,3,10,1,1,B03,7,6,1,8,2,5,,42,42,1,21,8,B03,120.671056,24.135949,2
2023,3,1,15,50,臺中市,南區,0,0,0,8,1,5,50,3,1,1,5,4,5,7,4,4,1,5,5,2,13,23,3,10,1,1,B03,7,9,1,8,2,1,,23,23,1,22,8,B03,120.66228,24.120862,3