年,月,日,時,分,縣市,區,死,受傷,2-30,天候,光線,道路類別,速限,道路型態,事故位置,路面鋪裝,路面狀態,路面缺陷,障礙物,視距,號誌種類,號誌動作,分向設施,快車道或一般車道間,快慢車道間,路面邊線,事故類型及型態,主要肇因,受傷程度,主要傷處,保護裝備,行動電話,當事者區分,車輛用途,當事者行動狀態,駕駛資格情形,駕駛執照種類,飲酒情形,車輛撞擊部位最初,車輛撞擊部位其他,肇事因素個別,肇事因素主要,肇事逃逸,職業,旅次目的,車種,GPS緯度,GPS經度,事故類別
2023,3,1,15,52,臺中市,豐原區,0,0,0,8,,,50,,,,,,,,,,,,,,,16,,,,,C03,,,1,,2,,,16,,1,19,,C03,120.708943,24.250251,4
2023,3,1,15,55,臺中市,南屯區,0,1,0,8,1,5,50,3,1,1,5,4,5,7,4,4,10,5,5,2,12,9,3,10,1,1,B03,7,6,1,8,2,2,,9,9,1,22,8,B03,120.634034,24.155234,2
2023,3,1,15,58,臺中市,大里區,0,1,0,8,1,5,50,4,1,1,5,4,5,7,2,1,5,4,4,1,12,7,3,10,1,1,C03,7,8,1,10,2,12,,7,7,1,5,8,C03,120.689681,24.115268,2
2023,3,1,16,3,臺中市,西屯區,0,0,0,8,,,50,,,,,,,,,,,,,,,17,,,,,B03,,,1,,1,,,17,,1,22,,B03,120.628867,24.162746,3
2023,3,1,16,10,臺中市,大肚區,0,0,0,8,,,50,,,,,,,,,,,,,,,26,,,,,B11,,,1,,2,,,26,,1,21,,B11,120.544602,24.152609,3
2023,3,1,16,11,臺中市,大甲區,0,1,0,8,1,5,50,5,1,1,5,4,5,7,1,1,10,5,5,2,16,8,3,10,1,1,B03,7,5,1,8,2,1,,8,8,1,4,1,B03,120.62208,24.344111,2
2023,3,1,16,13,臺中市,豐原區,0,2,0,8,1,5,50,14,9,1,5,4,5,7,4,4,4,5,5,2,13,16,2,8,1,1,C03,7,9,1,10,2,11,,16,16,1,4,1,C03,120.715422,24.242077,2
2023,3,1,16,15,臺中市,大雅區,0,1,0,8,1,5,50,3,1,1,5,4,5,7,1,1,1,4,5,1,17,23,2,9,1,1,C03,7,6,1,10,2,15,,23,23,1,22,9,C03,120.614036,24.215163,2
2023,3,1,16,17,臺中市,梧棲區,0,1,0,8,1,5,40,3,1,1,5,4,5,7,1,1,10,5,5,2,16,25,2,9,1,1,C03,7,9,1,10,2,11,,25,25,1,22,8,C03,120.527191,24.259252,2
2023,3,1,16,20,臺中市,南區,0,0,0,8,1,5,50,4,2,1,5,4,5,7,2,1,1,4,4,2,16,23,,,,,B03,,,1,,9,,,23,,2,5,,B03,120.657056,24.116932,3
2023,3,1,16,24,臺中市,北屯區,0,1,0,8,1,5,50,4,1,1,5,4,5,7,2,1,10,5,5,2,18,13,2,9,1,1,C03,7,9,1,10,2,14,,13,13,1,5,8,C03,120.690387,24.185464,2
2023,3,1,16,25,臺中市,大里區,0,0,0,8,,,50,,,,,,,,,,,,,,,7,,,,,C03,,,3,,2,,,7,,1,9,,C03,120.688778,24.103177,3
2023,3,1,16,27,臺中市,北屯區,0,0,0,8,,,40,,,,,,,,,,,,,,,23,,,,,C03,,,1,,1,,,23,23,1,21,,C03,120.667185,24.178179,3
2023,3,1,16,29,臺中市,北屯區,0,0,0,6,,,50,,,,,,,,,,,,,,,26,,,,,B03,,9,1,8,2,6,,26,26,1,21,8,B03,120.685922,24.177426,3
2023,3,1,16,30,臺中市,后里區,0,1,0,8,1,5,30,3,1,1,5,4,5,7,4,4,9,5,5,1,16,6,2,3,1,1,B03,7,6,1,8,2,8,,6,6,1,21,8,B03,120.692595,24.304786,2
2023,3,1,16,31,臺中市,梧棲區,0,1,0,8,1,5,70,4,1,1,5,4,5,7,1,1,10,5,5,2,13,42,3,10,1,1,B03,7,9,1,8,2,8,,42,42,1,3,8,B03,120.549611,24.239359,2
2023,3,1,16,32,臺中市,南屯區,0,2,0,8,1,5,50,14,9,1,5,4,5,7,4,4,1,4,5,2,13,16,2,9,1,1,C03,7,9,1,10,2,11,,16,16,1,22,8,C03,120.62192,24.145262,2
2023,3,1,16,33,臺中市,南屯區,0,0,0,8,,,50,,,,,,,,,,,,,,,23,,,,,B03,,,1,,2,,,23,,1,22,,B03,120.639306,24.14121,3
2023,3,1,16,35,臺中市,太平區,0,0,0,8,,,30,,,,,,,,,,,,,,,42,,,,,C03,,,1,,2,11,12,42,42,1,22,,C03,120.720199,24.10542,3
2023,3,1,16,39,臺中市,西屯區,0,0,0,,,,50,,,,,,,,,,,,,,,26,,,,,B03,,,1,,2,,,26,26,1,22,,B03,120.643485,24.159979,3
2023,3,1,16,40,臺中市,大雅區,0,0,0,8,,,30,,,,,,,,,,,,,,,12,,,,,A02,,,1,,2,,,12,,1,10,,A02,120.625833,24.230186,3
2023,3,1,16,40,臺中市,大肚區,0,0,0,8,,,50,,,,,,,,,,,,,,,42,,,,,C03,,,1,,2,,,42,,1,4,,C03,120.580728,24.112338,3
2023,3,1,16,42,臺中市,西屯區,0,0,0,8,,,50,,,,,,,,,,,,,,,16,,,,,B03,,,1,,1,,,16,,1,4,,B03,120.637915,24.185706,3
2023,3,1,16,42,臺中市,清水區,0,3,0,8,1,5,30,4,1,1,5,4,5,7,4,4,10,5,5,2,15,6,2,9,1,1,C03,7,9,1,10,2,12,,6,6,1,21,8,C03,120.555599,24.282471,2
2023,3,1,16,44,臺中市,北屯區,0,1,0,8,1,5,50,14,9,1,5,4,1,6,4,4,5,4,5,2,13,16,3,10,1,1,C03,7,9,1,10,2,11,,16,16,1,19,8,C03,120.7286,24.1768,2
2023,3,1,16,45,臺中市,西屯區,0,0,0,8,,,50,,,,,,,,,,,,,,,6,,,,,B03,,,1,,1,,,6,,1,22,,B03,120.615058,24.187546,3
2023,3,1,16,46,臺中市,沙鹿區,0,1,0,8,1,5,50,14,9,1,5,4,5,7,4,4,1,4,5,2,17,7,3,10,3,4,B03,7,8,1,8,2,5,,7,7,1,22,9,B03,120.57488,24.226912,2
2023,3,1,16,47,臺中市,西屯區,0,2,0,8,1,5,50,14,9,1,5,4,5,7,4,4,1,4,5,2,13,16,2,9,1,1,C03,7,9,3,18,2,11,,16,16,1,16,8,C03,120.646872,24.155761,2
2023,3,1,16,48,臺中市,北屯區,0,0,0,8,,,50,,,,,,,,,,,,,,,26,,,,,C03,,,1,,1,,,26,26,1,5,,C03,120.792787,24.205175,3
2023,3,1,16,50,臺中市,北屯區,0,0,0,8,,,50,,,,,,,,,,,,,,,17,,,,,B03,,,1,,1,,,17,,1,21,,B03,120.699479,24.18273,3
2023,3,1,16,53,臺中市,沙鹿區,0,1,0,8,1,5,30,14,9,1,5,4,5,7,4,4,10,5,5,2,18,42,2,9,1,1,C03,7,9,1,10,9,12,,42,42,1,22,8,C03,120.588358,24.213999,2
2023,3,1,16,54,臺中市,大里區,0,1,0,8,1,5,50,13,9,1,5,4,5,7,4,4,5,5,5,2,2,23,3,10,1,1,C03,7,9,2,18,2,11,,23,23,1,15,8,C03,120.687605,24.108851,2
2023,3,1,16,54,臺中市,沙鹿區,0,1,0,8,1,5,50,15,9,1,5,4,5,7,4,4,5,4,4,2,17,10,3,10,1,1,B03,7,11,1,8,2,8,,10,10,1,22,9,B03,120.581975,24.219946,2
2023,3,1,16,56,臺中市,西屯區,0,2,0,8,1,5,50,14,9,1,5,4,5,7,4,4,1,4,5,2,13,23,2,9,3,4,C03,7,9,1,10,2,11,,23,23,1,22,8,C03,120.61573,24.18634,2
2023,3,1,16,58,臺中市,霧峰區,0,1,0,8,1,5,30,14,8,1,5,4,5,7,4,4,5,4,4,1,17,19,3,10,3,4,B03,7,1,1,8,2,4,,19,19,1,21,5,B03,120.699406,24.071803,2
2023,3,1,17,0,臺中市,南區,0,2,0,8,1,5,50,3,1,1,5,4,5,7,1,1,10,5,5,2,16,26,2,8,1,1,C03,7,5,1,10,2,11,,26,26,1,5,8,C03,120.667083,24.129163,2
2023,3,1,17,0,臺中市,北屯區,0,0,0,8,,,50,,,,,,,,,,,,,,,23,,,,,B03,,,1,,1,,,23,,1,21,,B03,120.687615,24.19028,3
2023,3,1,17,0,臺中市,大里區,0,2,0,8,1,5,50,4,1,1,5,4,5,7,2,1,5,5,5,2,16,9,3,10,1,1,F02,7,6,8,20,2,16,,9,9,1,5,8,F02,120.674215,24.114935,2
2023,3,1,17,0,臺中市,大里區,0,1,0,8,2,5,40,3,1,1,5,4,5,7,1,1,10,5,5,2,12,26,2,8,1,1,C03,7,9,1,10,2,11,,26,26,1,20,8,C03,120.695171,24.099545,2
2023,3,1,17,2,臺中市,中區,0,1,0,8,1,5,50,4,2,1,5,4,5,7,1,1,7,4,5,2,16,19,2,9,3,4,C03,7,1,1,10,2,14,,19,19,1,21,8,C03,120.678339,24.139285,2
2023,3,1,17,3,臺中市,西屯區,0,2,0,8,1,5,50,3,1,1,5,4,5,7,2,1,10,5,5,2,16,6,2,9,1,1,C03,7,6,1,10,2,11,,6,6,1,22,8,C03,120.615369,24.183119,2
2023,3,1,17,3,臺中市,西屯區,0,0,0,8,3,5,50,14,9,1,5,4,5,7,4,4,5,4,5,2,13,23,,,,,B03,,,1,,1,,,44,23,1,22,,B03,120.642886,24.199239,3
2023,3,1,17,3,臺中市,西屯區,0,1,0,8,1,5,50,4,1,1,5,4,5,7,1,1,1,4,1,2,16,26,3,10,1,1,B12,7,6,1,8,2,15,,26,26,1,22,8,B12,120.629044,24.206074,2
2023,3,1,17,4,臺中市,大雅區,0,0,0,8,,,50,,,,,,,,,,,,,,,6,,,,,C03,,,1,,1,,,6,6,1,22,,C03,120.658939,24.231401,3
2023,3,1,17,5,臺中市,南區,0,0,0,,,,50,,,,,,,,,,,,,,,23,,,,,B12,,,1,,1,,,23,,1,22,,B12,120.679283,24.119422,3
2023,3,1,17,5,臺中市,南屯區,0,0,0,8,1,5,50,4,1,1,5,4,5,7,2,1,10,5,5,2,16,6,3,10,1,1,C03,7,5,1,10,1,12,,6,6,1,22,8,C03,120.643819,24.137071,3
2023,3,1,17,7,臺中市,大里區,0,1,0,8,1,5,50,4,9,1,5,4,5,7,1,1,10,5,5,2,17,43,2,9,3,4,C03,7,9,2,18,2,12,,43,43,1,22,8,C03,120.701568,24.096122,2
2023,3,1,17,10,臺中市,大里區,0,1,0,8,2,5,50,14,8,1,5,4,5,7,4,4,1,4,5,1,17,42,2,9,1,1,C03,7,9,1,10,2,14,,42,42,1,5,8,C03,120.681431,24.103132,2
2023,3,1,17,10,臺中市,豐原區,0,1,0,8,1,5,50,3,2,1,5,4,5,7,4,4,4,3,4,2,13,16,2,9,1,1,C03,7,9,1,10,2,12,11,16,16,1,22,8,C03,120.699116,24.24798,2
2023,3,1,17,12,臺中市,潭子區,0,1,0,8,1,5,30,14,9,1,5,4,5,7,4,4,10,4,5,1,19,23,2,9,1,1,C03,7,9,3,18,8,15,,23,23,1,22,8,C03,120.693726,24.207968,2
2023,3,1,17,12,臺中市,大里區,0,3,0,8,1,5,50,4,2,1,5,4,5,7,3,1,5,4,5,1,12,26,2,9,1,1,C03,7,7,1,10,2,12,,26,26,1,22,8,C03,120.687375,24.098819,2
2023,3,1,17,12,臺中市,烏日區,0,1,0,8,1,5,30,4,1,1,5,4,5,7,1,1,10,5,5,2,15,25,2,9,1,1,F03,7,9,8,20,2,16,,25,25,1,21,8,F03,120.650992,24.055644,2
2023,3,1,17,12,臺中市,豐原區,0,0,0,8,,,50,,,,,,,,,,,,,,,23,,,,,B03,,,1,,1,,,23,,1,22,,B03,120.712389,24.245787,3
2023,3,1,17,13,臺中市,大里區,0,2,0,8,1,5,50,5,1,1,5,4,5,7,2,1,5,1,5,1,16,8,2,9,1,1,C03,7,5,1,10,2,12,,8,8,1,5,8,C03,120.686323,24.095501,2
2023,3,1,17,16,臺中市,西屯區,0,2,0,8,1,5,50,3,1,1,5,4,5,7,4,4,10,5,5,2,17,42,3,10,3,4,B03,7,5,1,8,2,7,,42,42,1,22,9,B03,120.648301,24.173621,2
2023,3,1,17,17,臺中市,北區,0,0,0,8,1,5,40,3,1,1,5,4,5,7,4,4,1,4,4,2,12,19,3,10,1,1,B03,7,1,1,8,1,8,,19,19,1,5,5,B03,120.677132,24.154938,3
2023,3,1,17,20,臺中市,西屯區,0,1,0,8,1,5,50,4,1,1,5,4,5,7,2,1,10,5,5,2,13,23,3,10,1,1,B03,7,6,1,8,2,5,,23,23,1,21,1,B03,120.63533,24.18213,2
2023,3,1,17,20,臺中市,大里區,0,2,0,8,1,5,40,4,1,1,5,4,5,7,4,4,10,5,5,2,17,23,2,9,3,4,C03,7,9,4,8,11,11,,23,23,1,19,5,C03,120.71366,24.094267,2
2023,3,1,17,24,臺中市,北屯區,0,0,0,8,,,50,,,,,,,,,,,,,,,12,,,,,B03,,,1,,1,,,12,12,1,5,,B03,120.691706,24.169567,3
2023,3,1,17,24,臺中市,梧棲區,0,0,0,8,,,70,,,,,,,,,,,,,,,16,,,,,B03,,,1,,1,,,16,,1,20,,B03,120.555779,24.250164,3
2023,3,1,17,25,臺中市,南區,0,1,0,8,1,5,50,14,7,1,5,4,5,7,4,4,1,4,4,2,17,42,2,9,1,1,C03,7,15,1,10,2,11,,42,42,1,22,8,C03,120.662094,24.122338,2
2023,3,1,17,25,臺中市,南區,0,0,0,8,1,5,50,14,7,1,5,4,5,7,4,4,5,4,5,2,12,7,3,10,1,1,B03,7,9,1,8,2,14,,44,7,1,22,8,B03,120.651725,24.12182,3
2023,3,1,17,25,臺中市,西屯區,0,1,0,8,1,5,40,4,1,1,5,4,5,7,1,1,8,3,4,1,13,23,2,9,1,4,C03,7,9,1,10,2,11,,23,23,1,4,8,C03,120.624458,24.17881,2
2023,3,1,17,30,臺中市,烏日區,0,2,0,8,2,5,50,14,13,1,5,4,5,7,4,4,5,4,5,1,13,23,2,9,1,1,C03,7,9,3,18,2,13,,23,23,1,21,8,C03,120.631265,24.044924,2
2023,3,1,17,31,臺中市,烏日區,0,0,0,8,,,50,,,,,,,,,,,,,,,7,,,,,B03,,,1,,2,,,7,,1,21,,B03,120.643469,24.061706,3
2023,3,1,17,35,臺中市,南屯區,0,0,0,,,,50,,,,,,,,,,,,,,,44,,,,,B03,,,1,,1,,,44,,1,4,,B03,120.654624,24.139395,3
2023,3,1,17,35,臺中市,北屯區,0,1,0,8,2,5,50,4,1,1,5,4,5,7,1,1,10,5,5,2,16,6,3,10,1,1,B03,7,6,1,8,2,2,,6,6,1,21,8,B03,120.663471,24.183321,2
2023,3,1,17,37,臺中市,太平區,0,1,0,8,1,5,50,14,9,1,5,4,5,7,4,4,10,5,5,2,16,10,3,10,1,1,B12,7,11,1,8,2,8,,10,10,1,9,1,B12,120.716387,24.150513,2
2023,3,1,17,37,臺中市,沙鹿區,0,1,0,8,1,5,50,14,9,1,5,4,5,7,4,4,4,4,4,2,17,7,3,10,1,1,B03,7,8,1,8,2,5,,7,7,1,22,9,B03,120.575219,24.2391,2
2023,3,1,17,37,臺中市,豐原區,0,1,0,8,2,5,50,14,13,1,5,4,5,7,4,4,4,5,5,1,2,17,3,10,1,1,C03,7,9,2,18,2,12,,17,17,1,15,5,C03,120.728586,24.245611,2
2023,3,1,17,41,臺中市,太平區,0,1,0,8,1,5,50,14,9,1,5,4,5,7,4,4,10,4,5,2,13,23,2,8,1,1,C03,7,9,1,10,2,14,,23,23,1,5,9,C03,120.712839,24.146532,2
2023,3,1,17,42,臺中市,太平區,0,1,0,8,1,5,50,3,2,1,5,4,5,7,4,4,5,5,4,1,13,16,2,9,3,4,C03,7,9,1,10,2,14,,16,16,1,19,8,C03,120.726636,24.150013,2
2023,3,1,17,43,臺中市,北屯區,0,1,0,8,2,5,50,3,1,1,5,4,5,7,4,4,10,5,5,2,16,6,3,10,1,1,B03,7,5,1,8,2,8,,6,6,1,21,8,B03,120.674041,24.176755,2
2023,3,1,17,44,臺中市,南區,0,2,0,8,2,5,50,3,1,1,5,4,5,7,4,4,9,5,5,2,16,6,3,10,1,1,B03,7,6,1,8,2,6,,6,6,1,5,8,B03,120.674637,24.131983,2
2023,3,1,17,45,臺中市,大雅區,0,1,0,8,1,5,30,4,1,1,5,4,5,7,4,4,10,5,5,2,15,6,2,9,1,1,C02,7,9,1,10,2,11,,6,6,1,21,8,C02,120.656219,24.223192,2
2023,3,1,17,49,臺中市,南區,0,2,0,8,1,5,50,5,1,1,5,4,5,7,4,4,10,5,5,2,15,6,2,1,1,1,C03,7,9,1,10,2,11,12,6,6,1,21,8,C03,120.667026,24.124105,2
2023,3,1,17,50,臺中市,北屯區,0,0,0,8,,,50,,,,,,,,,,,,,,,7,,,,,C03,,,1,,1,,,7,,1,21,,C03,120.739983,24.178763,3
2023,3,1,17,54,臺中市,烏日區,0,2,0,8,1,5,50,4,2,1,5,4,5,7,4,4,5,5,4,2,3,53,2,2,4,5,H01,8,18,8,20,10,16,,53,53,1,14,8,H01,120.637405,24.111198,2
2023,3,1,18,1,臺中市,南區,0,2,0,8,2,5,50,14,9,1,5,4,5,7,4,4,1,5,5,2,17,19,2,8,1,1,C03,7,1,1,10,2,12,,19,19,1,5,8,C03,120.660805,24.119463,2
2023,3,1,18,2,臺中市,南屯區,0,0,0,8,,,50,,,,,,,,,,,,,,,17,,,,,B01,,,1,,2,,,17,,1,22,,B01,120.628112,24.160916,3
2023,3,1,18,13,臺中市,南區,0,1,0,8,2,5,50,4,1,1,5,4,5,7,1,1,10,5,5,2,16,6,3,10,1,1,B03,7,5,1,8,2,2,,6,6,1,5,8,B03,120.653495,24.122737,2
2023,3,1,18,14,臺中市,西屯區,0,1,0,8,3,5,40,14,11,1,5,4,5,7,4,4,1,5,1,2,13,26,3,10,1,4,B03,7,12,1,8,2,7,,26,26,1,22,8,B03,120.634309,24.20409,2
2023,3,1,18,15,臺中市,西區,0,0,0,8,,,50,,,,,,,,,,,,,,,12,,,,,B03,,,1,,1,,,12,,1,5,,B03,120.663722,24.14778,3
2023,3,1,18,15,臺中市,北區,0,1,0,7,3,5,50,4,1,1,5,4,5,7,4,4,10,5,5,2,15,6,2,9,1,1,C03,7,9,1,10,2,12,,6,6,1,5,8,C03,120.684054,24.154645,2
2023,3,1,18,17,臺中市,北屯區,0,0,0,8,,,80,,,,,,,,,,,,,,,16,,,,,B03,,,1,,2,,,16,,1,22,,B03,120.718816,24.163423,3
2023,3,1,18,18,臺中市,南屯區,0,2,0,8,3,5,40,15,22,4,5,4,5,7,4,4,10,5,5,2,9,42,2,8,1,1,C03,7,15,1,10,2,11,,42,42,1,5,8,C03,120.638852,24.142219,2
2023,3,1,18,19,臺中市,新社區,0,1,0,8,3,5,50,4,2,1,5,4,5,1,4,4,5,5,5,1,12,1,2,9,1,1,C03,7,4,1,10,2,14,,1,1,1,21,9,C03,120.803499,24.230952,2
2023,3,1,18,20,臺中市,潭子區,0,1,0,8,3,5,30,4,1,1,5,4,5,7,4,4,5,5,5,1,15,6,2,7,1,1,C03,7,9,1,10,2,12,,6,6,1,22,8,C03,120.703584,24.212269,2
2023,3,1,18,20,臺中市,沙鹿區,0,1,0,8,3,5,50,4,9,1,5,4,5,7,3,1,1,3,4,1,12,9,3,10,1,1,B03,7,6,1,8,2,5,,9,9,1,2,8,B03,120.569717,24.211178,2
2023,3,1,18,25,臺中市,太平區,0,2,0,8,3,5,50,14,9,1,4,4,5,7,4,4,1,4,5,2,16,23,2,9,1,1,C03,7,6,1,10,2,12,,23,23,1,3,1,C03,120.71053,24.138246,2
2023,3,1,18,26,臺中市,西屯區,0,0,0,8,,,50,,,,,,,,,,,,,,,23,,,,,B03,,,1,,1,,,23,,1,22,,B03,120.656295,24.169476,3
2023,3,1,18,27,臺中市,南區,0,2,0,8,3,5,50,4,1,1,5,4,5,7,4,4,10,5,5,2,15,6,2,9,1,1,C03,7,9,1,10,2,11,12,6,6,1,21,8,C03,120.673056,24.125801,2
2023,3,1,18,28,臺中市,中區,0,2,0,8,3,5,50,4,1,1,5,4,5,7,1,1,5,5,5,2,12,17,2,9,3,4,C03,7,9,1,10,2,12,,17,17,1,21,8,C03,120.675824,24.14428,2
2023,3,1,18,30,臺中市,西屯區,0,1,0,8,3,5,50,3,9,1,5,4,5,7,4,4,10,4,5,2,16,17,3,10,3,4,B12,7,9,1,8,1,15,,17,17,1,22,8,B12,120.615613,24.18633,2
2023,3,1,18,33,臺中市,西屯區,0,1,0,8,3,5,50,4,1,1,5,4,5,7,4,4,5,4,5,2,16,23,3,10,1,1,B03,7,5,1,8,2,4,,23,23,1,22,8,B03,120.619114,24.185532,2
2023,3,1,18,39,臺中市,北屯區,0,1,0,8,2,5,50,3,9,1,5,4,5,7,4,4,5,5,5,2,12,6,2,9,1,1,C03,7,5,1,10,2,12,,6,6,1,18,8,C03,120.6993,24.1632,2
2023,3,1,18,40,臺中市,烏日區,0,0,0,8,,,50,,,,,,,,,,,,,,,12,,,,,B02,,,1,,2,,,12,,1,21,,B02,120.640729,24.107507,4
2023,3,1,18,42,臺中市,太平區,0,1,0,8,3,5,50,11,9,1,5,4,5,7,4,4,5,5,5,1,18,23,2,8,3,4,C03,7,9,1,10,2,12,,23,23,1,9,8,C03,120.732271,24.138852,2
2023,3,1,18,43,臺中市,大里區,0,2,0,8,3,5,50,14,9,1,5,4,5,7,4,4,5,5,5,2,12,23,2,8,1,1,C03,7,9,1,10,2,11,,23,23,1,22,8,C03,120.701394,24.10656,2
2023,3,1,18,45,臺中市,西屯區,0,0,0,8,,,50,,,,,,,,,,,,,,,42,,,,,B03,,,1,,1,,,42,,1,22,,B03,120.602377,24.159337,3
2023,3,1,18,50,臺中市,大雅區,0,2,0,8,3,5,50,14,9,1,5,4,5,7,4,4,9,5,5,2,17,23,2,9,1,1,C03,7,9,1,10,2,14,,23,23,1,21,8,C03,120.647571,24.215159,2
2023,3,1,18,50,臺中市,沙鹿區,0,1,0,8,3,5,40,3,2,1,5,4,5,6,4,4,5,4,4,2,17,23,2,9,1,1,C03,7,9,1,10,2,11,,23,23,1,4,9,C03,120.571917,24.207252,2
2023,3,1,18,53,臺中市,東區,0,1,0,8,1,5,50,3,1,1,5,4,5,7,1,1,10,5,5,2,13,23,2,9,1,1,C03,7,9,1,10,2,14,,23,23,1,22,8,C03,120.685897,24.135723,2
2023,3,1,18,56,臺中市,西屯區,0,1,0,8,2,5,50,14,8,1,5,4,5,7,4,4,9,5,4,2,17,23,2,7,3,4,F01,7,9,8,20,1,16,,23,23,1,16,8,F01,120.650218,24.171146,2
2023,3,1,18,58,臺中市,西屯區,0,1,0,8,3,5,50,4,4,1,5,4,5,7,1,1,10,5,5,2,13,23,3,10,1,4,B03,7,9,3,18,2,5,,23,23,1,22,8,B03,120.640517,24.187277,2
2023,3,1,19,0,臺中市,大甲區,0,0,0,8,,,60,,,,,,,,,,,,,,,23,,,,,B03,,,1,,2,,,23,,1,5,,B03,120.617659,24.349903,3
2023,3,1,19,0,臺中市,神岡區,0,0,0,8,,,50,,,,,,,,,,,,,,,23,,,,,B03,,,1,,2,,,23,,1,21,,B03,120.657715,24.277726,3
2023,3,1,19,11,臺中市,南屯區,0,0,0,8,,,50,,,,,,,,,,,,,,,18,,,,,C03,,,4,,2,,,18,,1,22,,C03,120.649287,24.136961,4
2023,3,1,19,12,臺中市,西屯區,0,0,0,8,,,50,,,,,,,,,,,,,,,42,,,,,B03,,,1,,2,,,42,,1,22,,B03,120.624506,24.175655,3
2023,3,1,19,15,臺中市,大里區,0,0,0,8,,,60,,,,,,,,,,,,,,,6,,,,,B12,,,1,,2,,,6,,1,5,,B12,120.68767,24.102465,3
2023,3,1,19,15,臺中市,大肚區,0,1,0,8,3,5,70,14,8,1,5,4,5,7,4,4,1,4,4,1,17,42,3,10,1,1,A12,7,15,1,3,2,7,,42,42,1,10,4,A12,120.555071,24.129508,2
2023,3,1,19,16,臺中市,南區,0,0,0,,,,50,,,,,,,,,,,,,,,4,,,,,B12,,,1,,2,,,4,,1,22,,B12,120.65573,24.128558,3
2023,3,1,19,17,臺中市,豐原區,0,1,0,8,3,5,50,4,1,1,5,4,5,7,2,1,10,5,5,2,12,6,3,10,3,4,B12,7,9,1,8,2,2,,6,6,1,22,8,B12,120.7107,24.250591,2
2023,3,1,19,24,臺中市,大里區,0,1,0,8,1,5,50,4,1,1,5,4,5,7,1,1,5,4,5,2,12,26,2,9,1,1,C03,7,4,1,10,2,12,,26,26,1,22,8,C03,120.694774,24.111463,2
2023,3,1,19,27,臺中市,潭子區,0,0,0,8,,,40,,,,,,,,,,,,,,,17,,,,,B03,,,1,,2,,,17,17,1,22,,B03,120.697671,24.205038,3
2023,3,1,19,30,臺中市,后里區,0,0,0,8,1,5,50,4,2,1,5,4,5,7,1,1,4,3,5,1,16,25,3,10,1,1,B03,7,9,1,8,2,2,,25,25,1,4,8,B03,120.72988,24.331952,3
2023,3,1,19,31,臺中市,神岡區,0,1,0,8,3,5,50,14,9,1,5,4,5,7,4,4,9,5,5,2,27,42,2,9,1,1,C03,7,9,1,9,2,15,,42,42,1,22,1,C03,120.689869,24.243516,2
2023,3,1,19,35,臺中市,霧峰區,0,0,0,8,,,50,,,,,,,,,,,,,,,19,,,,,B03,,,1,,2,,,19,,1,9,,B03,120.76848,24.07693,3
2023,3,1,19,35,臺中市,豐原區,0,1,0,8,4,5,50,4,2,1,5,4,5,7,1,1,4,4,5,2,17,25,3,10,1,1,C03,7,9,1,10,11,15,,25,25,1,22,8,C03,120.723504,24.252139,2
2023,3,1,19,45,臺中市,西區,0,1,0,8,3,5,50,4,1,1,5,4,5,7,1,1,10,4,5,2,17,10,2,9,1,1,C03,7,11,1,10,2,14,,10,10,1,4,1,C03,120.666633,24.146728,2
2023,3,1,19,47,臺中市,北屯區,0,1,0,8,3,5,50,3,1,1,5,4,5,7,4,4,10,5,5,2,17,6,3,10,1,1,C03,7,9,1,10,2,12,,6,6,1,5,8,C03,120.667185,24.178179,2
2023,3,1,19,49,臺中市,北屯區,0,1,0,8,3,5,50,4,1,1,5,4,5,7,1,1,10,5,5,2,17,25,2,9,1,1,C03,7,5,1,10,2,12,,25,25,1,21,8,C03,120.733316,24.161155,2
2023,3,1,19,50,臺中市,大雅區,0,0,0,8,,,50,,,,,,,,,,,,,,,23,,,,,B03,,,1,,1,,,23,,1,22,,B03,120.648212,24.223301,3
2023,3,1,19,52,臺中市,西屯區,0,1,0,8,3,5,50,3,1,1,5,4,5,7,4,4,10,5,5,2,13,23,2,9,1,1,C03,7,9,1,10,1,11,,23,23,1,22,8,C03,120.641444,24.183672,2
2023,3,1,19,53,臺中市,北屯區,0,1,0,8,3,5,30,14,9,1,5,3,5,7,4,4,10,5,5,2,18,23,2,9,1,1,C03,7,1,1,10,2,12,,23,23,1,22,8,C03,120.733631,24.173208,2
2023,3,1,19,56,臺中市,龍井區,0,0,0,8,,,50,,,,,,,,,,,,,,,6,,,,,B03,,,1,,2,,,6,,1,5,,B03,120.563172,24.200035,3
2023,3,1,20,3,臺中市,東勢區,0,0,0,8,,,50,,,,,,,,,,,,,,,12,,,,,B12,,,1,,9,,,12,,1,22,,B12,120.831002,24.249498,3
2023,3,1,20,8,臺中市,西區,0,1,0,8,3,5,50,4,2,1,5,4,5,7,1,1,10,5,5,2,17,42,2,9,3,4,C03,7,9,1,10,2,14,,42,42,1,21,8,C03,120.670485,24.133675,2
2023,3,1,20,12,臺中市,龍井區,0,2,0,8,3,5,50,14,9,1,5,4,5,7,4,4,9,4,5,1,16,1,2,9,1,1,C03,7,4,1,10,2,11,,1,1,1,22,8,C03,120.586434,24.190285,2