年,月,日,時,分,縣市,區,死,受傷,2-30,天候,光線,道路類別,速限,道路型態,事故位置,路面鋪裝,路面狀態,路面缺陷,障礙物,視距,號誌種類,號誌動作,分向設施,快車道或一般車道間,快慢車道間,路面邊線,事故類型及型態,主要肇因,受傷程度,主要傷處,保護裝備,行動電話,當事者區分,車輛用途,當事者行動狀態,駕駛資格情形,駕駛執照種類,飲酒情形,車輛撞擊部位最初,車輛撞擊部位其他,肇事因素個別,肇事因素主要,肇事逃逸,職業,旅次目的,車種,GPS緯度,GPS經度,事故類別
2023,3,2,9,56,臺中市,西屯區,0,2,0,8,1,5,50,3,1,1,5,4,5,7,4,4,5,3,5,2,13,23,2,9,1,1,C03,7,9,1,10,2,11,,23,23,1,22,9,C03,120.642941,24.188064,2
2023,3,2,9,56,臺中市,西屯區,0,1,0,8,1,5,50,14,7,1,5,4,5,7,4,4,5,5,4,2,17,43,3,10,3,4,C03,7,11,1,10,2,15,,43,43,1,22,8,C03,120.658008,24.167175,2
2023,3,2,10,0,臺中市,外埔區,0,0,0,8,1,5,50,14,9,1,5,4,5,7,4,4,5,5,4,2,12,17,,,,,A12,,,1,,2,,,17,,1,10,,A12,120.652725,24.329617,3
2023,3,2,10,2,臺中市,南屯區,0,1,0,8,1,5,50,3,1,1,5,4,5,7,1,1,10,5,5,2,16,26,2,9,3,4,C03,7,9,1,10,5,12,,26,26,1,12,8,C03,120.609883,24.140483,2
2023,3,2,10,4,臺中市,南區,0,1,0,8,1,5,50,14,9,1,5,4,5,7,4,4,1,4,5,2,17,19,3,10,1,1,B03,7,1,1,8,1,5,,19,19,1,5,8,B03,120.678262,24.128857,2
2023,3,2,10,22,臺中市,梧棲區,0,0,0,8,,,50,,,,,,,,,,,,,,,19,,,,,B12,,,1,,11,,,19,,1,3,,B12,120.539714,24.253024,3
2023,3,2,10,25,臺中市,西屯區,0,0,0,8,,,50,,,,,,,,,,,,,,,16,,,,,B02,,,1,,1,,,16,,1,22,,B02,120.635151,24.172617,3
2023,3,2,10,34,臺中市,西屯區,0,0,0,8,,,50,,,,,,,,,,,,,,,23,,,,,B03,,,1,,2,,,23,,1,22,,B03,120.659893,24.161426,3
2023,3,2,10,36,臺中市,西屯區,0,2,0,8,1,5,40,14,8,1,5,4,5,7,4,4,1,5,5,2,16,23,2,9,1,1,C03,7,9,1,10,2,11,,23,23,1,22,8,C03,120.614593,24.183081,2
2023,3,2,10,40,臺中市,南區,0,1,0,8,1,5,50,3,1,1,5,4,5,7,4,4,3,4,5,2,16,6,3,10,1,1,B03,7,6,1,8,2,6,,6,6,1,22,8,B03,120.670397,24.126675,2
2023,3,2,10,44,臺中市,南區,0,0,0,8,,,50,,,,,,,,,,,,,,,23,,,,,B12,,,1,,2,,,23,,1,22,,B12,120.654167,24.116536,3
2023,3,2,10,49,臺中市,南屯區,0,1,0,8,1,5,50,4,1,1,5,4,5,7,4,4,10,5,5,2,15,6,3,10,1,1,B03,7,9,1,8,2,4,,6,6,1,22,8,B03,120.652076,24.142641,2
2023,3,2,10,52,臺中市,南區,0,2,0,8,1,5,40,4,1,1,5,4,5,7,2,1,10,5,5,2,15,25,2,9,1,1,C03,7,9,1,10,2,12,,25,25,1,21,8,C03,120.650576,24.120293,2
2023,3,2,10,57,臺中市,北屯區,0,0,0,8,,,50,,,,,,,,,,,,,,,12,,,,,B12,,,1,,1,,,12,,1,22,,B12,120.726313,24.165133,3
2023,3,2,10,58,臺中市,南區,0,2,0,8,1,5,50,14,9,1,5,4,5,7,4,4,10,5,5,2,17,19,2,9,1,1,C03,7,1,1,10,2,11,,19,19,1,20,8,C03,120.66059,24.131444,2
2023,3,2,11,1,臺中市,北屯區,0,2,0,8,1,5,40,14,8,1,5,4,5,7,4,4,3,4,4,2,12,16,2,9,1,1,C03,7,9,1,10,2,12,,16,16,1,22,8,C03,120.686561,24.203323,2
2023,3,2,11,6,臺中市,南屯區,0,1,0,8,1,5,60,5,1,1,5,4,5,7,2,1,10,5,5,2,23,23,2,7,1,1,B12,7,9,1,8,2,5,,23,23,1,22,8,B12,120.633248,24.124221,2
2023,3,2,11,9,臺中市,北區,0,1,0,8,1,5,50,4,2,1,5,4,5,7,2,1,3,5,5,2,16,17,3,10,1,1,B01,7,9,1,8,2,2,,17,17,1,10,3,B01,120.670529,24.162837,2
2023,3,2,11,10,臺中市,西屯區,0,1,0,8,1,5,50,14,9,1,5,4,5,7,4,4,1,4,5,2,17,23,3,10,4,1,G03,7,9,1,8,2,1,,23,23,1,22,5,G03,120.657198,24.189641,2
2023,3,2,11,12,臺中市,烏日區,0,1,0,8,1,5,50,14,7,1,5,4,5,7,4,4,5,5,4,2,18,23,2,9,1,1,C03,7,9,1,10,2,11,14,23,23,1,21,8,C03,120.635659,24.110178,2
2023,3,2,11,13,臺中市,西區,0,0,0,8,1,5,50,4,1,1,5,4,5,7,1,1,10,5,5,2,13,23,,,,,B03,,,1,,1,,,23,,1,4,,B03,120.65777,24.15806,3
2023,3,2,11,14,臺中市,沙鹿區,0,1,0,8,1,5,50,3,1,1,5,4,5,7,4,4,9,5,5,1,10,42,2,9,1,1,C03,7,9,1,10,2,11,,42,42,1,19,8,C03,120.569634,24.244569,2
2023,3,2,11,15,臺中市,東區,0,0,0,8,,,50,,,,,,,,,,,,,,,23,,,,,B03,,,1,,2,,,23,,1,22,,B03,120.694353,24.147134,3
2023,3,2,11,15,臺中市,東區,0,1,0,8,1,5,50,3,1,1,5,4,5,7,4,4,10,5,5,2,18,23,2,9,1,1,C03,7,5,1,10,2,14,,23,23,1,22,8,C03,120.698153,24.140222,2
2023,3,2,11,15,臺中市,后里區,0,0,0,8,1,5,50,14,9,1,5,4,5,7,4,4,5,5,4,2,14,12,,,,,B03,,,1,,1,,,12,,1,9,,B03,120.712783,24.310349,3
2023,3,2,11,16,臺中市,西屯區,0,1,0,8,1,5,30,3,1,1,5,4,5,7,4,4,5,4,5,2,16,8,2,8,1,1,C03,7,5,1,10,2,12,,8,8,1,22,9,C03,120.648315,24.174876,2
2023,3,2,11,16,臺中市,豐原區,0,0,0,8,,,50,,,,,,,,,,,,,,,23,,,,,B03,,,1,,9,,,23,,1,22,,B03,120.723062,24.251179,3
2023,3,2,11,17,臺中市,北屯區,0,0,0,8,,,40,,,,,,,,,,,,,,,23,,,,,A05,,,1,,1,,,23,,1,5,,A05,120.688793,24.170686,3
2023,3,2,11,20,臺中市,中區,0,1,0,8,1,5,50,14,9,1,5,4,5,7,4,4,7,2,5,2,13,16,2,9,3,4,C03,7,9,1,10,2,11,,16,16,1,22,5,C03,120.682155,24.142889,2
2023,3,2,11,20,臺中市,烏日區,0,1,0,8,1,5,50,4,1,1,5,4,5,7,2,1,1,4,4,2,17,10,3,10,1,1,B03,7,11,1,8,2,5,,10,10,1,21,8,B03,120.61553,24.11295,2
2023,3,2,11,20,臺中市,清水區,0,0,0,8,,,40,,,,,,,,,,,,,,,16,,,,,A41,,,1,,2,,,16,,1,21,,A41,120.540185,24.289216,3
2023,3,2,11,21,臺中市,大里區,0,0,0,8,,,50,,,,,,,,,,,,,,,12,,,,,B03,,,1,,2,,,12,,1,5,,B03,120.658285,24.094275,3
2023,3,2,11,22,臺中市,北屯區,0,1,0,8,1,5,50,14,9,1,5,4,5,7,1,1,1,4,5,2,13,23,3,10,1,1,C03,7,9,1,10,1,11,,23,23,1,22,8,C03,120.694013,24.183084,2
2023,3,2,11,22,臺中市,太平區,0,1,0,8,1,5,50,3,7,1,5,4,5,7,4,4,5,4,4,1,12,23,2,9,1,1,C03,7,15,1,10,2,11,12,23,23,1,22,8,C03,120.717829,24.148793,2
2023,3,2,11,26,臺中市,北區,0,1,0,8,1,5,50,3,1,1,5,4,5,7,4,4,10,5,5,2,18,23,2,8,1,1,C03,7,9,1,10,2,14,,23,23,1,21,8,C03,120.671994,24.167984,2
2023,3,2,11,26,臺中市,沙鹿區,0,0,0,8,,,50,,,,,,,,,,,,,,,12,,,,,B03,,,1,,2,,,12,,1,22,,B03,120.564243,24.248953,3
2023,3,2,11,27,臺中市,太平區,0,2,0,8,1,5,50,5,1,1,5,4,5,7,1,1,10,5,5,2,16,25,2,9,1,1,C03,7,9,1,10,2,11,,25,25,1,22,8,C03,120.733597,24.155577,2
2023,3,2,11,35,臺中市,烏日區,0,0,0,8,,,50,,,,,,,,,,,,,,,16,,,,,B03,,,1,,2,,,16,,1,22,,B03,120.607239,24.108941,3
2023,3,2,11,38,臺中市,大甲區,0,1,0,8,1,5,50,14,9,1,5,4,5,7,4,4,5,5,5,1,13,41,3,10,1,2,B03,7,9,1,8,2,5,,41,41,1,4,8,B03,120.627257,24.350879,2
2023,3,2,11,42,臺中市,霧峰區,0,1,0,8,1,5,40,14,8,1,5,4,5,7,4,4,1,4,4,1,18,22,2,9,1,1,C03,7,9,1,10,2,11,,22,22,1,4,8,C03,120.695646,24.032026,2
2023,3,2,11,44,臺中市,西區,0,0,0,8,,,50,,,,,,,,,,,,,,,23,,,,,B12,,,1,,1,,,23,,1,22,,B12,120.658502,24.155427,3
2023,3,2,11,49,臺中市,北區,0,0,0,,,,50,,,,,,,,,,,,,,,17,,,,,B03,,,1,,11,,,17,,1,22,,B03,120.678344,24.162541,3
2023,3,2,11,49,臺中市,西屯區,0,1,0,8,1,5,50,4,1,1,5,4,5,7,4,4,5,4,4,2,16,6,3,10,3,4,B12,7,6,1,8,2,2,,6,6,1,22,8,B12,120.641446,24.160884,2
2023,3,2,11,52,臺中市,龍井區,0,1,0,8,1,5,70,11,7,1,5,4,5,7,4,4,1,4,1,1,23,23,2,9,3,4,A31,7,9,1,1,2,1,,23,43,1,10,4,A31,120.505988,24.202983,2
2023,3,2,11,54,臺中市,西區,0,0,0,8,,,30,,,,,,,,,,,,,,,6,,,,,C03,,,1,,1,,,6,,1,22,,C03,120.664907,24.138875,3
2023,3,2,11,54,臺中市,西區,0,1,0,8,1,5,50,4,1,1,5,4,5,7,1,1,10,5,5,2,18,23,2,9,3,4,C03,7,9,1,10,2,12,,23,23,1,22,5,C03,120.661687,24.146708,2
2023,3,2,12,0,臺中市,南屯區,0,0,0,8,,,50,,,,,,,,,,,,,,,19,,,,,B03,,,1,,1,,,19,,1,22,,B03,120.63372,24.1478,3
2023,3,2,12,1,臺中市,西屯區,0,1,0,8,1,5,50,4,1,1,5,4,5,7,1,1,10,5,5,2,3,15,3,10,3,4,B01,7,5,1,4,2,8,,15,15,1,22,8,B01,120.642466,24.175241,2
2023,3,2,12,3,臺中市,豐原區,0,2,0,8,1,5,50,4,1,1,5,4,5,7,4,4,10,5,5,2,15,6,2,9,1,1,C03,7,9,1,10,2,12,,6,6,1,22,8,C03,120.750139,24.271766,2
2023,3,2,12,4,臺中市,梧棲區,0,0,0,,,,0,,,,,,,,,,,,,,,12,,,,,B12,,,1,,2,,,12,,1,3,,B12,120.514349,24.229286,3
2023,3,2,12,5,臺中市,北屯區,0,0,0,8,,,50,,,,,,,,,,,,,,,23,,,,,B03,,,1,,1,,,23,,1,22,,B03,120.686152,24.17182,3
2023,3,2,12,13,臺中市,南屯區,0,1,0,8,1,5,40,4,1,1,5,4,5,7,1,1,5,4,3,2,17,16,2,9,1,1,C03,7,9,1,10,2,11,,16,16,1,22,8,C03,120.62339,24.1497,2
2023,3,2,12,18,臺中市,西屯區,0,2,0,8,1,5,40,4,2,1,5,4,5,7,2,1,10,5,5,2,13,16,2,9,3,4,C03,7,9,1,10,2,11,,16,16,1,22,8,C03,120.65589,24.170451,2
2023,3,2,12,20,臺中市,神岡區,0,0,0,8,,,50,,,,,,,,,,,,,,,42,,,,,A12,,,1,,11,,,42,42,2,22,,A12,120.661338,24.263445,3
2023,3,2,12,26,臺中市,南屯區,0,0,0,8,,,40,,,,,,,,,,,,,,,23,,,,,B03,,,1,,2,,,23,,1,22,,B03,120.635337,24.14927,3
2023,3,2,12,26,臺中市,南屯區,0,1,0,8,1,5,30,14,9,1,5,4,5,7,4,4,10,5,5,2,18,23,2,8,1,1,C03,7,9,1,10,2,12,,23,23,1,22,9,C03,120.609696,24.141708,2
2023,3,2,12,26,臺中市,西屯區,0,1,0,8,1,5,50,4,2,1,5,4,5,7,1,1,5,4,5,2,13,23,3,10,1,1,B03,7,6,1,8,2,5,,23,23,1,22,5,B03,120.644284,24.171574,2
2023,3,2,12,28,臺中市,大里區,0,1,0,8,1,5,40,14,9,1,5,4,5,7,4,4,5,5,4,1,17,23,3,10,1,1,B03,7,8,1,8,2,6,,44,23,1,4,8,B03,120.712216,24.093867,2
2023,3,2,12,30,臺中市,北區,0,1,0,8,1,5,50,4,1,1,5,4,5,7,1,1,10,5,5,2,12,42,2,9,1,1,C03,7,9,1,10,2,12,,42,42,1,22,8,C03,120.684085,24.149878,2
2023,3,2,12,40,臺中市,北區,0,0,0,8,,,50,,,,,,,,,,,,,,,17,,,,,B03,,,1,,1,,,17,,1,20,,B03,120.670529,24.162837,3
2023,3,2,12,42,臺中市,北屯區,0,1,0,8,1,5,50,14,9,1,5,4,5,7,4,4,1,4,5,2,12,17,3,10,1,1,B03,7,9,1,8,2,2,,17,17,1,21,8,B03,120.684621,24.172432,2
2023,3,2,12,44,臺中市,梧棲區,0,0,0,,,,50,,,,,,,,,,,,,,,23,,,,,C03,,,1,,2,,,23,,1,4,,C03,120.532923,24.252185,3
2023,3,2,13,20,臺中市,豐原區,0,1,0,8,1,5,50,3,2,1,5,4,5,7,1,1,5,5,4,2,13,23,2,8,1,1,C03,7,9,3,18,2,12,,23,23,1,9,8,C03,120.722481,24.255665,2
2023,3,2,13,23,臺中市,太平區,0,1,0,8,1,5,50,14,9,1,5,4,5,7,4,4,9,4,5,1,16,10,3,10,1,1,B03,7,11,6,18,2,2,,10,10,1,22,8,B03,120.705848,24.116796,2
2023,3,2,13,25,臺中市,北屯區,0,1,0,8,1,5,50,4,1,1,5,4,5,7,2,1,10,5,5,2,16,6,3,10,1,1,B03,7,6,1,8,2,5,,6,6,1,22,8,B03,120.68575,24.174353,2
2023,3,2,13,25,臺中市,大甲區,0,0,0,8,,,50,,,,,,,,,,,,,,,23,,,,,B03,,,1,,2,,,23,,1,4,,B03,120.653974,24.390772,3
2023,3,2,13,26,臺中市,西區,0,1,0,8,1,5,50,4,1,1,5,4,5,7,3,1,10,5,5,2,15,6,2,9,1,1,C03,7,9,1,10,2,11,,6,6,1,20,8,C03,120.663063,24.147868,2
2023,3,2,13,47,臺中市,北屯區,0,0,0,8,,,50,,,,,,,,,,,,,,,23,,,,,B03,,,1,,1,,,23,,1,22,,B03,120.685201,24.179124,3
2023,3,2,13,50,臺中市,西屯區,0,1,0,8,1,5,50,4,1,1,5,4,5,7,2,1,10,5,5,2,16,26,3,10,1,1,B03,7,6,1,8,2,2,,26,26,1,22,8,B03,120.643884,24.160549,2
2023,3,2,13,52,臺中市,北屯區,0,1,0,8,1,5,50,3,1,1,5,4,5,7,4,4,5,4,5,2,16,7,3,10,1,1,B03,7,8,1,8,2,6,,7,7,1,22,8,B03,120.714104,24.173428,2
2023,3,2,13,52,臺中市,西屯區,0,0,0,8,,,50,,,,,,,,,,,,,,,23,,,,,B03,,,1,,2,,,23,,1,22,,B03,120.643398,24.195876,3
2023,3,2,13,53,臺中市,中區,0,1,0,8,1,5,50,4,1,1,5,4,5,7,4,4,5,5,5,2,12,8,3,10,3,4,C03,7,5,1,10,2,14,,8,8,1,21,8,C03,120.677104,24.144593,2
2023,3,2,14,2,臺中市,南屯區,0,0,0,,,,50,,,,,,,,,,,,,,,8,,,,,F01,,,8,,1,,,8,,1,4,,F01,120.651388,24.151049,3
2023,3,2,14,4,臺中市,南屯區,0,1,0,8,1,5,50,3,1,1,5,4,5,7,4,4,10,5,5,2,17,23,2,9,1,1,C04,7,7,1,11,2,14,,44,23,1,19,8,C04,120.648037,24.146803,2
2023,3,2,14,9,臺中市,南屯區,0,2,0,8,1,5,50,14,9,1,5,4,5,7,4,4,5,4,5,2,12,6,2,9,1,1,C03,7,6,1,10,2,12,,6,6,1,5,8,C03,120.613387,24.139137,2
2023,3,2,14,10,臺中市,北屯區,0,0,0,,,,60,,,,,,,,,,,,,,,16,,,,,B11,,,1,,1,,,16,,1,21,,B11,120.663727,24.20108,3
2023,3,2,14,10,臺中市,清水區,0,0,0,8,,,50,,,,,,,,,,,,,,,17,,,,,B03,,,1,,2,,,17,,1,21,,B03,120.568321,24.276844,3
2023,3,2,14,10,臺中市,神岡區,0,1,0,8,1,5,50,4,1,1,5,4,5,7,1,1,5,5,4,2,17,25,3,10,1,1,B12,7,9,1,8,2,15,,25,25,1,21,8,B12,120.6854,24.251006,2
2023,3,2,14,17,臺中市,南屯區,0,1,0,8,1,5,50,3,1,1,5,4,5,7,1,1,10,5,5,2,13,23,3,10,3,4,B03,7,9,1,8,2,1,,23,23,1,22,8,B03,120.608531,24.13621,2
2023,3,2,14,24,臺中市,西屯區,0,0,0,8,,,50,,,,,,,,,,,,,,,23,,,,,B03,,,1,,2,,,23,,1,22,,B03,120.645008,24.172245,3
2023,3,2,14,28,臺中市,大里區,0,0,0,8,,,80,,,,,,,,,,,,,,,35,,,,,A11,,,1,,9,,,35,,1,10,,A11,120.690704,24.098029,3
2023,3,2,14,30,臺中市,大安區,0,0,0,8,,,50,,,,,,,,,,,,,,,6,,,,,B12,,,1,,2,,,6,,1,4,,B12,120.604631,24.39354,3
2023,3,2,14,33,臺中市,大里區,0,1,0,8,1,5,50,3,1,1,5,4,5,7,4,4,10,5,5,1,16,6,3,10,1,1,B03,7,9,1,8,2,5,,6,6,1,5,8,B03,120.700073,24.102436,2
2023,3,2,14,35,臺中市,北屯區,0,0,0,8,,,30,,,,,,,,,,,,,,,23,,,,,B12,,,1,,1,,,23,23,1,22,,B12,120.717525,24.176376,3
2023,3,2,14,37,臺中市,西區,0,2,0,8,1,5,50,14,8,1,5,4,5,7,4,4,1,4,4,2,17,6,3,10,1,1,B03,7,8,1,8,2,2,,6,6,1,4,3,B03,120.657091,24.142127,2
2023,3,2,14,40,臺中市,沙鹿區,0,3,0,8,1,5,50,3,1,1,5,4,5,7,3,1,5,5,4,2,17,6,2,8,1,1,C03,7,11,1,10,2,14,,6,6,1,22,9,C03,120.578772,24.218515,2
2023,3,2,14,42,臺中市,北區,0,0,0,8,,,40,,,,,,,,,,,,,,,23,,,,,B02,,,1,,11,,,23,,1,22,,B02,120.680976,24.163174,3
2023,3,2,14,42,臺中市,大肚區,0,0,0,8,,,70,,,,,,,,,,,,,,,42,,,,,B03,,,1,,2,,,42,,1,21,,B03,120.54853,24.146485,3
2023,3,2,15,0,臺中市,南屯區,0,0,0,8,1,5,50,14,9,1,5,4,5,7,4,4,3,4,5,2,13,23,,,,,B12,,,1,,2,,,23,,1,5,,B12,120.620761,24.145181,3
2023,3,2,15,0,臺中市,太平區,0,1,0,8,1,5,40,3,8,1,5,4,5,7,4,4,5,5,4,2,13,42,3,10,1,1,B03,7,3,1,8,2,1,,42,42,1,22,8,B03,120.719855,24.12995,2
2023,3,2,15,2,臺中市,西屯區,0,1,0,8,1,5,50,14,9,1,5,4,5,7,4,4,1,4,5,2,16,7,3,10,3,4,B03,7,7,1,8,2,8,,7,7,1,22,8,B03,120.638131,24.170472,2
2023,3,2,15,5,臺中市,潭子區,0,1,0,8,1,5,30,11,9,1,5,4,5,7,4,4,10,5,5,1,18,23,2,9,1,1,C03,7,9,2,18,2,14,,23,23,1,22,8,C03,120.711403,24.1937,2
2023,3,2,15,7,臺中市,東區,0,0,0,8,,,50,,,,,,,,,,,,,,,23,,,,,B03,,,1,,2,,,23,,1,5,,B03,120.709269,24.135319,3
2023,3,2,15,10,臺中市,神岡區,0,1,0,8,1,5,50,4,1,1,5,4,5,7,4,4,10,5,5,2,17,6,3,10,3,4,B12,7,11,1,8,2,8,,6,6,1,22,9,B12,120.674115,24.252484,2
2023,3,2,15,11,臺中市,北屯區,0,2,0,8,1,5,50,4,1,1,5,4,5,7,1,1,10,5,5,2,13,16,2,9,1,1,C03,7,9,1,10,2,11,,16,16,1,21,8,C03,120.671456,24.17374,2
2023,3,2,15,11,臺中市,烏日區,0,2,0,8,1,5,50,3,1,1,5,4,5,7,4,4,10,5,5,2,17,8,2,9,1,1,C03,7,5,1,10,2,11,,8,8,1,4,8,C03,120.642588,24.065788,2
2023,3,2,15,12,臺中市,東區,0,2,0,8,1,5,1,4,2,1,5,4,5,7,1,1,5,2,5,2,18,23,2,9,1,1,C03,7,9,1,10,2,12,,23,23,1,22,8,C03,120.685119,24.129197,2
2023,3,2,15,14,臺中市,南屯區,0,1,0,8,1,5,50,3,1,1,5,4,5,7,2,1,5,2,4,2,16,19,2,9,3,4,C03,7,1,1,10,2,13,,19,19,1,4,9,C03,120.613602,24.138945,2
2023,3,2,15,16,臺中市,太平區,0,0,0,8,,,50,,,,,,,,,,,,,,,23,,,,,B03,,,1,,1,5,,23,23,1,22,,B03,120.71811,24.158388,3
2023,3,2,15,25,臺中市,南屯區,0,0,0,8,,,50,,,,,,,,,,,,,,,25,,,,,B03,,,1,,2,,,25,,1,5,,B03,120.623003,24.140511,3
2023,3,2,15,26,臺中市,神岡區,0,0,0,8,,,30,,,,,,,,,,,,,,,17,,,,,A12,,,1,,1,,,17,,1,21,,A12,120.662576,24.277205,3
2023,3,2,15,29,臺中市,大雅區,0,0,0,8,,,30,,,,,,,,,,,,,,,12,,,,,B03,,,1,,2,,,12,,1,22,,B03,120.651256,24.213165,3
2023,3,2,15,30,臺中市,北區,0,0,0,8,,,50,,,,,,,,,,,,,,,23,,,,,B03,,,1,,2,,,23,,1,22,,B03,120.686725,24.165283,3
2023,3,2,15,35,臺中市,南屯區,0,0,0,8,1,5,50,14,9,1,5,4,5,7,4,4,9,5,5,2,12,50,,,,,B11,,,1,,1,,,50,,1,5,,B11,120.62659,24.141273,3
2023,3,2,15,37,臺中市,西屯區,0,1,0,8,1,5,50,4,2,1,5,4,5,7,2,1,5,4,4,2,17,7,3,10,1,1,C03,7,7,1,10,11,15,,7,7,2,21,8,C03,120.646994,24.173513,2
2023,3,2,15,38,臺中市,大甲區,0,0,0,8,,,50,,,,,,,,,,,,,,,23,,,,,B12,,,1,,1,,,23,,1,4,,B12,120.619151,24.345576,3
2023,3,2,15,46,臺中市,北屯區,0,1,0,8,1,5,50,14,9,1,5,4,5,7,4,4,4,3,5,2,16,7,2,9,1,1,C03,7,10,3,18,2,14,,7,7,1,21,8,C03,120.736629,24.178239,2
2023,3,2,15,52,臺中市,龍井區,0,1,0,8,1,5,50,14,8,1,5,4,5,7,4,4,1,4,1,2,18,23,2,9,1,1,C03,7,9,1,10,2,12,,23,23,1,3,1,C03,120.578447,24.18713,2
2023,3,2,15,54,臺中市,太平區,0,1,0,8,1,5,50,4,1,1,5,4,5,7,2,1,10,5,5,2,16,26,2,8,1,1,C03,7,9,1,10,2,11,,26,26,1,22,8,C03,120.715569,24.136125,2
2023,3,2,15,55,臺中市,西屯區,0,0,0,8,,,30,,,,,,,,,,,,,,,17,,,,,A11,,,1,,1,,,17,,1,22,,A11,120.633735,24.186354,3
2023,3,2,15,59,臺中市,大里區,0,2,0,8,1,5,50,14,7,1,5,4,5,5,4,4,5,5,4,1,7,51,2,9,3,4,H01,8,18,8,20,10,16,,51,51,1,14,8,H01,120.704332,24.094859,2
2023,3,2,16,7,臺中市,南區,0,0,0,,,,,,,,,,,,,,,,,,,43,,,,,,,,,,,,,43,,1,,,,120.657733,24.110917,3
2023,3,2,16,9,臺中市,太平區,0,2,0,8,1,5,50,14,9,1,5,4,5,7,4,4,5,4,4,2,12,23,2,9,1,1,C03,7,9,1,10,2,11,12,23,23,1,22,8,C03,120.718944,24.116277,2
2023,3,2,16,10,臺中市,沙鹿區,0,0,0,8,1,5,50,3,9,1,5,4,5,7,4,4,4,3,4,1,13,42,,,,,B03,,,1,,2,,,42,,1,22,,B03,120.565526,24.233122,3
2023,3,2,16,11,臺中市,北屯區,0,1,0,8,1,5,50,3,1,1,5,4,5,7,4,4,10,5,5,2,16,6,3,10,1,1,B12,7,5,1,8,2,8,,6,6,1,4,8,B12,120.7225,24.1614,2
2023,3,2,16,12,臺中市,大雅區,0,1,0,2,1,5,30,14,9,1,5,4,5,7,4,4,10,5,5,2,11,5,2,9,1,1,C03,7,9,1,10,2,11,,5,5,1,20,8,C03,120.637629,24.240008,2
2023,3,2,16,14,臺中市,西屯區,0,0,0,8,,,50,,,,,,,,,,,,,,,12,,,,,B03,,,1,,2,,,12,,1,22,,B03,120.66376,24.16797,3
2023,3,2,16,15,臺中市,神岡區,0,1,0,8,1,5,50,4,2,1,5,4,5,6,1,1,10,5,5,2,15,25,3,10,3,4,B03,7,9,1,8,2,8,,25,25,1,22,9,B03,120.685551,24.25099,2
2023,3,2,16,16,臺中市,北屯區,0,1,0,8,2,5,50,4,1,1,5,4,5,7,4,4,10,5,5,2,15,6,2,9,1,1,C03,7,9,1,10,2,14,,6,6,1,21,8,C03,120.671913,24.176913,2
2023,3,2,16,16,臺中市,豐原區,0,1,0,8,1,5,50,3,1,1,5,4,5,7,1,1,10,5,5,2,17,23,2,9,1,1,C03,7,9,1,10,2,11,,23,23,1,21,8,C03,120.706422,24.248348,2
2023,3,2,16,17,臺中市,大甲區,0,1,0,8,1,5,50,4,1,1,5,4,5,7,4,4,10,5,5,2,15,6,3,10,1,1,B03,7,9,1,8,2,4,,6,6,1,4,1,B03,120.621723,24.344446,2
2023,3,2,16,17,臺中市,豐原區,0,1,0,8,1,5,50,14,9,1,5,4,5,7,4,4,4,3,5,1,12,33,3,10,1,1,C03,7,9,1,10,2,12,,33,33,1,22,7,C03,120.723252,24.235471,2
2023,3,2,16,18,臺中市,東區,0,0,0,8,,,50,,,,,,,,,,,,,,,8,,,,,B03,,,1,,2,,,8,,1,4,,B03,120.693188,24.134853,3
2023,3,2,16,19,臺中市,清水區,0,2,0,8,1,5,50,3,1,1,5,4,5,7,4,4,8,3,5,1,3,23,2,9,4,5,H01,8,16,8,20,10,16,,53,23,1,21,8,H01,120.572102,24.269722,2
2023,3,2,16,20,臺中市,北區,0,1,0,8,1,5,50,4,1,1,5,4,5,7,2,1,10,5,5,2,13,16,2,7,1,1,C03,7,9,1,9,2,11,,16,16,1,22,9,C03,120.685725,24.155948,2
2023,3,2,16,26,臺中市,西屯區,0,1,0,8,1,5,50,3,1,1,5,4,5,7,4,4,1,5,5,2,17,6,3,10,3,4,B03,7,6,1,8,2,5,,6,6,1,22,9,B03,120.63698,24.184628,2
2023,3,2,16,27,臺中市,龍井區,0,1,0,8,1,5,50,3,1,1,5,4,5,7,1,1,10,5,5,2,17,6,3,10,1,1,C03,7,9,1,10,2,12,,6,6,1,20,5,C03,120.523524,24.206542,2
2023,3,2,16,30,臺中市,大里區,0,0,0,8,,,50,,,,,,,,,,,,,,,23,,,,,B12,,,1,,2,,,23,,1,22,,B12,120.674938,24.116586,3
2023,3,2,16,30,臺中市,龍井區,0,1,0,8,1,5,50,4,1,1,5,4,5,7,1,1,10,5,5,2,16,9,3,10,1,1,B03,7,6,1,8,2,2,,9,9,1,5,1,B03,120.577785,24.186442,2
2023,3,2,16,30,臺中市,大肚區,0,0,0,8,,,30,,,,,,,,,,,,,,,38,,,,,B03,,,1,,11,,,38,,1,19,,B03,120.566963,24.124333,3
2023,3,2,16,35,臺中市,沙鹿區,0,0,0,8,1,5,60,14,9,1,5,4,5,7,1,1,1,3,4,1,13,16,,,,,B03,,,1,,2,,,16,,1,18,,B03,120.569581,24.23837,3
2023,3,2,16,36,臺中市,南屯區,0,0,0,8,,,50,,,,,,,,,,,,,,,23,,,,,B03,,,1,,1,,,23,23,1,22,,B03,120.641828,24.151059,3