年,月,日,時,分,縣市,區,死,受傷,2-30,天候,光線,道路類別,速限,道路型態,事故位置,路面鋪裝,路面狀態,路面缺陷,障礙物,視距,號誌種類,號誌動作,分向設施,快車道或一般車道間,快慢車道間,路面邊線,事故類型及型態,主要肇因,受傷程度,主要傷處,保護裝備,行動電話,當事者區分,車輛用途,當事者行動狀態,駕駛資格情形,駕駛執照種類,飲酒情形,車輛撞擊部位最初,車輛撞擊部位其他,肇事因素個別,肇事因素主要,肇事逃逸,職業,旅次目的,車種,GPS緯度,GPS經度,事故類別
2023,3,2,16,37,臺中市,霧峰區,0,0,0,8,,,50,,,,,,,,,,,,,,,16,,,,,B12,,,1,,2,,,16,16,1,10,,B12,120.68568,24.05588,3
2023,3,2,16,39,臺中市,大里區,0,0,0,8,,,60,,,,,,,,,,,,,,,23,,,,,B03,,,1,,2,,,23,,1,22,,B03,120.689998,24.101008,3
2023,3,2,16,41,臺中市,西區,0,1,0,8,1,5,50,4,1,1,5,4,5,7,1,1,10,5,5,2,17,42,3,10,3,4,C03,7,15,1,10,2,12,,42,42,1,22,5,C03,120.661688,24.140163,2
2023,3,2,16,44,臺中市,霧峰區,0,1,0,8,1,5,30,14,9,1,5,4,5,7,1,1,10,5,5,1,16,19,3,10,3,4,B12,7,1,1,8,2,4,,19,19,1,22,8,B12,120.685145,24.056749,2
2023,3,2,16,44,臺中市,沙鹿區,0,0,0,8,,,60,,,,,,,,,,,,,,,26,,,,,A11,,,1,,2,,,26,26,1,10,,A11,120.559186,24.210661,3
2023,3,2,16,45,臺中市,北區,0,2,0,8,1,5,50,4,1,1,5,4,5,7,1,1,10,5,5,2,17,4,2,7,1,1,C03,7,9,1,10,2,14,,4,4,1,22,9,C03,120.692011,24.160165,2
2023,3,2,16,45,臺中市,梧棲區,0,1,0,8,1,5,40,4,1,1,5,4,5,7,1,1,10,5,5,2,16,3,3,10,1,1,B12,7,6,1,7,2,6,,3,3,1,9,1,B12,120.524313,24.221565,2
2023,3,2,16,48,臺中市,西屯區,0,0,0,8,,,50,,,,,,,,,,,,,,,23,,,,,C03,,,1,,1,,,23,,1,22,,C03,120.661383,24.172616,3
2023,3,2,16,50,臺中市,大里區,0,1,0,8,2,5,60,14,7,1,5,4,5,7,4,4,1,4,1,1,23,23,2,1,1,1,B12,7,9,1,8,2,8,,23,23,1,5,8,B12,120.65376,24.089881,2
2023,3,2,16,52,臺中市,南區,0,2,0,8,1,5,50,3,1,1,5,4,5,7,4,4,5,5,4,2,13,23,2,9,1,1,C03,7,5,1,10,2,11,,23,23,1,22,8,C03,120.662155,24.126902,2
2023,3,2,16,56,臺中市,北區,0,0,0,8,,,50,,,,,,,,,,,,,,,16,,,,,C02,,,4,,1,,,16,,1,5,,C02,120.674616,24.162533,3
2023,3,2,16,58,臺中市,大甲區,0,1,0,8,1,5,50,4,1,1,5,4,5,7,4,4,10,5,5,2,15,6,2,9,1,1,C03,7,9,1,10,2,11,,6,6,1,4,1,C03,120.620219,24.347113,2
2023,3,2,17,0,臺中市,大雅區,0,1,0,8,1,5,30,4,1,1,5,4,5,7,4,4,10,5,5,2,17,6,2,8,1,1,C03,7,9,1,10,2,12,,6,6,1,22,8,C03,120.646827,24.235113,2
2023,3,2,17,0,臺中市,西區,0,0,0,8,1,5,50,3,1,1,5,4,5,7,4,4,5,5,5,2,13,16,,,,,C03,,,1,,1,,,16,,1,21,,C03,120.658829,24.159707,3
2023,3,2,17,0,臺中市,烏日區,0,2,0,8,1,5,30,4,1,1,5,4,5,7,4,4,10,5,5,2,15,6,2,9,1,1,F02,7,9,8,20,2,16,,6,6,1,21,8,F02,120.647557,24.071707,2
2023,3,2,17,2,臺中市,南屯區,0,0,0,,,,50,,,,,,,,,,,,,,,8,,,,,C04,,,1,,1,,,8,8,1,4,,C04,120.652991,24.14384,3
2023,3,2,17,5,臺中市,西屯區,0,1,0,8,2,5,50,4,1,1,5,4,5,7,1,1,10,5,5,2,13,42,3,10,1,4,F01,7,12,8,20,2,16,,42,42,1,22,8,F01,120.641018,24.167806,2
2023,3,2,17,6,臺中市,神岡區,0,0,0,8,,,50,,,,,,,,,,,,,,,23,,,,,F03,,,8,,2,,,23,,1,22,,F03,120.656843,24.267232,3
2023,3,2,17,8,臺中市,西屯區,0,1,0,8,3,5,30,14,9,1,5,4,5,7,4,4,10,5,5,2,18,42,2,9,3,4,C03,7,9,1,10,2,14,,42,42,1,22,8,C03,120.623477,24.203787,2
2023,3,2,17,10,臺中市,西屯區,0,0,0,8,,,60,,,,,,,,,,,,,,,16,,,,,B03,,,1,,1,,,16,,1,22,,B03,120.648741,24.163144,3
2023,3,2,17,11,臺中市,西屯區,0,0,0,8,,,30,,,,,,,,,,,,,,,12,,,,,B03,,,1,,1,,,12,,1,22,,B03,120.613854,24.194793,3
2023,3,2,17,13,臺中市,豐原區,0,0,0,8,,,30,,,,,,,,,,,,,,,16,,,,,C03,,,3,,2,,,16,,1,22,,C03,120.714394,24.237427,3
2023,3,2,17,17,臺中市,北屯區,0,0,0,8,,,50,,,,,,,,,,,,,,,42,,,,,B02,,,3,,2,,,42,,1,21,,B02,120.720464,24.162869,3
2023,3,2,17,17,臺中市,后里區,0,0,0,8,,,50,,,,,,,,,,,,,,,7,,,,,B12,,,1,,2,,,7,,1,21,,B12,120.729337,24.329512,3
2023,3,2,17,18,臺中市,北屯區,0,1,0,8,2,5,50,3,1,1,5,4,3,5,4,4,10,5,5,2,16,6,3,10,1,1,B03,7,6,1,8,2,8,,6,6,1,5,8,B03,120.701865,24.186413,2
2023,3,2,17,20,臺中市,南屯區,0,1,0,8,1,5,50,14,8,1,5,4,5,7,1,1,5,5,4,2,16,6,3,10,1,1,B03,7,5,1,8,2,2,,6,6,1,5,1,B03,120.645462,24.148804,2
2023,3,2,17,23,臺中市,西屯區,0,1,0,8,1,5,30,4,1,1,5,4,5,7,4,4,10,5,5,2,16,6,3,10,1,1,B03,7,9,1,8,2,5,,6,6,1,22,8,B03,120.665216,24.178745,2
2023,3,2,17,24,臺中市,南屯區,0,1,0,8,2,5,50,4,1,1,5,4,5,7,1,1,5,5,5,2,16,9,3,10,3,4,B12,7,6,1,8,2,2,,9,9,1,4,9,B12,120.653284,24.127237,2
2023,3,2,17,24,臺中市,神岡區,0,1,0,8,1,5,50,3,1,1,5,4,5,7,4,4,5,5,4,2,16,26,2,9,1,1,C03,7,9,1,10,2,12,,26,26,1,21,8,C03,120.663065,24.258261,2
2023,3,2,17,25,臺中市,大里區,0,2,0,8,2,5,50,14,9,1,5,4,5,7,4,4,5,5,5,1,16,3,2,9,1,1,F01,7,9,8,20,2,16,,3,3,1,22,8,F01,120.701851,24.08546,2
2023,3,2,17,26,臺中市,南屯區,0,2,0,8,1,5,50,4,1,1,5,4,5,7,1,1,10,5,5,2,16,7,2,9,1,4,C03,7,7,1,10,2,14,,7,7,1,22,8,C03,120.621161,24.140035,2
2023,3,2,17,28,臺中市,豐原區,0,1,0,8,1,5,30,4,9,1,5,4,5,7,1,1,10,5,5,1,13,16,3,10,1,1,C03,7,1,1,10,2,11,,16,16,1,22,8,C03,120.725265,24.233629,2
2023,3,2,17,29,臺中市,北屯區,0,0,0,8,,,50,,,,,,,,,,,,,,,17,,,,,B03,,,1,,1,,,17,,1,21,,B03,120.706063,24.16474,3
2023,3,2,17,30,臺中市,大雅區,0,1,0,8,2,5,50,4,2,1,5,4,5,7,4,4,5,4,5,1,16,6,2,9,1,1,C03,7,6,1,10,2,13,,6,6,1,22,9,C03,120.655098,24.229777,2
2023,3,2,17,30,臺中市,西區,0,2,0,8,1,5,50,5,1,1,5,4,5,7,2,1,10,5,5,2,16,6,2,9,1,1,C03,7,5,1,10,2,12,,6,6,1,20,8,C03,120.665943,24.128884,2
2023,3,2,17,30,臺中市,南區,0,1,0,8,1,5,50,14,8,1,5,4,5,7,4,4,5,4,4,2,12,7,3,10,1,1,B03,7,8,1,8,11,2,,7,7,1,22,8,B03,120.665455,24.113744,2
2023,3,2,17,31,臺中市,西屯區,0,0,0,8,,,50,,,,,,,,,,,,,,,23,,,,,B03,,,1,,1,,,23,,1,22,,B03,120.648432,24.1702,3
2023,3,2,17,32,臺中市,沙鹿區,0,1,0,8,1,5,50,3,1,1,5,4,5,7,4,4,10,5,5,2,16,6,3,10,1,1,B03,7,5,1,8,2,8,,6,6,1,5,9,B03,120.565415,24.2017,2
2023,3,2,17,33,臺中市,北區,0,2,0,8,1,5,50,14,8,1,5,4,5,7,4,4,1,4,4,2,16,6,3,10,1,1,B03,7,6,1,8,1,5,,6,6,1,5,8,B03,120.685009,24.161559,2
2023,3,2,17,34,臺中市,霧峰區,0,1,0,8,2,5,50,4,1,1,5,4,5,7,1,1,5,5,5,1,16,9,3,10,3,4,C03,7,6,1,10,2,13,,9,9,1,18,8,C03,120.709285,24.080698,2
2023,3,2,17,34,臺中市,太平區,0,0,0,8,,,50,,,,,,,,,,,,,,,26,,,,,C03,,,1,,11,,,26,,1,21,,C03,120.701865,24.153694,3
2023,3,2,17,35,臺中市,南區,0,0,0,,,,40,,,,,,,,,,,,,,,23,,,,,C03,,,1,,2,,,23,,1,5,,C03,120.653659,24.113755,3
2023,3,2,17,37,臺中市,烏日區,0,0,0,,,,30,,,,,,,,,,,,,,,23,,,,,B03,,,1,,2,,,23,,1,21,,B03,120.607142,24.120252,3
2023,3,2,17,38,臺中市,北區,0,0,0,8,,,50,,,,,,,,,,,,,,,16,,,,,C03,,,1,,1,,,16,,1,22,,C03,120.682416,24.145861,3
2023,3,2,17,40,臺中市,太平區,0,0,0,8,,,30,,,,,,,,,,,,,,,12,,,,,B12,,,1,,2,,,12,,1,21,,B12,120.729651,24.101741,3
2023,3,2,17,41,臺中市,北區,0,1,0,8,1,5,50,3,1,1,5,4,5,7,1,1,10,5,5,2,16,6,3,10,1,1,B12,7,5,1,8,2,2,,6,6,1,21,8,B12,120.68367,24.159075,2
2023,3,2,17,44,臺中市,豐原區,0,0,0,8,,,50,,,,,,,,,,,,,,,17,,,,,C03,,,1,,9,,,17,,2,22,,C03,120.719186,24.249688,3
2023,3,2,17,49,臺中市,北區,0,0,0,8,,,50,,,,,,,,,,,,,,,16,,,,,B03,,,1,,1,,,16,,1,22,,B03,120.686265,24.166988,3
2023,3,2,17,50,臺中市,西區,0,1,0,8,2,5,50,3,1,1,5,4,5,7,2,1,10,5,5,2,17,6,3,10,1,1,B03,7,5,1,8,2,15,,6,6,1,21,8,B03,120.658502,24.155427,2
2023,3,2,17,51,臺中市,西屯區,0,2,0,8,2,5,40,14,8,1,5,4,5,7,4,4,1,4,1,2,13,16,2,9,1,1,C03,7,9,1,10,2,11,,16,16,1,21,1,C03,120.64892,24.196611,2
2023,3,2,17,59,臺中市,東區,0,1,0,8,1,5,50,15,9,1,5,4,5,7,4,4,5,4,4,2,16,6,3,10,1,1,B03,7,6,1,8,2,5,,6,6,1,21,8,B03,120.694337,24.148375,2
2023,3,2,18,2,臺中市,西屯區,0,0,0,8,,,50,,,,,,,,,,,,,,,17,,,,,C03,,,1,,11,,,17,,2,22,,C03,120.635172,24.179435,3
2023,3,2,18,5,臺中市,西屯區,0,0,0,8,,,50,,,,,,,,,,,,,,,42,,,,,B03,,,1,,1,,,42,,1,22,,B03,120.636468,24.171588,3
2023,3,2,18,7,臺中市,北屯區,0,0,0,8,,,50,,,,,,,,,,,,,,,18,,,,,B02,,,1,,11,,,18,,1,22,,B02,120.689213,24.172003,3
2023,3,2,18,7,臺中市,西屯區,0,1,0,8,1,5,50,4,18,1,5,4,5,7,4,4,10,5,5,2,9,15,3,10,3,4,C03,7,9,1,10,2,11,,15,15,1,22,9,C03,120.646343,24.184222,2
2023,3,2,18,8,臺中市,中區,0,0,0,,,,50,,,,,,,,,,,,,,,19,,,,,B01,,,1,,2,,,19,,1,20,,B01,120.68401,24.138553,3
2023,3,2,18,8,臺中市,西區,0,1,0,8,3,5,50,5,1,1,5,4,5,7,1,1,1,5,5,2,16,6,3,10,3,4,B03,7,5,1,8,2,2,,6,6,1,21,8,B03,120.672737,24.131588,2
2023,3,2,18,8,臺中市,北區,0,0,0,8,,,50,,,,,,,,,,,,,,,23,,,,,B03,,,1,,2,,,23,,1,5,,B03,120.695223,24.161143,3
2023,3,2,18,8,臺中市,西屯區,0,2,0,8,3,5,30,4,1,1,5,4,5,7,4,4,10,5,5,2,15,6,2,7,1,1,C03,7,9,1,10,1,11,,6,6,1,22,8,C03,120.644288,24.180375,2
2023,3,2,18,10,臺中市,烏日區,0,1,0,8,3,5,30,14,9,1,5,4,5,7,4,4,10,5,5,2,17,19,3,10,1,1,B03,7,1,1,8,2,8,,19,19,1,21,8,B03,120.626932,24.106527,2
2023,3,2,18,12,臺中市,西屯區,0,2,0,8,3,5,50,3,1,1,5,4,5,7,4,4,10,5,5,2,3,15,2,9,1,1,C03,7,9,1,10,2,11,,15,15,1,22,8,C03,120.649503,24.175276,2
2023,3,2,18,15,臺中市,大里區,0,1,0,8,3,5,50,3,2,1,5,4,5,7,1,1,10,5,5,2,13,16,3,10,1,1,C03,7,9,1,10,2,11,,16,16,1,5,8,C03,120.679611,24.095471,2
2023,3,2,18,18,臺中市,北屯區,0,0,0,8,,,80,,,,,,,,,,,,,,,16,,,,,B03,,,1,,1,,,16,,1,4,,B03,120.7224,24.1883,3
2023,3,2,18,19,臺中市,南屯區,0,1,0,8,3,5,50,4,1,1,5,4,5,7,1,1,10,5,5,2,27,23,2,9,1,1,C03,7,5,1,10,2,11,,23,23,1,22,8,C03,120.601747,24.13927,2
2023,3,2,18,19,臺中市,西屯區,0,1,0,8,3,5,50,4,1,1,5,4,5,7,2,1,10,5,5,2,11,6,3,10,3,4,B03,7,5,1,8,2,1,,6,6,1,22,8,B03,120.640517,24.187277,2
2023,3,2,18,19,臺中市,大里區,0,1,0,8,3,5,50,4,1,1,5,4,5,7,4,4,5,5,5,1,15,6,2,9,1,1,C03,7,9,1,10,2,12,,6,6,1,21,1,C03,120.699283,24.103729,2
2023,3,2,18,19,臺中市,神岡區,0,0,0,8,,,60,,,,,,,,,,,,,,,23,,,,,C01,,,1,,2,,,23,,1,21,,C01,120.68696,24.250223,3
2023,3,2,18,21,臺中市,西屯區,0,0,0,8,,,60,,,,,,,,,,,,,,,9,,,,,B01,,,1,,1,,,9,,1,5,,B01,120.64373,24.156575,3
2023,3,2,18,23,臺中市,豐原區,0,1,0,8,3,5,50,14,7,1,5,4,5,7,4,4,5,4,4,2,13,23,3,10,1,1,B03,7,9,1,8,2,7,,23,23,1,21,8,B03,120.704072,24.239053,2
2023,3,2,18,25,臺中市,南屯區,0,0,0,,,,50,,,,,,,,,,,,,,,18,,,,,C03,,,1,,1,,,18,,1,22,,C03,120.634592,24.156147,3
2023,3,2,18,25,臺中市,西屯區,0,0,0,8,,,30,,,,,,,,,,,,,,,6,,,,,C03,,,1,,11,,,6,,1,22,,C03,120.645046,24.177369,3
2023,3,2,18,26,臺中市,南區,0,0,0,,,,40,,,,,,,,,,,,,,,18,,,,,B03,,,1,,2,,,18,,1,22,,B03,120.663536,24.124297,3
2023,3,2,18,29,臺中市,后里區,0,0,0,8,,,30,,,,,,,,,,,,,,,6,,,,,B03,,,1,,2,,,6,,1,21,,B03,120.707431,24.314209,3
2023,3,2,18,30,臺中市,大雅區,0,2,0,8,1,5,50,3,1,1,5,4,5,7,4,4,5,5,5,1,16,6,2,9,1,1,C03,7,5,1,10,2,11,,6,6,1,22,9,C03,120.647051,24.22462,2
2023,3,2,18,30,臺中市,東區,0,0,0,8,3,5,50,4,7,1,5,4,5,7,1,1,5,2,5,2,13,23,3,10,1,1,B03,7,9,1,8,2,1,,23,23,1,22,8,B03,120.696713,24.142137,3
2023,3,2,18,30,臺中市,龍井區,0,0,0,,,,30,,,,,,,,,,,,,,,23,,,,,C03,,,1,,2,,,23,,1,18,,C03,120.588913,24.181844,3
2023,3,2,18,31,臺中市,南屯區,0,0,0,8,3,5,50,14,9,1,5,4,5,7,4,4,1,4,5,2,13,23,3,10,1,1,B03,7,9,1,8,1,1,,23,23,1,22,8,B03,120.620247,24.152518,3
2023,3,2,18,35,臺中市,西屯區,0,1,0,8,3,5,50,3,1,1,5,4,5,7,1,1,10,5,5,2,16,6,3,10,3,4,B03,7,5,1,8,2,1,,6,6,1,22,8,B03,120.624894,24.179858,2
2023,3,2,18,35,臺中市,清水區,0,0,0,8,,,40,,,,,,,,,,,,,,,25,,,,,C03,,,3,,2,,,25,,1,21,,C03,120.596526,24.304265,3
2023,3,2,18,37,臺中市,南區,0,1,0,8,2,5,50,4,1,1,5,4,5,7,4,4,10,5,5,2,15,6,2,8,1,1,C03,7,9,1,10,2,12,,6,6,1,5,8,C03,120.676057,24.125652,2
2023,3,2,18,40,臺中市,北區,0,1,0,7,1,5,50,4,2,1,5,4,5,7,1,1,5,5,5,2,17,43,2,9,1,1,C03,7,9,1,10,2,13,,44,43,1,5,8,C03,120.675884,24.171452,2
2023,3,2,18,42,臺中市,大雅區,0,0,0,8,,,50,,,,,,,,,,,,,,,7,,,,,B03,,,1,,2,,,7,,1,22,,B03,120.630312,24.240697,3
2023,3,2,18,42,臺中市,霧峰區,0,1,0,8,1,5,50,4,1,1,5,4,5,7,4,4,9,4,5,1,16,8,3,10,1,1,B03,7,5,1,8,2,1,,8,8,1,21,9,B03,120.69606,24.073131,2
2023,3,2,18,44,臺中市,北屯區,0,0,0,8,,,80,,,,,,,,,,,,,,,16,,,,,B03,,,1,,1,,,16,,1,21,,B03,120.722389,24.189877,3
2023,3,2,18,44,臺中市,北屯區,0,0,0,8,,,50,,,,,,,,,,,,,,,16,,,,,B12,,,1,,1,,,16,,1,21,,B12,120.721705,24.183136,3
2023,3,2,18,45,臺中市,清水區,0,0,0,8,,,50,,,,,,,,,,,,,,,23,,,,,B03,,,1,,2,,,23,,1,21,,B03,120.553105,24.260994,3
2023,3,2,18,46,臺中市,龍井區,0,1,0,8,3,5,50,14,9,1,5,4,5,7,4,4,9,4,5,1,16,10,3,10,1,1,C03,7,9,1,10,2,11,,23,10,1,5,1,C03,120.582219,24.182226,2
2023,3,2,18,50,臺中市,大雅區,0,0,0,8,,,50,,,,,,,,,,,,,,,17,,,,,A41,,,1,,2,,,17,,1,22,,A41,120.650656,24.201054,3
2023,3,2,18,53,臺中市,西屯區,0,1,0,8,3,5,50,14,9,1,5,4,3,7,4,4,9,5,5,2,17,23,3,10,1,1,B03,7,9,1,8,2,8,,23,23,1,22,8,B03,120.634755,24.163705,2
2023,3,2,19,7,臺中市,西屯區,0,2,0,8,3,5,50,14,7,1,5,4,5,7,4,4,5,4,4,2,17,7,2,9,3,4,C03,7,7,1,10,2,14,,7,7,1,22,9,C03,120.643513,24.170669,2
2023,3,2,19,7,臺中市,豐原區,0,1,0,8,3,5,50,14,7,1,5,4,5,7,4,4,5,4,4,2,18,42,2,9,1,1,C03,7,9,1,10,2,12,,42,42,1,22,8,C03,120.708262,24.254954,2
2023,3,2,19,9,臺中市,西屯區,0,0,0,8,,,50,,,,,,,,,,,,,,,7,,,,,C03,,,1,,1,,,7,,1,22,,C03,120.644902,24.171899,3
2023,3,2,19,10,臺中市,南區,0,0,0,8,3,5,50,14,9,1,5,4,5,7,4,4,9,5,5,2,16,17,3,10,1,2,B03,7,6,1,8,2,6,,17,17,1,21,8,B03,120.66006,24.122347,3
2023,3,2,19,13,臺中市,龍井區,0,1,0,8,3,5,50,14,9,1,5,4,5,7,4,4,10,5,5,1,17,23,2,1,3,4,C03,7,9,1,10,7,12,,23,23,1,20,7,C03,120.548006,24.187015,2
2023,3,2,19,14,臺中市,大雅區,0,0,0,8,,,30,,,,,,,,,,,,,,,19,,,,,B12,,,1,,2,,,19,19,1,22,,B12,120.645285,24.222826,3
2023,3,2,19,15,臺中市,沙鹿區,0,2,0,8,3,5,50,4,9,1,5,4,5,7,4,4,4,3,4,1,16,19,2,9,1,1,C03,7,1,1,10,2,14,,19,19,1,22,8,C03,120.567774,24.216547,2
2023,3,2,19,16,臺中市,神岡區,0,2,0,8,3,5,50,4,1,1,5,4,5,7,1,1,5,4,4,1,16,6,3,10,1,1,B03,7,5,1,8,2,1,,6,6,1,22,8,B03,120.66499,24.262848,2
2023,3,2,19,19,臺中市,南區,0,0,0,8,,,50,,,,,,,,,,,,,,,9,,,,,B03,,,1,,2,,,9,,1,19,,B03,120.651231,24.119976,3
2023,3,2,19,20,臺中市,太平區,0,2,0,8,3,5,50,4,1,1,5,4,5,7,2,1,10,5,5,2,16,6,3,10,1,1,B03,7,5,1,8,2,5,,6,6,1,22,8,B03,120.705007,24.159455,2
2023,3,2,19,26,臺中市,西屯區,0,0,0,8,,,50,,,,,,,,,,,,,,,23,,,,,B03,,,1,,2,,,23,,1,22,,B03,120.636061,24.170975,3
2023,3,2,19,30,臺中市,南區,0,1,0,8,3,5,50,4,1,1,5,4,5,7,1,1,10,5,5,2,3,15,3,10,1,1,B03,7,5,1,8,2,8,,15,15,1,22,8,B03,120.681121,24.127813,2
2023,3,2,19,37,臺中市,豐原區,0,0,0,8,,,30,,,,,,,,,,,,,,,23,,,,,B03,,,1,,2,,,23,23,1,22,,B03,120.719636,24.267736,3
2023,3,2,19,45,臺中市,南屯區,0,0,0,8,,,50,,,,,,,,,,,,,,,12,,,,,B03,,,1,,11,,,12,12,2,22,,B03,120.635418,24.15275,3
2023,3,2,19,48,臺中市,北區,0,0,0,8,,,50,,,,,,,,,,,,,,,12,,,,,B03,,,1,,1,,,12,,1,22,,B03,120.673608,24.166377,3
2023,3,2,19,50,臺中市,豐原區,0,0,0,8,,,50,,,,,,,,,,,,,,,42,,,,,B03,,,1,,2,,,42,,1,22,,B03,120.708691,24.245945,3
2023,3,2,19,51,臺中市,西屯區,0,0,0,8,,,50,,,,,,,,,,,,,,,7,,,,,C03,,,1,,11,,,7,,2,21,,C03,120.662315,24.176323,3
2023,3,2,19,54,臺中市,烏日區,0,2,0,8,3,5,70,14,8,1,5,4,5,7,4,4,1,4,4,1,16,9,2,9,1,1,C03,7,6,1,10,2,12,,9,9,1,4,8,C03,120.602979,24.110015,2
2023,3,2,19,56,臺中市,北屯區,0,1,0,8,3,5,40,4,1,1,5,4,5,7,2,1,10,5,5,2,13,16,3,10,1,1,C03,7,9,1,10,2,11,12,16,16,1,5,8,C03,120.702348,24.186656,2
2023,3,2,19,58,臺中市,太平區,0,0,0,8,,,50,,,,,,,,,,,,,,,23,,,,,B12,,,1,,1,,,23,,1,21,,B12,120.721015,24.14931,3
2023,3,2,20,0,臺中市,梧棲區,0,0,0,8,,,50,,,,,,,,,,,,,,,23,,,,,B03,,,1,,2,,,23,,1,3,,B03,120.53066,24.248886,3
2023,3,2,20,4,臺中市,大甲區,0,2,0,8,1,5,30,4,1,1,5,4,5,7,4,4,10,5,5,2,15,6,2,8,1,1,C03,7,9,1,10,2,14,,6,6,1,4,8,C03,120.614886,24.356971,2
2023,3,2,20,5,臺中市,西屯區,0,0,0,8,,,50,,,,,,,,,,,,,,,3,,,,,B11,,,1,,1,,,3,,1,22,,B11,120.644672,24.171907,3
2023,3,2,20,5,臺中市,梧棲區,0,0,0,8,,,90,,,,,,,,,,,,,,,60,,,,,,,,,,,,,60,,1,,,,120.535064,24.247252,3
2023,3,2,20,6,臺中市,太平區,0,1,0,8,3,5,30,3,1,1,5,4,5,7,4,4,5,5,5,2,16,6,3,10,1,1,B03,7,5,1,8,2,1,,6,6,1,21,8,B03,120.724927,24.142906,2
2023,3,2,20,18,臺中市,西屯區,0,0,0,8,,,50,,,,,,,,,,,,,,,6,,,,,B03,,,1,,1,,,6,,1,22,,B03,120.663943,24.17347,3
2023,3,2,20,20,臺中市,西屯區,0,0,0,8,,,50,,,,,,,,,,,,,,,23,,,,,C03,,,1,,1,,,23,,1,22,,C03,120.637668,24.18035,3
2023,3,2,20,21,臺中市,大甲區,0,1,0,8,1,5,50,4,1,1,5,4,5,7,1,1,10,5,5,2,16,6,2,8,1,1,C03,7,5,1,10,2,12,,6,6,1,4,8,C03,120.620506,24.345741,2
2023,3,2,20,25,臺中市,烏日區,0,0,0,8,,,80,,,,,,,,,,,,,,,42,,,,,B03,,,1,,2,,,42,42,1,5,,B03,120.616521,24.107356,3
2023,3,2,20,30,臺中市,南屯區,0,1,0,8,3,5,50,14,9,1,5,4,5,7,1,1,1,2,4,2,16,25,3,10,1,1,B03,7,5,1,8,2,1,,25,25,1,5,8,B03,120.640585,24.151225,2
2023,3,2,20,30,臺中市,沙鹿區,0,0,0,8,3,5,60,14,7,1,5,4,5,7,1,1,1,3,4,1,13,16,,,,,B03,,,1,,2,,,16,,1,22,,B03,120.607371,24.246535,3
2023,3,2,20,34,臺中市,西屯區,0,1,0,8,3,5,50,14,8,1,5,4,5,7,4,4,1,4,4,2,17,6,3,10,3,4,B03,7,6,1,8,2,5,,6,6,1,22,9,B03,120.614222,24.184233,2
2023,3,2,20,39,臺中市,北區,0,1,0,7,3,5,50,4,1,1,5,4,5,7,1,1,1,2,1,2,18,42,2,9,1,1,C03,7,12,1,10,2,14,,42,42,1,5,8,C03,120.664341,24.154687,2
2023,3,2,20,40,臺中市,大里區,0,0,0,8,,,50,,,,,,,,,,,,,,,23,,,,,F03,,,8,,1,,,23,,1,16,,F03,120.687043,24.105248,3
2023,3,2,20,40,臺中市,神岡區,0,0,0,8,,,50,,,,,,,,,,,,,,,23,,,,,B12,,,1,,1,,,23,,1,21,,B12,120.6934,24.248461,3
2023,3,2,20,43,臺中市,南區,0,0,0,,,,50,,,,,,,,,,,,,,,23,,,,,B03,,,1,,2,,,23,,1,5,,B03,120.669938,24.118669,3
2023,3,2,20,44,臺中市,東區,0,0,0,8,3,5,50,4,9,1,5,4,5,7,1,1,5,5,5,2,14,12,3,10,1,1,B03,7,2,1,8,2,3,,12,12,1,21,8,B03,120.687338,24.130379,3
2023,3,2,20,46,臺中市,后里區,0,0,0,8,,,30,,,,,,,,,,,,,,,42,,,,,A41,,,1,,2,,,42,,1,21,,A41,120.715704,24.316838,3
2023,3,2,20,47,臺中市,北屯區,0,2,0,8,3,5,50,4,1,1,5,4,5,7,1,1,10,5,5,2,13,43,2,9,1,1,B12,7,9,1,8,2,1,,43,43,1,21,8,B12,120.701934,24.182001,2
2023,3,2,20,55,臺中市,南區,0,4,0,8,3,5,50,4,1,1,5,4,5,7,2,1,1,2,4,2,12,23,2,9,1,1,C03,7,9,2,18,2,11,,23,23,1,22,8,C03,120.650256,24.120281,2
2023,3,2,21,0,臺中市,清水區,0,1,0,8,3,5,50,3,1,1,5,4,5,7,1,1,10,5,5,2,16,6,3,10,1,1,B03,7,6,6,18,2,2,,6,6,1,5,5,B03,120.572888,24.262511,2
2023,3,2,21,3,臺中市,東區,0,1,0,8,3,5,40,14,8,1,5,4,5,7,4,4,1,4,5,2,17,23,2,9,1,1,C03,7,9,1,10,2,11,,23,23,1,22,8,C03,120.686255,24.129894,2
2023,3,2,21,4,臺中市,西區,0,1,0,8,3,5,30,14,9,1,5,4,5,7,4,4,10,5,5,2,18,42,2,7,1,1,C03,7,9,3,18,8,12,,42,42,1,5,8,C03,120.674635,24.15103,2
2023,3,2,21,4,臺中市,北區,0,1,0,7,3,5,50,4,1,1,5,4,5,7,1,1,10,5,5,2,16,6,3,10,1,1,B02,7,5,1,8,2,6,,6,6,1,5,8,B02,120.673337,24.166906,2
2023,3,2,21,4,臺中市,南屯區,0,1,0,8,3,5,50,3,1,1,5,4,5,7,4,4,10,5,5,2,16,26,3,10,1,1,B12,7,5,1,8,2,4,,26,26,1,22,8,B12,120.615469,24.14881,2
2023,3,2,21,18,臺中市,西區,0,1,0,8,3,5,50,4,1,1,5,4,5,7,4,4,10,5,5,2,15,6,2,8,1,1,C03,7,9,1,10,2,12,,6,6,1,21,8,C03,120.668208,24.149013,2