年,月,日,時,分,縣市,區,死,受傷,2-30,天候,光線,道路類別,速限,道路型態,事故位置,路面鋪裝,路面狀態,路面缺陷,障礙物,視距,號誌種類,號誌動作,分向設施,快車道或一般車道間,快慢車道間,路面邊線,事故類型及型態,主要肇因,受傷程度,主要傷處,保護裝備,行動電話,當事者區分,車輛用途,當事者行動狀態,駕駛資格情形,駕駛執照種類,飲酒情形,車輛撞擊部位最初,車輛撞擊部位其他,肇事因素個別,肇事因素主要,肇事逃逸,職業,旅次目的,車種,GPS緯度,GPS經度,事故類別
2023,3,3,15,21,臺中市,南屯區,0,1,0,8,1,5,50,4,1,1,5,4,5,7,2,1,10,5,5,2,12,7,2,9,1,1,C03,7,7,1,10,2,14,,7,7,1,19,8,C03,120.635213,24.151303,2
2023,3,3,15,22,臺中市,西屯區,0,0,0,8,,,50,,,,,,,,,,,,,,,23,,,,,B02,,,1,,1,,,23,23,1,22,,B02,120.6387,24.169034,3
2023,3,3,15,22,臺中市,后里區,0,1,0,8,1,5,50,4,1,1,5,4,5,7,3,1,10,5,5,1,15,6,2,9,1,1,C03,7,9,1,10,2,11,,6,6,1,22,8,C03,120.707781,24.306122,2
2023,3,3,15,25,臺中市,清水區,0,2,0,8,1,5,40,11,8,1,5,4,5,7,4,4,1,4,4,1,17,43,2,9,1,1,C03,7,9,3,18,2,12,,43,43,1,22,8,C03,120.582651,24.283118,2
2023,3,3,15,28,臺中市,東區,0,0,0,,,,50,,,,,,,,,,,,,,,23,,,,,B12,,,1,,2,,,23,,1,22,,B12,120.695077,24.135499,3
2023,3,3,15,33,臺中市,大肚區,0,2,0,8,1,5,50,4,1,1,5,4,5,7,1,1,10,5,5,2,16,8,2,9,1,1,C03,7,9,1,10,2,12,,23,9,1,5,1,C03,120.574265,24.15951,2
2023,3,3,15,36,臺中市,西區,0,2,0,8,1,5,50,3,1,1,5,4,5,7,4,4,1,5,5,2,12,44,2,9,3,4,C03,7,9,1,10,2,12,,44,17,1,21,8,C03,120.66633,24.141694,2
2023,3,3,15,36,臺中市,南屯區,0,0,0,8,1,5,50,14,9,1,5,4,5,7,4,4,1,4,5,2,12,7,,,,,B03,,,1,,1,,,7,7,1,5,,B03,120.621333,24.151086,3
2023,3,3,15,37,臺中市,西區,0,0,0,8,,,40,,,,,,,,,,,,,,,12,,,,,B03,,,1,,1,,,12,,1,22,,B03,120.673326,24.148168,3
2023,3,3,15,40,臺中市,東區,0,0,0,,,,50,,,,,,,,,,,,,,,16,,,,,A11,,,1,,2,,,16,,1,5,,A11,120.695399,24.134851,3
2023,3,3,15,42,臺中市,東勢區,0,0,0,8,,,30,,,,,,,,,,,,,,,10,,,,,B03,,,1,,2,,,10,,1,22,,B03,120.85081,24.237945,3
2023,3,3,15,45,臺中市,沙鹿區,0,0,0,8,1,5,50,14,9,1,5,4,5,7,4,4,4,4,4,1,14,12,,,,,B03,,,1,,2,,,12,,1,22,,B03,120.566355,24.235333,3
2023,3,3,15,47,臺中市,大雅區,0,0,0,8,,,50,,,,,,,,,,,,,,,16,,,,,C03,,,1,,2,,,16,,1,22,,C03,120.653588,24.222865,3
2023,3,3,15,48,臺中市,沙鹿區,0,2,0,8,1,5,50,4,2,1,5,4,5,7,4,4,8,3,5,1,9,23,2,9,3,4,C03,7,9,1,10,2,14,,23,23,1,22,8,C03,120.554869,24.231322,2
2023,3,3,15,48,臺中市,豐原區,0,2,0,8,1,5,50,4,1,1,5,4,5,7,3,1,5,5,5,2,12,1,2,7,1,1,C03,7,9,1,10,9,12,,1,1,2,22,8,C03,120.730238,24.248418,2
2023,3,3,15,49,臺中市,東區,0,0,0,,,,50,,,,,,,,,,,,,,,43,,,,,B03,,,1,,11,,,43,,2,22,,B03,120.694305,24.150068,3
2023,3,3,15,49,臺中市,西屯區,0,0,0,8,,,50,,,,,,,,,,,,,,,42,,,,,B03,,,1,,1,,,42,,1,22,,B03,120.638278,24.159295,3
2023,3,3,15,50,臺中市,南區,0,2,0,8,1,5,50,14,9,1,5,4,5,7,4,4,9,5,5,2,17,19,2,9,1,1,C03,7,1,1,10,2,12,,19,19,1,16,8,C03,120.668981,24.113503,2
2023,3,3,15,50,臺中市,烏日區,0,1,0,8,1,5,30,4,1,1,5,4,5,7,3,1,5,5,5,1,16,6,2,9,1,1,C03,7,9,1,10,2,11,12,6,6,1,21,8,C03,120.61865,24.103128,2
2023,3,3,15,51,臺中市,西屯區,0,0,0,8,,,50,,,,,,,,,,,,,,,43,,,,,B03,,,6,,9,,,43,,1,22,,B03,120.657655,24.158401,3
2023,3,3,15,51,臺中市,清水區,0,0,0,8,,,70,,,,,,,,,,,,,,,23,,,,,B03,,,1,,1,,,23,,1,21,,B03,120.552289,24.293688,3
2023,3,3,15,53,臺中市,西屯區,0,1,0,8,1,5,50,14,9,1,5,4,5,7,4,4,5,5,5,2,13,16,2,8,1,1,C03,7,9,1,10,1,11,,16,16,1,4,8,C03,120.644171,24.166262,2
2023,3,3,15,56,臺中市,南屯區,0,0,0,8,,,50,,,,,,,,,,,,,,,6,,,,,C03,,,1,,1,,,6,,1,22,,C03,120.61342,24.146995,3
2023,3,3,15,56,臺中市,南屯區,0,2,0,8,1,5,50,14,7,1,5,4,3,7,4,4,9,5,4,2,3,51,2,9,1,1,H01,8,16,8,20,2,16,,51,51,1,22,8,H01,120.606361,24.135028,2
2023,3,3,15,58,臺中市,大里區,0,1,0,8,1,5,50,3,1,1,5,4,5,7,2,1,5,4,4,1,13,23,2,9,1,1,F01,7,9,8,20,8,16,,23,23,1,5,8,F01,120.68706,24.093556,2
2023,3,3,15,59,臺中市,太平區,0,1,0,8,1,5,50,3,1,1,5,4,5,7,1,1,10,5,5,2,18,42,2,9,1,1,C02,7,5,1,9,2,14,11,42,42,1,18,8,C02,120.718526,24.104501,2
2023,3,3,16,0,臺中市,北屯區,0,0,0,8,,,50,,,,,,,,,,,,,,,10,,,,,B12,,,1,,1,,,10,,1,5,,B12,120.678513,24.186576,3
2023,3,3,16,0,臺中市,神岡區,0,0,0,8,,,50,,,,,,,,,,,,,,,23,,,,,C03,,,1,,2,,,23,,1,12,,C03,120.697885,24.252363,3
2023,3,3,16,6,臺中市,北區,0,1,0,8,1,5,50,4,1,1,5,4,5,7,1,1,10,5,5,2,17,23,3,10,1,1,B03,7,6,1,8,2,8,,23,23,1,22,9,B03,120.665117,24.156691,2
2023,3,3,16,9,臺中市,西屯區,0,1,0,8,1,5,40,4,1,1,5,4,5,7,2,1,10,5,5,2,16,43,2,9,3,4,C04,7,9,1,10,2,11,,43,43,1,22,8,C04,120.668672,24.178276,2
2023,3,3,16,9,臺中市,西屯區,0,1,0,8,1,5,30,4,1,1,5,4,5,7,4,4,10,5,5,2,15,6,3,10,1,1,B03,7,9,1,8,2,1,,6,6,1,7,1,B03,120.642157,24.179971,2
2023,3,3,16,9,臺中市,太平區,0,1,0,8,1,5,40,14,8,1,5,4,5,7,4,4,5,5,4,1,17,40,3,10,1,1,B12,7,15,1,8,2,4,,40,40,1,22,8,B12,120.714766,24.158961,2
2023,3,3,16,9,臺中市,豐原區,0,0,0,8,,,50,,,,,,,,,,,,,,,23,,,,,B03,,,1,,2,,,23,,1,22,,B03,120.706778,24.250345,3
2023,3,3,16,10,臺中市,大里區,0,0,0,8,,,50,,,,,,,,,,,,,,,6,,,,,C03,,,1,,2,,,6,,1,12,,C03,120.698606,24.109315,3
2023,3,3,16,13,臺中市,大雅區,0,1,0,8,1,5,50,3,1,1,5,4,5,7,4,4,10,5,5,2,17,6,3,10,1,1,C03,7,6,1,10,2,14,,6,6,1,22,8,C03,120.657891,24.242302,2
2023,3,3,16,15,臺中市,霧峰區,0,0,0,8,,,50,,,,,,,,,,,,,,,23,,,,,B03,,,1,,2,,,23,,1,22,,B03,120.675326,24.064998,3
2023,3,3,16,15,臺中市,烏日區,0,2,0,8,1,5,40,4,1,1,5,4,5,7,1,1,10,5,5,2,17,8,2,9,1,1,C03,7,9,1,10,2,11,,23,8,1,4,8,C03,120.607981,24.118003,2
2023,3,3,16,16,臺中市,北區,0,3,0,8,1,5,50,4,1,1,5,4,5,7,1,1,5,2,4,2,16,6,2,9,1,1,C03,7,15,1,10,2,12,,6,6,1,22,8,C03,120.694326,24.155623,2
2023,3,3,16,16,臺中市,北屯區,0,0,0,8,,,60,,,,,,,,,,,,,,,23,,,,,B03,,,1,,1,,,23,,1,20,,B03,120.7215,24.1625,3
2023,3,3,16,19,臺中市,西屯區,0,1,0,8,1,5,50,3,1,1,5,4,5,7,1,1,10,5,5,2,16,6,3,10,1,1,B03,7,5,1,8,2,6,,6,6,1,21,8,B03,120.625016,24.185138,2
2023,3,3,16,20,臺中市,潭子區,0,1,0,8,1,5,30,4,1,1,5,4,5,7,4,4,8,3,5,1,17,6,2,9,1,1,C03,7,9,1,10,2,12,,6,6,1,22,8,C03,120.677477,24.204389,2
2023,3,3,16,21,臺中市,南區,0,0,0,,,,,,,,,,,,,,,,,,,43,,,,,,,,,,,,,43,,1,,,,120.678834,24.123945,3
2023,3,3,16,26,臺中市,北區,0,2,0,8,1,5,50,14,7,1,5,4,5,7,4,4,5,5,4,2,16,26,2,9,1,1,C03,7,1,1,10,2,14,,26,26,1,22,8,C03,120.680586,24.148921,2
2023,3,3,16,29,臺中市,潭子區,0,3,0,8,1,8,50,3,1,1,5,4,5,6,4,4,10,5,5,2,16,6,2,8,1,1,C03,7,5,1,10,2,12,,6,6,1,22,8,C03,120.701527,24.187828,2
2023,3,3,16,31,臺中市,西屯區,0,0,0,8,,,40,,,,,,,,,,,,,,,16,,,,,B03,,,1,,1,,,16,,1,22,,B03,120.64461,24.165116,3
2023,3,3,16,32,臺中市,潭子區,0,0,0,8,,,30,,,,,,,,,,,,,,,12,,,,,B03,,,1,,2,,,12,,1,22,,B03,120.708887,24.220927,3
2023,3,3,16,32,臺中市,新社區,0,1,0,8,1,5,40,4,2,1,5,4,5,7,4,4,7,4,5,2,16,6,3,10,1,1,C03,7,9,1,10,2,11,,6,6,1,22,9,C03,120.808812,24.216205,2
2023,3,3,16,33,臺中市,神岡區,0,0,0,8,,,50,,,,,,,,,,,,,,,23,,,,,C03,,,1,,11,,,23,23,2,22,,C03,120.698866,24.263204,3
2023,3,3,16,34,臺中市,北屯區,0,1,0,8,1,5,50,3,1,1,5,4,5,7,4,4,10,5,5,2,3,23,3,10,1,1,B12,7,9,1,8,2,1,,23,23,1,21,8,B12,120.671885,24.181866,2
2023,3,3,16,35,臺中市,北屯區,0,0,0,6,,,40,,,,,,,,,,,,,,,12,,,,,B03,,2,1,8,2,6,,12,12,1,21,8,B03,120.68645,24.17323,3
2023,3,3,16,36,臺中市,南區,0,1,0,8,1,5,50,4,1,1,5,4,5,7,4,4,5,4,4,2,16,8,3,10,1,1,B03,7,5,1,8,2,6,,8,8,1,9,8,B03,120.659881,24.116913,2
2023,3,3,16,36,臺中市,南區,0,0,0,,,,50,,,,,,,,,,,,,,,19,,,,,B03,,,1,,2,,,19,,1,22,,B03,120.666635,24.113955,3
2023,3,3,16,38,臺中市,大雅區,0,0,0,8,,,50,,,,,,,,,,,,,,,6,,,,,B03,,,1,,2,,,6,,1,22,,B03,120.671995,24.228732,3
2023,3,3,16,39,臺中市,北屯區,0,0,0,8,,,50,,,,,,,,,,,,,,,7,,,,,C03,,,1,,1,,,7,7,1,16,,C03,120.6865,24.2015,3
2023,3,3,16,40,臺中市,西屯區,0,0,0,8,,,50,,,,,,,,,,,,,,,10,,,,,C03,,,1,,1,,,10,,1,22,,C03,120.6607,24.16501,3
2023,3,3,16,41,臺中市,西區,0,0,0,8,,,50,,,,,,,,,,,,,,,8,,,,,C03,,,1,,1,,,8,,1,22,,C03,120.671253,24.146891,3
2023,3,3,16,41,臺中市,大里區,0,0,0,8,,,30,,,,,,,,,,,,,,,6,,,,,B03,,,1,,2,,,6,,1,21,,B03,120.684692,24.095585,3
2023,3,3,16,42,臺中市,西屯區,0,0,0,8,1,5,40,14,8,1,5,4,5,7,4,4,1,5,1,2,12,7,3,10,1,1,C03,7,8,1,10,2,12,,7,7,1,4,1,C03,120.618449,24.181187,3
2023,3,3,16,45,臺中市,大雅區,0,1,0,8,1,5,50,4,1,1,5,4,5,7,1,1,10,5,5,2,17,43,2,8,1,1,C03,7,5,1,10,2,11,,43,43,1,22,8,C03,120.653799,24.231068,2
2023,3,3,16,45,臺中市,潭子區,0,1,0,8,1,5,50,3,2,1,5,4,5,7,4,4,8,3,5,1,17,23,2,1,1,1,C03,7,9,1,10,2,11,,23,23,1,22,8,C03,120.709563,24.229851,2
2023,3,3,16,46,臺中市,西區,0,1,0,8,1,5,50,4,1,1,5,4,5,7,1,1,1,2,1,1,16,9,3,10,1,1,B03,7,6,1,8,9,6,,9,9,2,21,8,B03,120.662609,24.155678,2
2023,3,3,16,49,臺中市,西屯區,0,1,0,8,1,5,1,14,7,1,5,4,5,7,4,4,5,5,4,2,16,19,3,10,3,4,B03,7,1,1,8,2,5,,19,19,1,22,8,B03,120.665352,24.177928,2
2023,3,3,16,50,臺中市,北屯區,0,2,0,8,1,5,50,4,1,1,5,4,5,7,4,4,10,5,5,2,16,26,2,9,1,1,C03,7,9,1,10,2,11,12,26,26,1,5,8,C03,120.67171,24.175375,2
2023,3,3,16,52,臺中市,北屯區,0,1,0,8,1,5,50,4,1,1,5,4,5,7,1,1,10,5,5,2,15,25,2,9,1,1,C03,7,9,1,10,2,14,,25,25,1,21,8,C03,120.676256,24.200818,2
2023,3,3,16,56,臺中市,北區,0,1,0,8,1,5,50,14,7,1,5,4,5,7,4,4,4,5,4,2,13,23,2,5,1,1,C03,7,9,1,10,2,11,,23,23,1,5,8,C03,120.68127,24.150453,2
2023,3,3,16,58,臺中市,潭子區,0,0,0,8,,,30,,,,,,,,,,,,,,,19,,,,,C03,,,1,,2,,,19,,1,22,,C03,120.698561,24.195308,3
2023,3,3,16,59,臺中市,南屯區,0,1,0,8,1,5,50,4,1,1,5,4,5,7,2,1,10,5,5,2,16,6,3,10,1,1,B03,7,6,1,4,2,2,,6,6,1,22,8,B03,120.643921,24.13821,2
2023,3,3,17,0,臺中市,西屯區,0,0,0,8,,,1,,,,,,,,,,,,,,,26,,,,,B12,,,1,,2,,,26,,1,8,,B12,120.657351,24.158745,3
2023,3,3,17,2,臺中市,大里區,0,0,0,8,,,50,,,,,,,,,,,,,,,12,,,,,A31,,,1,,11,,,12,,1,5,,A31,120.697481,24.10303,3
2023,3,3,17,5,臺中市,大甲區,0,3,0,8,1,5,50,14,9,1,5,4,5,7,4,4,9,5,5,1,3,60,2,9,1,1,C03,7,9,1,10,2,11,,23,60,1,4,1,C03,120.640054,24.346621,2
2023,3,3,17,7,臺中市,北區,0,2,0,8,1,5,40,4,4,1,5,4,5,7,1,1,5,5,5,2,16,8,2,9,1,1,C03,7,5,1,10,2,14,,8,8,1,22,9,C03,120.67739,24.159013,2
2023,3,3,17,8,臺中市,東區,0,3,0,8,1,5,40,4,2,1,5,4,5,7,1,1,10,5,5,2,17,23,2,9,1,1,C03,7,9,6,18,2,14,11,23,23,1,22,8,C03,120.70384,24.138573,2
2023,3,3,17,9,臺中市,西屯區,0,0,0,8,,,50,,,,,,,,,,,,,,,17,,,,,C03,,,1,,11,,,17,,1,22,,C03,120.614768,24.186482,3
2023,3,3,17,10,臺中市,大雅區,0,2,0,8,2,5,50,4,2,1,5,4,5,7,1,1,5,5,4,1,16,6,2,9,1,1,C03,7,5,1,10,2,14,,6,6,1,22,9,C03,120.629593,24.208716,2
2023,3,3,17,11,臺中市,潭子區,0,1,0,8,1,5,50,3,1,1,5,4,5,7,4,4,10,5,5,2,16,19,3,10,1,1,B03,7,1,1,16,2,8,,19,19,1,22,8,B03,120.71027,24.202255,2
2023,3,3,17,12,臺中市,大雅區,0,2,0,8,1,5,50,14,9,1,5,4,5,7,4,4,5,5,5,2,12,44,2,9,1,1,C03,7,9,1,10,2,12,,44,44,1,22,9,C03,120.654178,24.229702,2
2023,3,3,17,14,臺中市,潭子區,0,0,0,8,,,80,,,,,,,,,,,,,,,7,,,,,A12,,,1,,2,,,7,,1,22,,A12,120.696555,24.201,3
2023,3,3,17,14,臺中市,南屯區,0,1,0,8,1,5,50,3,1,1,5,4,5,7,4,4,10,5,1,2,13,16,2,9,1,4,C03,7,9,1,10,2,11,,16,16,1,22,8,C03,120.637123,24.119536,2
2023,3,3,17,18,臺中市,西屯區,0,0,0,8,,,80,,,,,,,,,,,,,,,23,,,,,B03,,,1,,1,,,23,,1,22,,B03,120.66267,24.200693,3
2023,3,3,17,20,臺中市,西區,0,0,0,,,,50,,,,,,,,,,,,,,,23,,,,,C03,,,3,,2,,,23,,1,20,,C03,120.672769,24.135858,3
2023,3,3,17,25,臺中市,西區,0,0,0,8,1,5,50,14,9,1,5,4,5,7,4,4,10,5,5,2,12,23,,,,,B02,,,1,,1,,,23,23,1,21,,B02,120.660582,24.149681,3
2023,3,3,17,26,臺中市,東區,0,1,0,8,1,5,50,14,7,1,5,4,5,7,4,4,9,5,4,2,12,1,3,10,1,1,B12,7,9,1,8,2,2,,1,1,1,22,8,B12,120.703175,24.138581,2
2023,3,3,17,30,臺中市,沙鹿區,0,0,0,8,,,60,,,,,,,,,,,,,,,23,,,,,B12,,,1,,1,,,23,,1,10,,B12,120.558013,24.21141,3
2023,3,3,17,35,臺中市,西屯區,0,0,0,8,,,50,,,,,,,,,,,,,,,7,,,,,B03,,,1,,1,,,7,,1,4,,B03,120.64341,24.163722,3
2023,3,3,17,35,臺中市,烏日區,0,2,0,8,1,5,50,8,8,1,5,4,5,7,4,4,1,3,1,2,29,23,2,9,1,1,C03,7,9,1,10,2,11,,23,23,1,21,8,C03,120.648385,24.088048,2
2023,3,3,17,38,臺中市,南屯區,0,0,0,8,3,5,50,14,7,1,5,4,5,7,4,4,5,5,4,2,12,19,,,,,B03,,,1,,1,,,19,19,1,5,,B03,120.615276,24.148295,3
2023,3,3,17,40,臺中市,大雅區,0,0,0,8,,,50,,,,,,,,,,,,,,,23,,,,,B03,,,1,,1,,,23,,1,22,,B03,120.655426,24.229801,3
2023,3,3,17,40,臺中市,大雅區,0,1,0,8,2,5,50,14,9,1,5,4,5,7,4,4,9,5,5,2,16,6,3,10,1,1,B12,7,5,1,8,2,5,,6,6,1,22,9,B12,120.647644,24.214773,2
2023,3,3,17,47,臺中市,大甲區,0,1,0,8,1,5,70,4,1,1,5,4,5,7,1,1,10,5,5,2,16,6,3,10,1,1,B03,7,6,1,8,3,5,,6,6,1,4,1,B03,120.648383,24.376163,2
2023,3,3,17,51,臺中市,豐原區,0,2,0,8,1,5,50,14,9,1,5,4,5,7,4,4,1,4,5,1,13,42,3,10,1,1,B03,7,9,1,8,2,1,,42,42,1,22,8,B03,120.729594,24.257393,2
2023,3,3,17,52,臺中市,南區,0,1,0,8,2,5,50,5,1,1,5,4,5,7,1,1,10,5,5,2,15,25,3,10,1,1,B03,7,9,1,8,2,2,,25,25,1,5,8,B03,120.684287,24.129124,2
2023,3,3,17,53,臺中市,豐原區,0,1,0,8,1,5,50,4,1,1,5,4,5,7,1,1,10,5,5,2,16,6,3,10,1,1,B03,7,6,1,8,4,5,,6,6,1,22,8,B03,120.722498,24.236557,2
2023,3,3,17,53,臺中市,豐原區,0,1,0,8,2,5,50,14,7,1,5,4,5,7,1,1,5,4,4,2,17,44,3,10,1,1,B03,7,9,1,8,2,5,,44,44,1,21,8,B03,120.722296,24.254391,2
2023,3,3,17,56,臺中市,東區,0,1,0,8,3,5,50,4,9,1,5,4,5,7,1,1,5,5,5,2,16,26,3,10,3,4,C03,7,5,1,10,2,11,,26,26,1,22,8,C03,120.690203,24.12893,2
2023,3,3,17,56,臺中市,西屯區,0,0,0,8,,,50,,,,,,,,,,,,,,,23,,,,,B03,,,1,,1,,,23,,1,22,,B03,120.65521,24.200205,3
2023,3,3,17,57,臺中市,北區,0,1,0,8,1,5,50,4,1,1,5,4,5,7,4,4,5,5,4,2,17,43,,,,,,,,,,,,,43,43,2,,,,120.685499,24.147575,2
2023,3,3,17,59,臺中市,太平區,0,1,0,8,1,5,50,3,2,1,5,4,5,7,4,4,5,5,5,2,18,23,2,9,1,1,C03,7,9,1,10,2,14,,23,23,1,21,8,C03,120.706675,24.159352,2
2023,3,3,18,0,臺中市,西屯區,0,0,0,8,2,5,50,14,9,1,5,4,5,7,4,4,1,4,4,2,13,16,3,10,1,1,B03,7,9,1,8,2,1,,16,16,1,4,5,B03,120.64646,24.163591,3
2023,3,3,18,1,臺中市,西屯區,0,0,0,8,,,50,,,,,,,,,,,,,,,23,,,,,B03,,,1,,1,,,23,23,1,22,,B03,120.647507,24.155639,3
2023,3,3,18,3,臺中市,西屯區,0,1,0,8,2,5,50,4,1,1,5,4,5,7,2,1,10,5,5,2,16,8,2,8,1,1,C03,7,5,1,10,2,14,,8,8,1,18,8,C03,120.662688,24.163527,2
2023,3,3,18,10,臺中市,大肚區,0,1,0,8,2,5,50,3,1,1,5,4,5,7,4,4,10,5,5,2,16,6,2,8,1,1,C03,7,5,1,10,2,14,,6,6,1,5,8,C03,120.543979,24.156767,2
2023,3,3,18,11,臺中市,太平區,0,1,0,8,3,5,50,3,1,1,5,4,5,7,4,4,10,5,5,2,16,6,3,10,1,1,B03,7,6,3,18,2,2,,6,6,1,21,8,B03,120.701195,24.11243,2
2023,3,3,18,12,臺中市,北屯區,0,0,0,8,,,50,,,,,,,,,,,,,,,23,,,,,B03,,,1,,1,,,23,23,1,21,,B03,120.686433,24.197411,3
2023,3,3,18,13,臺中市,西區,0,2,0,8,1,5,50,3,1,1,5,4,5,7,4,4,10,5,5,2,16,6,2,9,1,1,C03,7,5,1,10,1,14,,6,6,1,21,8,C03,120.679108,24.137189,2
2023,3,3,18,14,臺中市,北區,0,2,0,7,3,5,50,4,1,1,5,4,5,7,4,4,10,5,5,2,15,6,2,9,1,1,C03,7,9,1,10,2,11,,14,6,1,5,8,C03,120.687513,24.16272,2
2023,3,3,18,14,臺中市,南區,0,2,0,7,3,5,50,14,9,1,5,4,5,7,4,4,5,5,5,2,16,26,2,9,1,1,F01,7,15,8,20,2,16,,26,26,1,22,9,F01,120.666675,24.113991,2
2023,3,3,18,19,臺中市,潭子區,0,0,0,8,,,60,,,,,,,,,,,,,,,23,,,,,B03,,,1,,2,,,23,,1,22,,B03,120.705359,24.211544,3
2023,3,3,18,19,臺中市,南屯區,0,0,0,8,,,50,,,,,,,,,,,,,,,17,,,,,B12,,,1,,1,,,17,17,1,22,,B12,120.646688,24.150759,3
2023,3,3,18,23,臺中市,南屯區,0,0,0,8,,,50,,,,,,,,,,,,,,,16,,,,,B03,,,1,,1,,,16,,1,5,,B03,120.646497,24.131794,3
2023,3,3,18,23,臺中市,烏日區,0,0,0,8,,,80,,,,,,,,,,,,,,,23,,,,,B12,,,1,,2,,,23,,1,9,,B12,120.610431,24.099391,3
2023,3,3,18,24,臺中市,北區,0,1,0,8,3,5,30,3,1,1,5,4,5,7,4,4,10,5,5,2,17,43,2,9,1,1,C03,7,6,1,10,2,12,,43,43,1,22,9,C03,120.679468,24.150506,2
2023,3,3,18,25,臺中市,大里區,0,1,0,8,3,5,50,4,1,1,5,4,5,7,1,1,10,5,5,2,13,16,2,9,1,1,C03,7,9,1,10,2,11,,16,16,1,5,5,C03,120.679636,24.108788,2
2023,3,3,18,26,臺中市,南區,0,0,0,,,,40,,,,,,,,,,,,,,,23,,,,,B03,,,1,,2,,,23,,1,5,,B03,120.652806,24.121457,3
2023,3,3,18,28,臺中市,霧峰區,0,1,0,8,3,5,50,4,2,1,5,4,5,7,1,1,10,5,5,2,17,23,2,9,1,1,C03,7,9,1,10,2,11,,23,23,1,22,8,C03,120.697294,24.059461,2
2023,3,3,18,28,臺中市,大里區,0,0,0,8,,,50,,,,,,,,,,,,,,,23,,,,,B03,,,1,,1,,,23,,1,22,,B03,120.684228,24.090839,3
2023,3,3,18,29,臺中市,潭子區,0,0,0,8,,,60,,,,,,,,,,,,,,,23,,,,,C03,,,1,,2,,,23,,1,21,,C03,120.704047,24.203733,3
2023,3,3,18,30,臺中市,西屯區,0,0,0,8,,,80,,,,,,,,,,,,,,,23,,,,,B03,,,1,,2,,,23,23,1,22,,B03,120.62834,24.162675,3
2023,3,3,18,32,臺中市,大雅區,0,1,0,8,4,5,30,4,1,1,5,4,5,7,3,1,10,5,5,1,15,6,3,10,1,1,C03,7,9,1,10,2,13,,6,6,1,22,9,C03,120.662892,24.221576,2
2023,3,3,18,38,臺中市,西屯區,0,1,0,8,3,5,50,4,2,1,5,4,5,7,2,1,5,5,5,2,12,17,2,9,1,1,C03,7,9,1,10,2,14,,17,17,1,2,1,C03,120.593292,24.183395,2
2023,3,3,18,39,臺中市,中區,0,0,0,8,3,5,50,14,9,1,5,4,5,7,4,4,2,4,5,2,13,23,,,,,B03,,,1,,1,,,23,,1,4,,B03,120.682134,24.145594,3
2023,3,3,18,39,臺中市,西屯區,0,0,0,8,,,50,,,,,,,,,,,,,,,25,,,,,B03,,,1,,2,,,25,,1,4,,B03,120.656291,24.160426,3
2023,3,3,18,40,臺中市,大雅區,0,1,0,8,3,5,50,3,1,1,5,4,5,7,4,4,10,5,5,2,17,16,2,7,1,1,C03,7,9,1,10,2,11,,16,16,1,22,8,C03,120.640325,24.219191,2
2023,3,3,18,41,臺中市,大里區,0,1,0,8,3,5,30,14,9,1,5,4,5,7,4,4,10,5,5,2,19,23,2,9,1,1,F02,7,9,8,20,5,16,,23,23,1,5,8,F02,120.672476,24.090478,2
2023,3,3,18,44,臺中市,西屯區,0,0,0,,,,50,,,,,,,,,,,,,,,42,,,,,B12,,,1,,1,,,42,,1,22,,B12,120.646285,24.168056,3
2023,3,3,18,44,臺中市,新社區,0,0,0,8,,,50,,,,,,,,,,,,,,,23,,,,,B12,,,1,,2,,,23,,1,22,,B12,120.794407,24.206375,3
2023,3,3,18,45,臺中市,南屯區,0,0,0,8,3,5,50,14,9,1,5,4,5,7,4,4,1,4,4,2,12,7,3,10,1,1,B03,7,7,1,8,2,2,,7,7,1,22,8,B03,120.647043,24.153015,3
2023,3,3,18,52,臺中市,霧峰區,0,1,0,8,3,5,40,4,1,1,5,4,5,7,1,1,10,5,5,2,16,6,2,9,3,4,C03,7,6,1,10,2,13,,6,6,1,18,8,C03,120.709285,24.080698,2
2023,3,3,18,55,臺中市,北區,0,1,0,8,3,5,40,14,8,1,5,4,5,7,4,4,5,5,4,2,13,16,2,6,1,1,C03,7,9,1,10,2,11,,16,16,1,5,8,C03,120.677936,24.149929,2
2023,3,3,19,0,臺中市,南屯區,0,0,0,8,,,50,,,,,,,,,,,,,,,23,,,,,B03,,,1,,1,,,23,,1,22,,B03,120.648033,24.146768,3
2023,3,3,19,0,臺中市,沙鹿區,0,1,0,8,3,5,50,4,1,1,5,4,5,7,3,1,10,5,5,2,15,6,2,8,1,1,C03,7,9,1,10,2,11,,6,6,1,5,5,C03,120.569547,24.241005,2
2023,3,3,19,0,臺中市,豐原區,0,1,0,8,3,5,50,3,1,1,5,4,5,7,1,1,10,5,5,2,17,7,3,10,1,1,B03,7,9,1,8,2,2,,44,7,1,22,8,B03,120.714758,24.245966,2
2023,3,3,19,3,臺中市,西屯區,0,1,0,8,3,5,50,14,9,1,5,4,5,7,4,4,4,4,5,2,12,44,3,10,3,4,B03,7,14,1,8,2,2,,44,44,1,22,8,B03,120.643474,24.164767,2
2023,3,3,19,5,臺中市,西屯區,0,0,0,8,,,40,,,,,,,,,,,,,,,67,,,,,,,,,,,,,67,,1,,,,120.637401,24.157521,3
2023,3,3,19,7,臺中市,大里區,0,1,0,8,3,5,50,3,7,1,5,4,5,7,1,1,9,3,4,1,13,23,2,9,1,1,C02,7,9,4,10,2,11,,23,23,1,22,9,C02,120.693498,24.090046,2