年,月,日,時,分,縣市,區,死,受傷,2-30,天候,光線,道路類別,速限,道路型態,事故位置,路面鋪裝,路面狀態,路面缺陷,障礙物,視距,號誌種類,號誌動作,分向設施,快車道或一般車道間,快慢車道間,路面邊線,事故類型及型態,主要肇因,受傷程度,主要傷處,保護裝備,行動電話,當事者區分,車輛用途,當事者行動狀態,駕駛資格情形,駕駛執照種類,飲酒情形,車輛撞擊部位最初,車輛撞擊部位其他,肇事因素個別,肇事因素主要,肇事逃逸,職業,旅次目的,車種,GPS緯度,GPS經度,事故類別
2023,3,4,9,30,臺中市,后里區,0,0,0,8,,,50,,,,,,,,,,,,,,,42,,,,,A12,,,1,,2,,,42,,1,22,,A12,120.72338,24.313156,3
2023,3,4,9,31,臺中市,北屯區,0,0,0,8,,,40,,,,,,,,,,,,,,,16,,,,,C03,,,1,,1,,,16,,1,22,,C03,120.685569,24.176998,3
2023,3,4,9,33,臺中市,北區,0,0,0,8,,,50,,,,,,,,,,,,,,,16,,,,,C03,,,1,,1,,,16,,1,22,,C03,120.687949,24.150631,3
2023,3,4,9,36,臺中市,后里區,0,2,0,8,1,5,50,14,9,1,5,4,5,7,4,4,5,5,5,2,16,6,2,2,1,1,B03,7,8,1,8,2,5,,6,6,1,22,8,B03,120.708979,24.305473,2
2023,3,4,9,40,臺中市,南區,0,0,0,,,,40,,,,,,,,,,,,,,,43,,,,,B03,,,1,,11,,,43,,1,21,,B03,120.661986,24.11699,3
2023,3,4,9,41,臺中市,烏日區,0,1,0,8,1,5,50,14,9,1,5,4,5,7,4,4,5,5,5,2,16,19,3,10,1,1,B03,7,1,1,8,2,8,,19,19,1,21,8,B03,120.639652,24.105143,2
2023,3,4,9,48,臺中市,大甲區,0,1,0,8,1,5,50,14,9,1,5,4,5,7,4,4,9,5,5,1,10,4,2,9,1,1,C03,7,15,6,18,2,11,,4,4,1,20,8,C03,120.657638,24.381425,2
2023,3,4,9,52,臺中市,南屯區,0,1,0,8,1,5,50,4,1,1,5,4,5,7,1,1,10,5,5,2,17,23,2,7,1,1,C03,7,9,1,10,2,15,,23,23,1,5,8,C03,120.63391,24.146069,2
2023,3,4,9,53,臺中市,大肚區,0,1,0,8,1,5,70,5,9,1,5,4,5,7,1,1,1,4,5,1,12,23,3,10,1,1,A42,7,8,1,1,2,8,,23,23,1,2,1,A42,120.548324,24.142586,2
2023,3,4,9,57,臺中市,東區,0,2,0,8,1,5,50,3,1,1,5,4,5,7,1,1,10,5,5,2,17,23,2,8,1,1,C03,7,9,1,10,2,12,,23,23,1,5,8,C03,120.692411,24.149942,2
2023,3,4,9,58,臺中市,太平區,0,0,0,8,,,50,,,,,,,,,,,,,,,19,,,,,B03,,,1,,11,,,19,,1,22,,B03,120.725131,24.144261,3
2023,3,4,10,1,臺中市,大里區,0,0,0,8,,,50,,,,,,,,,,,,,,,23,,,,,B03,,,1,,2,,,23,,1,5,,B03,120.691146,24.100988,3
2023,3,4,10,8,臺中市,石岡區,0,0,0,8,1,5,50,3,9,1,5,4,5,7,1,1,5,5,5,1,13,23,,,,,C03,,,1,,2,,,23,,1,22,,C03,120.81647,24.260138,3
2023,3,4,10,10,臺中市,東勢區,0,1,0,8,1,5,50,3,9,1,5,4,5,7,1,1,4,1,5,1,16,23,3,10,1,1,B03,7,5,1,8,2,5,,23,23,1,22,9,B03,120.83071,24.25149,2
2023,3,4,10,15,臺中市,南屯區,0,0,0,8,,,50,,,,,,,,,,,,,,,30,,,,,C03,,,1,10,1,,,30,30,1,12,,C03,120.633779,24.144438,3
2023,3,4,10,18,臺中市,烏日區,0,1,0,8,1,5,30,11,9,1,5,4,5,7,4,4,10,5,5,2,11,5,2,7,1,1,C03,7,9,1,10,2,14,,5,5,1,4,8,C03,120.605751,24.118816,2
2023,3,4,10,23,臺中市,龍井區,0,0,0,8,,,70,,,,,,,,,,,,,,,7,,,,,A31,,,1,,2,,,7,,1,10,,A31,120.541395,24.214859,3
2023,3,4,10,25,臺中市,大雅區,0,1,0,8,1,5,50,3,2,1,5,4,5,7,4,4,5,5,5,1,2,23,3,10,1,1,B12,7,9,1,6,2,5,,23,23,1,22,9,B12,120.62414,24.233317,2
2023,3,4,10,28,臺中市,太平區,0,0,0,,,,50,,,,,,,,,,,,,,,16,,,,,C03,,,1,,2,,,16,,1,5,,C03,120.720145,24.121144,3
2023,3,4,10,31,臺中市,南區,0,2,0,8,1,5,50,4,1,1,5,4,5,7,1,1,10,5,5,2,17,40,3,10,1,1,B03,7,13,1,8,2,4,,40,40,1,9,8,B03,120.666731,24.114148,2
2023,3,4,10,33,臺中市,大里區,0,0,0,8,,,25,,,,,,,,,,,,,,,26,,,,,B03,,,1,,2,,,26,,1,22,,B03,120.697495,24.111246,3
2023,3,4,10,35,臺中市,西屯區,0,0,0,8,,,50,,,,,,,,,,,,,,,23,,,,,C03,,,1,,2,,,23,,1,22,,C03,120.634162,24.163569,3
2023,3,4,10,37,臺中市,南區,0,1,0,8,1,5,50,4,1,1,5,4,5,7,1,1,10,5,5,2,18,23,2,9,1,1,C03,7,9,1,10,2,14,,23,23,1,22,8,C03,120.653897,24.122283,2
2023,3,4,10,37,臺中市,龍井區,0,2,0,8,1,5,50,3,1,1,5,4,5,7,4,4,10,5,5,2,11,42,2,9,1,1,C03,7,9,1,10,2,11,,42,42,1,22,8,C03,120.571774,24.177784,2
2023,3,4,10,40,臺中市,西屯區,0,1,0,8,1,5,50,4,1,1,5,4,5,7,1,1,10,5,5,2,24,23,2,9,3,4,C03,7,9,1,10,2,11,,23,23,1,22,9,C03,120.646239,24.164309,2
2023,3,4,10,40,臺中市,神岡區,0,0,0,8,,,50,,,,,,,,,,,,,,,23,,,,,B03,,,1,,2,,,23,,1,22,,B03,120.698765,24.248635,3
2023,3,4,10,41,臺中市,大里區,0,1,0,8,1,5,50,4,9,1,5,4,5,7,2,1,5,3,4,1,17,43,3,10,1,1,F01,7,9,8,20,2,16,,43,43,1,15,8,F01,120.684621,24.096943,2
2023,3,4,10,42,臺中市,東區,0,0,0,,,,50,,,,,,,,,,,,,,,19,,,,,B03,,,1,,1,,,19,,1,5,,B03,120.694428,24.142727,3
2023,3,4,10,47,臺中市,大雅區,0,2,0,8,1,5,30,4,1,1,5,4,5,7,4,4,10,5,5,2,17,6,2,1,1,1,C03,7,9,1,10,2,11,,6,6,1,22,8,C03,120.667101,24.217111,2
2023,3,4,10,49,臺中市,東區,0,1,0,8,1,5,50,4,1,1,5,4,5,7,2,1,10,5,5,2,16,6,3,10,1,1,B03,7,6,1,8,2,5,,6,6,1,21,8,B03,120.695607,24.141115,2
2023,3,4,10,51,臺中市,大里區,0,1,0,8,1,5,40,4,1,1,5,4,5,7,2,1,5,5,5,1,12,17,3,10,1,1,A12,7,9,1,7,2,2,,17,17,1,10,5,A12,120.70189,24.08599,2
2023,3,4,10,53,臺中市,北屯區,0,0,0,8,,,80,,,,,,,,,,,,,,,16,,,,,B03,,,1,,1,,,16,,1,21,,B03,120.72068,24.172175,3
2023,3,4,10,53,臺中市,東勢區,0,0,0,8,1,5,50,14,9,1,5,4,5,7,4,4,5,5,5,1,14,12,,,,,B03,,,1,,1,,,12,,1,22,,B03,120.825837,24.260536,3
2023,3,4,11,0,臺中市,西屯區,0,0,0,8,,,50,,,,,,,,,,,,,,,26,,,,,C03,,,4,,2,,,26,,1,4,,C03,120.644251,24.194815,3
2023,3,4,11,0,臺中市,清水區,0,0,0,8,,,50,,,,,,,,,,,,,,,12,,,,,B03,,,1,,2,,,12,,1,22,,B03,120.573002,24.271723,3
2023,3,4,11,0,臺中市,神岡區,0,1,0,8,1,5,50,14,7,1,5,4,5,7,4,4,5,4,4,2,17,16,2,9,1,1,C03,7,9,1,10,2,11,,16,16,1,12,8,C03,120.678529,24.249375,2
2023,3,4,11,1,臺中市,南屯區,0,0,0,8,,,40,,,,,,,,,,,,,,,19,,,,,B12,,,1,,1,,,19,,1,22,,B12,120.613405,24.138739,3
2023,3,4,11,2,臺中市,大里區,0,2,0,8,1,5,50,4,1,1,5,4,5,7,4,4,10,5,5,2,16,8,2,9,1,1,C03,7,5,1,10,2,11,,8,8,1,22,8,C03,120.7027,24.09824,2
2023,3,4,11,3,臺中市,北區,0,1,0,8,1,5,50,5,1,1,5,4,5,7,1,1,10,5,5,2,16,6,3,10,1,1,B03,7,5,1,8,2,8,,6,6,1,22,8,B03,120.676191,24.158299,2
2023,3,4,11,3,臺中市,北屯區,0,0,0,8,,,50,,,,,,,,,,,,,,,23,,,,,B03,,,1,,1,,,23,,1,21,,B03,120.706586,24.165524,3
2023,3,4,11,6,臺中市,北屯區,0,2,0,8,1,5,30,14,9,1,5,4,1,7,4,4,1,4,5,2,13,23,3,10,1,1,B03,7,9,6,8,2,1,,23,23,1,21,8,B03,120.666571,24.200726,2
2023,3,4,11,10,臺中市,清水區,0,1,0,8,1,5,50,4,1,1,5,4,5,7,1,1,10,5,5,2,3,25,3,10,1,1,C03,7,9,6,10,9,11,,25,25,2,21,8,C03,120.574806,24.267533,2
2023,3,4,11,13,臺中市,豐原區,0,0,0,8,,,50,,,,,,,,,,,,,,,23,,,,,B03,,,1,,2,,,23,23,1,21,,B03,120.719938,24.25356,3
2023,3,4,11,14,臺中市,大里區,0,0,0,8,,,50,,,,,,,,,,,,,,,38,,,,,B03,,,1,,9,,,38,,1,4,,B03,120.693909,24.090152,3
2023,3,4,11,19,臺中市,大里區,0,2,0,8,1,5,30,4,1,1,5,4,5,7,4,4,10,5,5,2,15,6,2,8,1,1,C03,7,9,1,10,2,11,,6,6,1,22,9,C03,120.684563,24.112081,2
2023,3,4,11,20,臺中市,清水區,0,1,0,8,1,5,40,3,1,1,5,4,5,7,1,1,1,4,1,1,16,25,2,9,1,1,C03,7,9,1,10,2,11,,25,25,1,22,8,C03,120.596388,24.303892,2
2023,3,4,11,22,臺中市,豐原區,0,0,0,8,1,5,30,15,9,1,5,4,5,7,4,4,10,5,5,2,17,16,3,10,1,1,B03,7,5,3,18,9,5,,16,16,1,22,8,B03,120.710531,24.240967,3
2023,3,4,11,23,臺中市,潭子區,0,0,0,8,,,0,,,,,,,,,,,,,,,12,,,,,B12,,,1,,2,,,12,,1,22,,B12,120.687444,24.214559,3
2023,3,4,11,29,臺中市,南屯區,0,0,0,8,,,40,,,,,,,,,,,,,,,42,,,,,C03,,,1,,1,,,42,,1,5,,C03,120.615318,24.148403,3
2023,3,4,11,29,臺中市,清水區,0,0,0,8,,,50,,,,,,,,,,,,,,,19,,,,,B03,,,1,,2,,,19,,1,21,,B03,120.576996,24.269706,3
2023,3,4,11,30,臺中市,外埔區,0,0,0,8,,,50,,,,,,,,,,,,,,,18,,,,,B03,,,1,,2,,,18,18,1,22,,B03,120.652808,24.332366,3
2023,3,4,11,33,臺中市,北屯區,0,0,0,8,,,50,,,,,,,,,,,,,,,23,,,,,B03,,,1,,1,,,23,,1,22,,B03,120.700839,24.178389,3
2023,3,4,11,37,臺中市,北區,0,0,0,,,,50,,,,,,,,,,,,,,,12,,,,,B03,,,1,,1,,,12,,1,21,,B03,120.663884,24.157614,3
2023,3,4,11,37,臺中市,西屯區,0,1,0,8,1,5,50,3,9,1,5,4,5,7,4,4,1,4,5,2,16,6,3,10,3,4,B03,7,6,1,8,2,2,,6,6,1,22,8,B03,120.637028,24.179191,2
2023,3,4,11,40,臺中市,清水區,0,1,0,8,1,5,50,11,9,1,5,4,5,7,4,4,5,5,5,1,17,12,3,10,1,1,B03,7,2,1,8,2,6,,12,12,1,22,8,B03,120.563472,24.305157,2
2023,3,4,11,43,臺中市,龍井區,0,1,0,8,1,5,30,4,1,1,5,4,5,7,4,4,10,5,5,2,17,42,2,8,1,1,C03,7,5,1,10,2,12,,42,42,1,22,8,C03,120.589023,24.17971,2
2023,3,4,11,45,臺中市,北屯區,0,0,0,8,,,30,,,,,,,,,,,,,,,12,,,,,B12,,,1,,11,,,12,,1,22,,B12,120.662505,24.189538,3
2023,3,4,11,51,臺中市,大里區,0,0,0,8,,,50,,,,,,,,,,,,,,,12,,,,,B03,,,1,,2,,,12,,1,22,,B03,120.696486,24.095834,3
2023,3,4,11,55,臺中市,北區,0,0,0,8,,,30,,,,,,,,,,,,,,,23,,,,,F01,,,1,,1,,,23,,1,22,,F01,120.684625,24.152297,3
2023,3,4,11,55,臺中市,霧峰區,0,0,0,8,,,40,,,,,,,,,,,,,,,12,,,,,B03,,,1,,2,,,12,,1,4,,B03,120.661826,24.069947,3
2023,3,4,11,56,臺中市,烏日區,0,2,0,8,1,5,30,4,9,1,5,4,5,3,4,4,10,5,5,2,16,6,2,9,1,1,C03,7,9,1,10,2,11,12,6,6,1,21,8,C03,120.639988,24.104299,2
2023,3,4,12,5,臺中市,南屯區,0,0,0,8,,,30,,,,,,,,,,,,,,,16,,,,,C03,,,1,10,1,,,16,16,1,23,,C03,120.61353,24.157218,3
2023,3,4,12,5,臺中市,西屯區,0,0,0,8,,,50,,,,,,,,,,,,,,,23,,,,,B02,,,1,,1,,,23,,1,22,,B02,120.625793,24.198605,3
2023,3,4,12,7,臺中市,梧棲區,0,1,0,8,1,5,30,14,8,1,5,4,5,7,4,4,1,4,1,1,16,19,3,10,1,1,B02,7,1,1,8,2,8,,19,19,1,11,8,B02,120.544213,24.246886,2
2023,3,4,12,8,臺中市,西屯區,0,0,0,8,,,50,,,,,,,,,,,,,,,23,,,,,B03,,,1,,1,,,23,,1,4,,B03,120.621204,24.180177,3
2023,3,4,12,9,臺中市,大肚區,0,1,0,8,1,5,30,3,2,1,5,4,5,7,4,4,10,5,5,2,16,6,2,8,1,1,F03,7,6,8,20,2,16,,6,6,1,2,8,F03,120.58581,24.115304,2
2023,3,4,12,10,臺中市,西區,0,0,0,8,,,50,,,,,,,,,,,,,,,6,,,,,B12,,,1,,1,,,6,,1,21,,B12,120.658868,24.137379,3
2023,3,4,12,10,臺中市,大里區,0,0,0,8,,,50,,,,,,,,,,,,,,,23,,,,,C03,,,1,,2,,,23,,1,5,,C03,120.696165,24.111573,3
2023,3,4,12,11,臺中市,北區,0,0,0,8,,,40,,,,,,,,,,,,,,,7,,,,,B03,,,1,,1,,,7,,1,22,,B03,120.664993,24.161223,3
2023,3,4,12,11,臺中市,太平區,0,1,0,8,1,5,50,4,1,1,5,4,5,7,4,4,10,5,5,2,15,6,3,10,1,1,C03,7,9,3,18,2,12,,6,6,1,22,8,C03,120.725264,24.122588,2
2023,3,4,12,12,臺中市,東區,0,1,0,8,1,5,50,4,1,1,5,4,5,7,1,1,10,5,5,2,17,9,3,10,1,1,B03,7,6,1,8,2,2,,9,9,1,22,8,B03,120.685837,24.14315,2
2023,3,4,12,15,臺中市,西屯區,0,0,0,8,,,50,,,,,,,,,,,,,,,23,,,,,B03,,,1,,2,,,23,,1,22,,B03,120.645635,24.191411,3
2023,3,4,12,17,臺中市,潭子區,0,1,0,8,1,5,30,3,1,1,5,4,5,5,4,4,10,5,5,2,16,6,2,9,1,1,C03,7,6,1,10,2,14,,6,6,1,22,8,C03,120.711655,24.211312,2
2023,3,4,12,18,臺中市,西屯區,0,0,0,8,,,50,,,,,,,,,,,,,,,23,,,,,B03,,,1,,1,,,23,,1,22,,B03,120.642744,24.172394,3
2023,3,4,12,20,臺中市,西區,0,0,0,,,,50,,,,,,,,,,,,,,,25,,,,,B03,,,1,,2,,,25,,1,20,,B03,120.666393,24.133614,3
2023,3,4,12,23,臺中市,西區,0,1,0,8,1,5,50,4,1,1,5,4,5,7,4,4,10,5,5,2,15,6,3,10,1,1,B03,7,9,1,8,2,1,,6,6,1,22,9,B03,120.667598,24.149559,2
2023,3,4,12,24,臺中市,豐原區,0,1,0,8,1,5,50,3,1,1,5,4,5,7,3,1,10,5,5,2,12,7,2,9,1,1,C03,7,7,3,18,2,14,,7,7,1,22,8,C03,120.715758,24.239365,2
2023,3,4,12,25,臺中市,西屯區,0,0,0,8,,,50,,,,,,,,,,,,,,,19,,,,,B03,,,1,,1,,,19,,1,4,,B03,120.618236,24.188088,3
2023,3,4,12,26,臺中市,潭子區,0,0,0,8,,,50,,,,,,,,,,,,,,,23,,,,,B03,,,1,,9,,,23,,1,22,,B03,120.702873,24.211491,3
2023,3,4,12,26,臺中市,南區,0,0,0,8,1,5,50,14,9,1,5,4,5,7,4,4,1,4,5,2,17,23,,,,,B03,,,1,,10,,,23,,2,5,,B03,120.649957,24.115907,3
2023,3,4,12,27,臺中市,北屯區,0,0,0,8,,,50,,,,,,,,,,,,,,,23,,,,,B03,,,3,,1,,,23,,1,21,,B03,120.672473,24.187901,3
2023,3,4,12,29,臺中市,北區,0,0,0,,,,,,,,,,,,,,,,,,,67,,,,,,,,,,,,,67,,1,,,,120.669883,24.169868,3
2023,3,4,12,30,臺中市,大甲區,0,2,0,8,1,5,50,5,2,1,5,4,5,7,4,4,5,5,5,1,17,19,2,9,1,1,C03,7,1,3,18,2,14,,19,19,1,4,8,C03,120.62578,24.348755,2
2023,3,4,12,33,臺中市,北屯區,0,2,0,8,1,5,50,14,7,1,5,4,5,7,4,4,1,4,4,2,13,42,3,10,1,1,B03,7,9,1,8,2,1,,42,42,1,21,8,B03,120.702218,24.18495,2
2023,3,4,12,35,臺中市,大里區,0,0,0,8,,,30,,,,,,,,,,,,,,,6,,,,,C03,,,1,,2,,,6,6,1,22,,C03,120.703853,24.097483,3
2023,3,4,12,36,臺中市,太平區,0,2,0,8,1,5,50,3,1,1,5,4,5,7,4,4,10,5,5,2,16,6,2,9,1,1,C03,7,5,1,10,2,11,,6,6,1,21,8,C03,120.713298,24.159886,2
2023,3,4,12,38,臺中市,太平區,0,3,0,8,1,5,50,3,2,1,5,4,5,7,4,4,5,4,5,1,16,7,2,9,1,1,C03,7,7,3,18,2,14,,7,7,1,17,8,C03,120.715327,24.127078,2
2023,3,4,12,39,臺中市,北區,0,1,0,8,1,5,50,4,2,1,5,4,5,7,1,1,5,4,5,2,29,23,3,10,1,1,C03,7,7,1,10,2,15,,23,23,1,22,8,C03,120.682005,24.154658,2
2023,3,4,12,40,臺中市,大肚區,0,0,0,8,,,30,,,,,,,,,,,,,,,12,,,,,B03,,,1,,2,,,12,,1,21,,B03,120.542407,24.169217,3
2023,3,4,12,42,臺中市,北屯區,0,0,0,8,,,50,,,,,,,,,,,,,,,23,,,,,B03,,,1,,2,,,23,23,1,21,,B03,120.744012,24.184062,3
2023,3,4,12,45,臺中市,南區,0,2,0,8,1,5,40,4,1,1,5,4,5,7,4,4,10,5,5,2,15,6,2,9,1,1,C03,7,9,1,10,2,12,,6,6,1,22,8,C03,120.68118,24.134221,2
2023,3,4,12,45,臺中市,南屯區,0,0,0,8,,,40,,,,,,,,,,,,,,,23,,,,,B03,,,1,,2,,,23,,1,22,,B03,120.640579,24.149879,3
2023,3,4,12,49,臺中市,北區,0,0,0,8,,,50,,,,,,,,,,,,,,,43,,,,,B03,,,1,,11,,,43,,1,22,,B03,120.6754,24.14933,3
2023,3,4,12,49,臺中市,烏日區,0,0,0,8,,,30,,,,,,,,,,,,,,,6,,,,,B03,,,1,,2,,,6,,1,21,,B03,120.644256,24.112747,3
2023,3,4,12,51,臺中市,北區,0,3,0,8,1,5,50,4,1,1,5,4,5,7,1,1,10,5,5,2,16,7,2,9,1,1,C03,7,10,1,10,2,12,,7,7,1,22,9,C03,120.68616,24.146227,2
2023,3,4,12,58,臺中市,西屯區,0,1,0,8,1,5,50,3,9,1,5,4,5,7,4,4,1,4,5,2,16,6,3,10,3,4,B03,7,6,1,8,2,5,,6,6,1,22,8,B03,120.638251,24.16934,2
2023,3,4,13,0,臺中市,大里區,0,0,0,8,,,50,,,,,,,,,,,,,,,12,,,,,B03,,,1,,2,,,12,,1,22,,B03,120.679293,24.113785,3
2023,3,4,13,3,臺中市,霧峰區,0,0,0,8,,,40,,,,,,,,,,,,,,,23,,,,,B03,,,1,,2,,,23,23,1,4,,B03,120.672484,24.042527,3
2023,3,4,13,4,臺中市,西區,0,0,0,8,,,50,,,,,,,,,,,,,,,12,,,,,B02,,,1,,1,,,44,12,1,22,,B02,120.659558,24.136412,3
2023,3,4,13,6,臺中市,豐原區,0,0,0,8,,,50,,,,,,,,,,,,,,,16,,,,,B03,,,1,,2,,,16,,1,22,,B03,120.745249,24.263121,3
2023,3,4,13,10,臺中市,石岡區,0,0,0,8,1,5,30,14,9,1,5,4,5,7,4,4,10,5,5,1,11,17,,,,,B03,,,1,,2,,,17,,1,22,,B03,120.807654,24.26668,3
2023,3,4,13,18,臺中市,北區,0,1,0,8,1,5,40,3,1,1,5,4,5,7,4,4,5,5,4,2,16,19,2,9,1,1,C03,7,1,1,10,2,14,,19,19,1,21,8,C03,120.672719,24.169997,2
2023,3,4,13,18,臺中市,大里區,0,0,0,8,,,50,,,,,,,,,,,,,,,44,,,,,C03,,,1,,2,,,44,,1,22,,C03,120.692538,24.090921,3
2023,3,4,13,20,臺中市,后里區,0,1,0,8,1,5,50,14,12,1,5,4,5,7,4,4,5,5,4,1,17,30,3,10,1,1,A12,7,9,1,2,2,15,,30,30,1,20,8,A12,120.718228,24.309527,2
2023,3,4,13,21,臺中市,西區,0,1,0,8,1,5,50,4,1,1,5,4,5,7,2,1,10,5,5,2,12,7,2,9,1,1,C03,7,8,1,10,2,12,,7,7,1,5,5,C03,120.661673,24.150865,2
2023,3,4,13,21,臺中市,西區,0,1,0,8,1,5,50,4,1,1,5,4,5,7,2,1,10,5,5,2,16,6,3,10,1,1,B03,7,5,1,8,2,1,,6,6,1,20,8,B03,120.661694,24.132131,2
2023,3,4,13,23,臺中市,沙鹿區,0,1,0,8,1,5,40,4,1,1,5,4,5,7,4,4,10,5,5,2,15,6,2,9,1,1,C03,7,9,1,10,2,11,,6,6,1,18,9,C03,120.569522,24.230333,2
2023,3,4,13,24,臺中市,北屯區,0,0,0,8,,,50,,,,,,,,,,,,,,,23,,,,,C03,,,1,,1,,,23,,1,22,,C03,120.668902,24.173892,3
2023,3,4,13,25,臺中市,大里區,0,0,0,8,,,50,,,,,,,,,,,,,,,12,,,,,B03,,,1,,2,,,12,,1,22,,B03,120.693745,24.109055,3
2023,3,4,13,26,臺中市,大里區,0,1,0,8,1,5,50,4,9,1,5,4,5,7,2,1,5,3,4,1,16,9,3,10,1,1,B03,7,6,5,18,2,8,,9,9,1,5,8,B03,120.689778,24.100963,2
2023,3,4,13,29,臺中市,北區,0,1,0,8,1,5,50,4,1,1,5,4,5,7,4,4,10,5,5,2,15,6,3,10,1,1,B03,7,9,1,8,2,5,,6,6,1,22,9,B03,120.675574,24.14859,2
2023,3,4,13,30,臺中市,西區,0,0,0,8,,,50,,,,,,,,,,,,,,,23,,,,,B03,,,1,,1,,,23,,1,21,,B03,120.672872,24.155689,3
2023,3,4,13,30,臺中市,北區,0,2,0,8,1,5,50,4,1,1,5,4,5,7,4,4,5,5,5,2,15,6,2,9,1,1,C03,7,1,1,10,2,12,,6,19,1,22,7,C03,120.682372,24.160855,2
2023,3,4,13,30,臺中市,沙鹿區,0,0,0,8,,,30,,,,,,,,,,,,,,,5,,,,,B03,,,1,,2,,,5,,1,22,,B03,120.577752,24.242692,3
2023,3,4,13,30,臺中市,沙鹿區,0,3,0,8,1,5,40,5,1,1,5,4,5,7,2,1,10,5,5,2,15,42,2,9,1,1,C03,7,9,1,10,2,11,,42,42,1,3,5,C03,120.563291,24.24736,2
2023,3,4,13,34,臺中市,西屯區,0,1,0,8,1,5,50,4,1,1,5,4,5,7,1,1,10,5,5,2,16,26,2,9,1,1,C03,7,5,1,10,2,12,,26,26,1,4,8,C03,120.656534,24.200007,2
2023,3,4,13,37,臺中市,北區,0,1,0,8,1,5,30,4,1,1,5,4,3,5,4,4,10,5,5,2,15,6,3,10,1,1,B03,7,9,1,8,2,5,,6,6,1,21,8,B03,120.67962,24.152935,2
2023,3,4,13,38,臺中市,西屯區,0,1,0,8,1,5,50,14,9,1,5,4,5,7,4,4,1,4,4,2,13,42,3,10,3,4,B03,7,9,1,8,2,1,,42,42,1,22,8,B03,120.668983,24.177744,2
2023,3,4,13,39,臺中市,西屯區,0,0,0,8,,,50,,,,,,,,,,,,,,,12,,,,,B03,,,1,,1,,,12,,1,22,,B03,120.632618,24.162101,3
2023,3,4,13,41,臺中市,太平區,0,1,0,8,1,5,50,14,8,1,5,4,5,7,4,4,5,4,4,1,26,43,2,9,1,1,C03,7,9,1,10,1,11,,43,43,1,22,8,C03,120.732435,24.115555,2
2023,3,4,13,43,臺中市,南屯區,0,2,0,8,1,5,50,4,1,1,5,4,5,7,2,1,1,4,4,2,13,23,2,7,3,4,C03,7,9,1,10,2,11,,23,23,1,22,9,C03,120.651393,24.150876,2
2023,3,4,13,43,臺中市,北屯區,0,1,0,8,1,5,50,4,1,1,5,4,5,7,1,1,10,5,5,2,15,25,3,10,1,1,B03,7,9,1,8,2,4,,25,25,1,22,8,B03,120.676136,24.200773,2
2023,3,4,13,44,臺中市,大里區,0,0,0,8,,,40,,,,,,,,,,,,,,,17,,,,,A11,,,1,,2,,,17,,1,10,,A11,120.703628,24.101394,3
2023,3,4,13,45,臺中市,大甲區,0,0,0,8,1,6,50,14,9,1,5,4,5,7,4,4,4,5,5,1,17,43,3,10,4,5,F01,8,13,8,20,10,16,,43,43,1,15,8,F01,120.653754,24.382575,3
2023,3,4,13,50,臺中市,西屯區,0,2,0,8,1,5,50,4,1,1,5,4,5,7,4,4,8,5,5,1,3,23,2,9,1,4,B01,7,5,1,8,1,1,,23,23,1,4,8,B01,120.63523,24.17419,2
2023,3,4,13,56,臺中市,大雅區,0,1,0,8,1,5,50,3,2,1,5,4,5,7,4,4,5,5,5,1,16,6,3,10,1,1,B03,7,5,1,8,2,5,,6,6,1,22,9,B03,120.644874,24.223046,2
2023,3,4,13,58,臺中市,潭子區,0,2,0,8,1,5,60,14,8,1,5,4,5,7,4,4,1,4,4,1,13,23,3,10,1,1,B03,7,14,1,8,2,7,,38,23,1,22,9,B03,120.702324,24.187287,2
2023,3,4,14,0,臺中市,太平區,0,0,0,8,,,50,,,,,,,,,,,,,,,23,,,,,B12,,,1,,2,,,23,,1,5,,B12,120.714731,24.149158,3
2023,3,4,14,0,臺中市,清水區,0,0,0,8,,,50,,,,,,,,,,,,,,,18,,,,,B03,,,1,,2,,,18,,1,21,,B03,120.579512,24.270802,3
2023,3,4,14,0,臺中市,大甲區,0,0,0,8,,,50,,,,,,,,,,,,,,,12,,,,,B03,,,1,,2,,,12,,1,4,,B03,120.62536,24.345456,3
2023,3,4,14,11,臺中市,梧棲區,0,1,0,8,1,5,50,4,1,1,5,4,5,7,1,1,10,5,5,2,12,3,3,10,2,1,F01,7,9,8,20,2,16,,3,3,1,15,8,F01,120.538935,24.249408,2
2023,3,4,14,13,臺中市,北屯區,0,1,0,8,1,5,50,14,7,1,5,4,5,7,4,4,5,5,4,1,13,23,2,9,1,1,C03,7,9,1,10,2,11,,23,23,1,19,8,C03,120.689861,24.180204,2
2023,3,4,14,15,臺中市,中區,0,1,0,8,1,5,50,14,9,1,5,4,5,7,4,4,5,5,5,2,11,19,3,10,1,1,C03,7,1,1,10,2,11,,19,19,1,22,9,C03,120.677111,24.143143,2
2023,3,4,14,15,臺中市,沙鹿區,0,0,0,8,,,40,,,,,,,,,,,,,,,7,,,,,B03,,,1,,2,,,7,,1,21,,B03,120.578477,24.223393,3
2023,3,4,14,17,臺中市,南屯區,0,1,0,8,1,5,1,15,20,2,5,4,5,7,4,4,10,5,5,2,29,26,2,9,1,1,C03,7,15,1,10,2,14,,26,26,1,18,8,C03,120.636691,24.146973,2