年,月,日,時,分,縣市,區,死,受傷,2-30,天候,光線,道路類別,速限,道路型態,事故位置,路面鋪裝,路面狀態,路面缺陷,障礙物,視距,號誌種類,號誌動作,分向設施,快車道或一般車道間,快慢車道間,路面邊線,事故類型及型態,主要肇因,受傷程度,主要傷處,保護裝備,行動電話,當事者區分,車輛用途,當事者行動狀態,駕駛資格情形,駕駛執照種類,飲酒情形,車輛撞擊部位最初,車輛撞擊部位其他,肇事因素個別,肇事因素主要,肇事逃逸,職業,旅次目的,車種,GPS緯度,GPS經度,事故類別
2023,3,4,14,18,臺中市,南屯區,0,0,0,8,1,5,50,14,9,1,5,4,5,7,1,1,1,4,5,2,13,16,,,,,B03,,,1,,1,,,16,,1,5,,B03,120.630846,24.14649,3
2023,3,4,14,19,臺中市,大安區,0,0,0,,,,50,,,,,,,,,,,,,,,5,,,,,B03,,,1,,2,,,5,,1,5,,B03,120.606911,24.349441,3
2023,3,4,14,20,臺中市,西屯區,0,1,0,8,1,5,50,3,9,1,5,4,5,7,4,4,1,4,5,2,16,6,3,10,3,4,B03,7,6,1,8,2,6,,6,6,1,22,8,B03,120.654668,24.199073,2
2023,3,4,14,20,臺中市,太平區,0,0,0,8,,,30,,,,,,,,,,,,,,,6,,,,,B03,,,1,,2,,,6,,1,5,,B03,120.71932,24.121698,3
2023,3,4,14,26,臺中市,西屯區,0,0,0,8,,,50,,,,,,,,,,,,,,,44,,,,,B03,,,1,,1,,,44,,1,22,,B03,120.646683,24.195649,3
2023,3,4,14,26,臺中市,西屯區,0,0,0,8,,,50,,,,,,,,,,,,,,,23,,,,,B03,,,1,,1,,,23,,1,4,,B03,120.660925,24.17152,3
2023,3,4,14,30,臺中市,大肚區,0,0,0,8,,,50,,,,,,,,,,,,,,,23,,,,,F01,,,8,,1,,,23,,1,14,,F01,120.547276,24.152034,3
2023,3,4,14,35,臺中市,北區,0,0,0,8,,,50,,,,,,,,,,,,,,,19,,,,,C03,,,1,,1,,,19,,1,22,,C03,120.682494,24.164441,3
2023,3,4,14,35,臺中市,西屯區,0,0,0,8,,,30,,,,,,,,,,,,,,,23,,,,,C03,,,1,,1,,,23,,1,22,,C03,120.618313,24.174704,3
2023,3,4,14,35,臺中市,西屯區,0,0,0,8,,,50,,,,,,,,,,,,,,,6,,,,,B03,,,1,,1,,,6,,1,4,,B03,120.643698,24.161685,3
2023,3,4,14,35,臺中市,清水區,0,0,0,8,,,60,,,,,,,,,,,,,,,25,,,,,B03,,,1,,2,,,25,,1,22,,B03,120.54416,24.268027,3
2023,3,4,14,36,臺中市,北區,0,0,0,,,,50,,,,,,,,,,,,,,,16,,,,,C03,,,1,,11,,,16,,1,22,,C03,120.685568,24.156019,3
2023,3,4,14,36,臺中市,西屯區,0,0,0,8,,,70,,,,,,,,,,,,,,,23,,,,,B03,,,1,,1,,,23,,1,22,,B03,120.62171,24.179966,3
2023,3,4,14,37,臺中市,西屯區,0,0,0,8,2,5,60,14,7,1,5,4,5,7,4,4,1,4,1,2,13,23,3,10,1,1,B03,7,9,1,8,6,1,,23,23,1,22,9,B03,120.653817,24.160692,3
2023,3,4,14,37,臺中市,烏日區,0,1,0,8,1,5,40,5,1,1,5,4,5,7,3,1,1,5,5,2,16,6,2,9,1,1,C03,7,9,1,10,2,11,14,6,6,1,21,8,C03,120.644256,24.112747,2
2023,3,4,14,39,臺中市,烏日區,0,1,0,8,1,5,60,14,8,1,5,4,5,7,4,4,1,4,4,1,17,19,3,10,1,1,B03,7,1,1,8,2,4,,19,19,1,19,8,B03,120.622469,24.104793,2
2023,3,4,14,41,臺中市,霧峰區,0,3,0,8,1,5,30,3,1,1,5,4,5,7,4,4,10,5,5,2,13,16,2,8,1,1,C03,7,9,1,10,2,11,,16,16,1,22,8,C03,120.674211,24.06478,2
2023,3,4,14,45,臺中市,南區,0,0,0,,,,30,,,,,,,,,,,,,,,23,,,,,B03,,,1,,9,,,23,,2,5,,B03,120.671275,24.110904,3
2023,3,4,14,46,臺中市,西屯區,0,3,0,8,1,5,50,4,1,1,5,4,5,7,4,4,10,5,5,2,15,6,2,1,3,4,B03,7,9,1,8,2,4,,6,6,1,22,8,B03,120.623558,24.177518,2
2023,3,4,14,48,臺中市,沙鹿區,0,0,0,8,,,50,,,,,,,,,,,,,,,12,,,,,C03,,,1,,2,,,12,,1,9,,C03,120.569755,24.243566,3
2023,3,4,14,48,臺中市,豐原區,0,1,0,8,1,5,50,14,9,1,5,4,5,7,3,1,1,5,5,1,16,6,3,10,1,1,B03,7,6,1,8,2,5,,6,6,1,22,8,B03,120.742162,24.271315,2
2023,3,4,14,49,臺中市,烏日區,0,1,0,8,1,5,40,11,8,1,5,4,5,7,4,4,1,4,4,2,18,42,2,9,1,1,C03,7,9,1,10,2,12,,42,42,1,18,8,C03,120.586248,24.111868,2
2023,3,4,14,57,臺中市,西區,0,1,0,8,1,5,50,4,1,1,5,4,5,7,1,1,10,5,5,2,12,23,3,10,1,1,B03,7,7,1,8,2,5,,23,7,1,22,9,B03,120.670255,24.146337,2
2023,3,4,14,58,臺中市,西區,0,3,0,8,1,5,50,4,1,1,5,4,5,7,1,1,5,2,4,1,16,25,2,9,1,1,C03,7,9,1,10,2,12,,25,25,1,21,8,C03,120.666736,24.141067,2
2023,3,4,14,58,臺中市,北區,0,2,0,8,1,5,50,4,1,1,5,4,5,7,1,1,10,5,5,2,16,9,3,10,1,1,B03,7,6,1,8,2,6,,9,9,1,22,9,B03,120.670933,24.160363,2
2023,3,4,14,59,臺中市,西區,0,0,0,8,1,5,50,14,9,1,5,4,5,7,4,4,1,4,5,2,12,42,,,,,F01,,,8,,2,,,42,,1,22,,F01,120.672853,24.151876,3
2023,3,4,15,0,臺中市,梧棲區,0,0,0,8,,,50,,,,,,,,,,,,,,,43,,,,,B12,,,1,,9,,,43,,1,9,,B12,120.533698,24.263596,3
2023,3,4,15,2,臺中市,北屯區,0,0,0,8,,,50,,,,,,,,,,,,,,,23,,,,,C03,,,1,,1,,,23,,1,21,,C03,120.693245,24.183019,3
2023,3,4,15,3,臺中市,大里區,0,0,0,8,1,5,50,3,2,1,5,4,5,7,4,4,5,5,5,1,12,17,,,,,B03,,,1,,2,,,17,,1,22,,B03,120.682069,24.092777,3
2023,3,4,15,5,臺中市,豐原區,0,1,0,8,1,5,30,3,2,1,5,4,5,3,4,4,10,5,5,2,11,8,3,10,1,1,C03,7,5,1,10,2,11,,8,8,1,22,8,C03,120.734735,24.249048,2
2023,3,4,15,12,臺中市,北區,0,0,0,8,,,50,,,,,,,,,,,,,,,16,,,,,C03,,,1,,1,,,16,,1,5,,C03,120.67502,24.149051,3
2023,3,4,15,12,臺中市,西屯區,0,2,0,8,1,5,50,4,1,1,5,4,5,7,1,1,9,4,1,2,16,25,3,10,1,1,C03,7,9,1,10,2,11,,25,25,1,12,8,C03,120.653258,24.160817,2
2023,3,4,15,12,臺中市,西屯區,0,1,0,8,1,5,50,4,2,1,5,4,5,7,2,1,5,4,4,2,16,26,2,9,1,1,C03,7,9,1,10,2,12,14,26,26,1,5,4,C03,120.648608,24.17451,2
2023,3,4,15,14,臺中市,北區,0,0,0,,,,,,,,,,,,,,,,,,,43,,,,,B03,,,1,,11,,,43,,1,22,,B03,120.694541,24.160086,3
2023,3,4,15,17,臺中市,北區,0,0,0,8,,,50,,,,,,,,,,,,,,,16,,,,,C03,,,8,,10,,,16,,2,22,,C03,120.686516,24.145377,3
2023,3,4,15,18,臺中市,北屯區,0,0,0,8,,,50,,,,,,,,,,,,,,,7,,,,,B03,,,1,,1,,,7,,1,21,,B03,120.666225,24.184306,3
2023,3,4,15,22,臺中市,烏日區,0,0,0,8,1,5,30,3,1,1,5,4,5,7,4,4,10,5,5,1,10,23,3,10,2,1,F03,7,5,8,20,8,16,,23,23,1,21,8,F03,120.637901,24.085428,3
2023,3,4,15,23,臺中市,西區,0,0,0,,,,50,,,,,,,,,,,,,,,7,,,,,B03,,,1,,1,,,7,,1,20,,B03,120.665943,24.128884,3
2023,3,4,15,25,臺中市,太平區,0,0,0,8,,,50,,,,,,,,,,,,,,,12,,,,,B12,,,1,,2,,,12,,1,5,,B12,120.729764,24.127344,3
2023,3,4,15,26,臺中市,西區,0,0,0,,,,50,,,,,,,,,,,,,,,23,,,,,C03,,,2,,2,,,23,,1,5,,C03,120.671162,24.145513,3
2023,3,4,15,32,臺中市,大肚區,0,0,0,,,,50,,,,,,,,,,,,,,,16,,,,,B03,,,1,,2,,,16,16,1,5,,B03,120.57043,24.155876,3
2023,3,4,15,35,臺中市,北屯區,0,0,0,8,,,30,,,,,,,,,,,,,,,6,,,,,C03,,,1,10,1,,,6,6,1,21,,C03,120.697302,24.182635,3
2023,3,4,15,41,臺中市,大雅區,0,1,0,8,1,5,50,5,1,1,5,4,5,7,2,1,3,4,4,1,18,23,2,9,1,1,C03,7,6,3,18,2,15,,23,23,1,22,9,C03,120.63022,24.24113,2
2023,3,4,15,41,臺中市,南屯區,0,0,0,8,1,5,40,4,1,1,5,4,5,7,1,1,1,2,3,2,16,25,3,10,1,1,B03,7,6,1,8,1,2,,25,25,1,22,8,B03,120.623622,24.149456,3
2023,3,4,15,41,臺中市,南屯區,0,0,0,8,,,50,,,,,,,,,,,,,,,23,,,,,C03,,,1,,1,,,23,,1,22,,C03,120.630806,24.150796,3
2023,3,4,15,44,臺中市,北屯區,0,0,0,8,,,30,,,,,,,,,,,,,,,42,,,,,B12,,,1,,9,,,42,,2,5,,B12,120.66918,24.183762,3
2023,3,4,15,47,臺中市,西屯區,0,1,0,8,1,5,50,4,1,1,5,4,5,7,2,1,10,5,5,2,16,6,3,10,3,4,B12,7,5,1,8,2,5,,6,6,1,22,8,B12,120.637449,24.177602,2
2023,3,4,15,50,臺中市,西屯區,0,1,0,8,1,5,50,3,1,1,5,4,5,7,2,1,10,5,5,2,17,38,3,10,1,1,C03,7,14,1,10,2,11,,38,38,1,21,8,C03,120.664676,24.178186,2
2023,3,4,15,51,臺中市,北屯區,0,2,0,8,1,5,40,14,7,1,5,4,5,7,4,4,9,5,4,2,16,10,3,10,3,4,B03,7,11,1,8,2,8,,10,10,1,21,8,B03,120.728992,24.169091,2
2023,3,4,15,53,臺中市,豐原區,0,1,0,8,1,5,30,3,1,1,5,4,5,7,4,4,10,5,5,2,16,6,3,10,1,1,C03,7,5,1,10,2,14,,6,6,1,9,8,C03,120.719241,24.239598,2
2023,3,4,16,5,臺中市,沙鹿區,0,0,0,8,,,60,,,,,,,,,,,,,,,7,,,,,B03,,,1,,2,,,7,,1,4,,B03,120.586322,24.250119,3
2023,3,4,16,6,臺中市,新社區,0,0,0,8,,,50,,,,,,,,,,,,,,,23,,,,,C03,,,1,,1,,,23,,1,22,,C03,120.820759,24.177669,3
2023,3,4,16,8,臺中市,太平區,0,1,0,8,1,5,50,4,2,1,5,4,5,7,2,1,10,5,5,2,13,23,2,8,1,1,C03,7,6,1,10,2,11,,23,23,1,18,8,C03,120.734309,24.148366,2
2023,3,4,16,10,臺中市,沙鹿區,0,0,0,8,,,60,,,,,,,,,,,,,,,23,,,,,B03,,,1,,2,,,23,,1,3,,B03,120.580887,24.214497,3
2023,3,4,16,12,臺中市,大雅區,0,1,0,8,1,5,30,3,2,1,5,4,5,7,4,4,10,5,5,2,16,6,2,9,1,1,C03,7,5,1,10,2,12,,6,6,1,22,9,C03,120.669421,24.222667,2
2023,3,4,16,21,臺中市,北屯區,0,0,0,8,,,50,,,,,,,,,,,,,,,12,,,,,B03,,,1,,2,,,12,,1,21,,B03,120.722203,24.158636,3
2023,3,4,16,23,臺中市,潭子區,0,0,0,,,,30,,,,,,,,,,,,,,,12,,,,,B03,,,1,,2,,,12,,1,22,,B03,120.709992,24.228297,3
2023,3,4,16,29,臺中市,西屯區,0,0,0,8,,,50,,,,,,,,,,,,,,,23,,,,,B03,,,1,,1,,,23,,1,22,,B03,120.651711,24.166335,3
2023,3,4,16,34,臺中市,北屯區,0,1,0,8,1,5,50,14,9,1,5,4,5,7,4,4,9,4,4,2,17,19,2,9,1,1,C03,7,1,1,10,2,14,,19,19,1,21,8,C03,120.69663,24.177096,2
2023,3,4,16,40,臺中市,太平區,0,0,0,8,,,30,,,,,,,,,,,,,,,12,,,,,B03,,,1,,2,,,12,,1,21,,B03,120.725954,24.137828,3
2023,3,4,16,45,臺中市,大里區,0,0,0,8,1,5,30,3,1,1,5,4,5,7,4,4,10,5,5,1,13,23,,,,,C03,,,1,,2,,,23,,1,7,,C03,120.730682,24.089214,3
2023,3,4,16,52,臺中市,東區,0,2,0,8,1,5,50,4,1,1,5,4,5,7,4,4,10,5,5,2,15,6,2,9,1,1,C03,7,9,1,10,2,11,,6,6,1,22,9,C03,120.69169,24.132851,2
2023,3,4,16,59,臺中市,北屯區,0,1,0,8,1,5,50,4,1,1,5,4,5,7,4,4,10,5,5,2,16,6,2,9,1,1,C03,7,9,1,10,2,12,,6,6,1,21,8,C03,120.639122,24.183735,2
2023,3,4,17,2,臺中市,西屯區,0,0,0,8,,,40,,,,,,,,,,,,,,,17,,,,,B03,,,1,,1,,,17,,1,12,,B03,120.598255,24.182255,3
2023,3,4,17,5,臺中市,龍井區,0,2,0,8,2,5,30,14,9,1,5,1,5,7,4,4,5,4,5,1,12,17,2,9,1,1,C03,7,9,1,10,2,12,,17,17,1,20,8,C03,120.583512,24.182124,2
2023,3,4,17,8,臺中市,大里區,0,0,0,8,,,50,,,,,,,,,,,,,,,19,,,,,B12,,,1,,2,,,19,,1,22,,B12,120.697005,24.090227,3
2023,3,4,17,10,臺中市,南屯區,0,1,0,8,2,5,40,4,1,1,5,4,5,7,1,1,10,5,5,2,13,23,3,10,1,1,C03,7,9,1,10,2,11,,23,23,1,5,8,C03,120.643846,24.1488,2
2023,3,4,17,14,臺中市,西區,0,0,0,,,,50,,,,,,,,,,,,,,,23,,,,,B03,,,1,,1,,,23,,1,5,,B03,120.655267,24.140144,3
2023,3,4,17,17,臺中市,太平區,0,0,0,8,,,50,,,,,,,,,,,,,,,12,,,,,B12,,,1,,2,,,12,,1,5,,B12,120.712943,24.143683,3
2023,3,4,17,20,臺中市,北區,0,0,0,,,,50,,,,,,,,,,,,,,,23,,,,,B03,,,1,,1,,,23,,1,5,,B03,120.668062,24.166704,3
2023,3,4,17,21,臺中市,北區,0,1,0,8,1,5,50,4,2,1,5,4,5,7,2,1,3,2,3,2,16,7,2,9,3,4,C03,7,7,1,10,2,11,,7,7,1,22,9,C03,120.683508,24.148272,2
2023,3,4,17,23,臺中市,大雅區,0,0,0,8,,,50,,,,,,,,,,,,,,,16,,,,,B03,,,1,,2,,,16,16,1,22,,B03,120.651805,24.228022,3
2023,3,4,17,23,臺中市,烏日區,0,1,0,8,1,5,40,14,8,1,5,4,5,7,1,1,10,5,5,2,23,23,2,9,1,1,C03,7,9,6,10,6,11,,23,23,1,9,8,C03,120.644136,24.093294,2
2023,3,4,17,27,臺中市,北屯區,0,2,0,8,1,5,50,14,9,1,5,4,5,7,4,4,5,4,5,2,12,16,2,9,1,1,C03,7,9,1,9,2,12,14,16,16,1,5,8,C03,120.718824,24.173578,2
2023,3,4,17,28,臺中市,大里區,0,1,0,8,1,5,40,14,9,1,5,4,5,7,3,1,10,5,5,1,17,6,3,10,1,1,C03,7,5,1,10,9,15,,6,6,1,22,8,C03,120.694673,24.118203,2
2023,3,4,17,32,臺中市,南屯區,0,0,0,8,1,5,50,14,9,1,5,4,5,7,4,4,9,5,5,2,17,42,,,,,B03,,,1,,2,,,42,,1,5,,B03,120.651978,24.141913,3
2023,3,4,17,32,臺中市,西屯區,0,1,0,8,2,5,40,4,2,1,5,4,5,7,2,1,1,2,1,2,13,23,3,10,1,1,B12,7,9,1,8,2,5,,23,23,1,4,1,B12,120.646288,24.155166,2
2023,3,4,17,40,臺中市,北屯區,0,1,0,8,2,5,30,3,1,1,5,4,5,7,4,4,10,5,5,2,11,17,3,10,3,4,C03,7,9,1,10,2,11,,17,17,1,21,8,C03,120.669236,24.179385,2
2023,3,4,17,43,臺中市,北屯區,0,4,0,8,1,5,60,14,7,1,5,4,5,7,4,4,1,4,4,2,16,16,2,9,1,1,C03,7,9,1,10,2,12,,16,16,1,21,8,C03,120.706901,24.164649,2
2023,3,4,17,48,臺中市,霧峰區,0,1,0,8,3,5,60,4,9,1,5,4,5,7,1,1,1,2,5,1,13,16,3,10,1,1,C01,7,9,4,10,2,12,,16,16,1,22,9,C01,120.695709,24.013088,2
2023,3,4,17,49,臺中市,西屯區,0,0,0,8,,,50,,,,,,,,,,,,,,,18,,,,,C03,,,1,,1,,,18,,1,22,,C03,120.667255,24.177971,3
2023,3,4,17,52,臺中市,西屯區,0,0,0,8,,,50,,,,,,,,,,,,,,,8,,,,,C04,,,1,,1,,,8,,1,21,,C04,120.648193,24.170293,3
2023,3,4,17,57,臺中市,大里區,0,1,0,8,1,5,50,4,1,1,5,4,5,7,4,4,5,5,5,1,16,8,2,9,1,1,F01,7,5,8,20,2,16,,8,8,1,22,9,F01,120.682729,24.106455,2
2023,3,4,17,58,臺中市,清水區,0,2,0,8,3,5,50,5,1,1,5,4,5,7,1,1,10,5,5,2,16,26,2,9,1,1,C03,7,5,1,10,2,12,,26,26,1,21,8,C03,120.567408,24.270311,2
2023,3,4,17,59,臺中市,大雅區,0,1,0,8,2,5,50,3,1,1,5,4,5,7,2,1,10,4,5,1,17,43,,,,,,,,,,,,,43,43,2,,,,120.647565,24.220968,2
2023,3,4,18,0,臺中市,大里區,0,1,0,8,2,5,50,3,2,1,5,4,1,7,4,4,10,4,5,1,13,23,2,9,1,1,C03,7,7,1,10,2,11,,23,23,1,5,5,C03,120.678728,24.114993,2
2023,3,4,18,3,臺中市,西屯區,0,0,0,8,,,50,,,,,,,,,,,,,,,23,,,,,B03,,,1,,2,,,23,,1,22,,B03,120.654869,24.166034,3
2023,3,4,18,3,臺中市,梧棲區,0,2,0,8,3,5,30,14,9,1,5,4,5,7,4,4,10,5,5,2,25,42,2,9,1,1,C03,7,14,1,10,2,11,,42,42,1,20,8,C03,120.550876,24.248638,2
2023,3,4,18,4,臺中市,沙鹿區,0,1,0,8,2,5,30,4,2,1,5,4,5,7,4,4,10,5,5,2,4,54,2,8,4,5,H01,8,18,8,20,10,16,,54,54,1,14,8,H01,120.567728,24.197243,2
2023,3,4,18,5,臺中市,大里區,0,1,0,8,4,5,30,4,1,1,5,4,5,7,1,1,10,5,5,2,3,19,3,10,1,1,B03,7,1,1,8,2,1,,19,19,1,20,8,B03,120.703183,24.090089,2
2023,3,4,18,6,臺中市,北屯區,0,0,0,8,,,50,,,,,,,,,,,,,,,16,,,,,B03,,,1,,1,,,16,,1,21,,B03,120.718761,24.163413,3
2023,3,4,18,6,臺中市,西屯區,0,1,0,8,2,5,50,14,8,1,5,4,5,7,4,4,5,4,4,2,12,6,3,10,3,4,B03,7,6,1,8,2,5,,6,6,1,22,8,B03,120.655373,24.174401,2
2023,3,4,18,9,臺中市,梧棲區,0,1,0,8,3,5,30,4,1,1,5,4,5,7,4,4,10,5,5,2,15,6,2,9,3,4,C03,7,9,1,10,2,12,,6,6,1,22,8,C03,120.524962,24.248523,2
2023,3,4,18,12,臺中市,西屯區,0,0,0,8,,,50,,,,,,,,,,,,,,,42,,,,,B03,,,1,,1,,,42,,1,22,,B03,120.641046,24.173578,3
2023,3,4,18,12,臺中市,西屯區,0,2,0,8,1,5,50,3,2,1,5,4,5,7,2,1,1,4,1,2,15,25,3,10,1,1,B03,7,9,1,8,2,1,,25,25,1,22,8,B03,120.641151,24.173411,2
2023,3,4,18,15,臺中市,西屯區,0,0,0,8,2,5,50,3,1,1,5,4,5,7,4,4,10,5,5,2,15,23,3,10,1,1,B03,7,9,1,8,1,5,,23,23,1,9,5,B03,120.66731,24.173529,3
2023,3,4,18,20,臺中市,西區,0,2,0,8,1,5,50,4,1,1,5,4,5,7,1,1,5,4,4,1,16,9,3,10,1,1,B03,7,6,1,8,2,5,,9,9,1,21,8,B03,120.665271,24.149036,2
2023,3,4,18,21,臺中市,南區,0,0,0,8,,,50,,,,,,,,,,,,,,,43,,,,,,,,,,,,,43,,1,,,,120.68142,24.13476,3
2023,3,4,18,21,臺中市,西屯區,0,1,0,8,1,5,40,14,8,1,5,4,5,7,4,4,9,4,4,2,13,42,2,9,1,1,C03,7,9,1,10,2,12,,42,42,1,12,8,C03,120.640758,24.155475,2
2023,3,4,18,23,臺中市,北屯區,0,1,0,8,3,5,50,4,2,1,5,4,5,7,2,1,5,5,4,2,17,26,2,7,3,4,C03,7,5,1,10,2,14,,26,26,1,21,8,C03,120.668545,24.178237,2
2023,3,4,18,23,臺中市,北屯區,0,0,0,6,,,50,,,,,,,,,,,,,,,6,,,,,B03,,6,1,8,1,5,,6,6,1,21,,B03,120.678453,24.184269,3
2023,3,4,18,25,臺中市,東區,0,1,0,8,3,5,50,4,1,1,5,4,5,7,1,1,10,5,5,2,16,6,3,10,1,1,B03,7,9,1,8,2,2,,6,6,1,22,8,B03,120.69715,24.129606,2
2023,3,4,18,27,臺中市,后里區,0,1,0,8,3,5,50,4,1,1,5,4,5,7,4,4,10,5,5,2,16,6,2,9,1,1,C03,7,5,1,10,2,14,,6,6,1,19,8,C03,120.71958,24.307206,2
2023,3,4,18,27,臺中市,外埔區,0,2,0,8,3,5,50,3,1,1,5,4,5,7,4,4,10,5,4,1,13,16,2,9,1,1,C03,7,9,1,10,2,11,,16,16,1,22,8,C03,120.649533,24.335421,2
2023,3,4,18,28,臺中市,南屯區,0,0,0,8,,,50,,,,,,,,,,,,,,,17,,,,,B03,,,1,,1,,,17,,1,22,,B03,120.585161,24.16632,3
2023,3,4,18,30,臺中市,北區,0,0,0,8,,,50,,,,,,,,,,,,,,,1,,,,,C03,,,1,,11,,,1,,1,5,,C03,120.679922,24.159125,3
2023,3,4,18,35,臺中市,清水區,0,0,0,8,,,30,,,,,,,,,,,,,,,12,,,,,B12,,,1,,2,,,12,,1,21,,B12,120.560536,24.273381,4
2023,3,4,18,37,臺中市,大里區,0,0,0,8,,,60,,,,,,,,,,,,,,,9,,,,,B03,,,1,,2,,,9,,1,5,,B03,120.678451,24.115035,3
2023,3,4,18,48,臺中市,南屯區,0,0,0,8,3,5,40,4,1,1,5,4,5,7,2,1,10,5,5,2,16,23,3,10,1,1,C03,7,9,1,10,1,12,,23,23,1,22,8,C03,120.634977,24.152593,3
2023,3,4,18,50,臺中市,西屯區,0,0,0,8,,,40,,,,,,,,,,,,,,,16,,,,,B03,,,1,,1,,,16,,1,22,,B03,120.638278,24.159295,3
2023,3,4,18,50,臺中市,大甲區,0,1,0,8,1,5,50,4,1,1,5,4,5,7,4,4,10,5,5,2,15,6,3,10,1,1,B03,7,9,2,18,2,1,,14,6,1,22,9,B03,120.618758,24.350165,2
2023,3,4,18,50,臺中市,豐原區,0,1,0,8,1,5,50,4,1,1,5,4,5,7,1,1,10,5,5,2,17,6,3,10,1,1,B12,7,5,1,8,2,1,,6,6,1,22,8,B12,120.721293,24.258041,2
2023,3,4,18,51,臺中市,南區,0,0,0,8,,,50,,,,,,,,,,,,,,,23,,,,,B01,,,1,,2,,,23,,1,5,,B01,120.670077,24.114787,3
2023,3,4,18,52,臺中市,東區,0,0,0,8,,,50,,,,,,,,,,,,,,,42,,,,,B03,,,1,,2,,,42,,1,2,,B03,120.708419,24.134347,3
2023,3,4,18,52,臺中市,梧棲區,0,2,0,8,3,5,50,4,1,1,5,4,5,7,1,1,10,5,5,2,16,25,2,9,1,1,F03,7,5,8,20,2,16,,25,25,1,9,8,F03,120.534238,24.246505,2
2023,3,4,18,57,臺中市,西區,0,1,0,8,3,5,50,4,1,1,5,4,5,7,1,1,1,5,5,2,12,6,3,10,3,4,B12,7,6,1,8,2,2,,6,6,1,21,8,B12,120.657262,24.140026,2
2023,3,4,18,58,臺中市,南區,0,0,0,,,,50,,,,,,,,,,,,,,,1,,,,,B03,,,1,,2,,,1,,1,22,,B03,120.654453,24.12334,3
2023,3,4,19,0,臺中市,大雅區,0,0,0,8,,,50,,,,,,,,,,,,,,,23,,,,,C03,,,1,,2,,,23,,1,22,,C03,120.643964,24.208216,4
2023,3,4,19,0,臺中市,西屯區,0,0,0,8,,,40,,,,,,,,,,,,,,,16,,,,,C03,,,1,,1,,,16,,1,22,,C03,120.651493,24.207413,3
2023,3,4,19,3,臺中市,龍井區,0,0,0,,,,30,,,,,,,,,,,,,,,23,,,,,B03,,,1,,1,,,23,,1,9,,B03,120.589756,24.180258,3
2023,3,4,19,5,臺中市,烏日區,0,0,0,8,,,50,,,,,,,,,,,,,,,12,,,,,B03,,,1,,2,,,12,,1,22,,B03,120.598166,24.110036,3
2023,3,4,19,7,臺中市,西區,0,0,0,,,,50,,,,,,,,,,,,,,,23,,,,,B03,,,1,,1,,,23,,1,5,,B03,120.65296,24.152334,3
2023,3,4,19,9,臺中市,北區,0,1,0,8,3,5,50,14,9,1,5,4,5,7,4,4,9,4,5,2,13,23,3,10,3,4,B03,7,9,1,8,2,1,,23,23,1,5,8,B03,120.681106,24.160184,2
2023,3,4,19,9,臺中市,西屯區,0,1,0,8,3,5,50,4,2,1,5,4,5,7,4,4,9,4,5,2,16,6,2,7,1,1,C03,7,6,1,10,2,12,,6,6,1,22,8,C03,120.628496,24.162718,2
2023,3,4,19,13,臺中市,潭子區,0,0,0,8,,,50,,,,,,,,,,,,,,,23,,,,,B03,,,1,,2,,,23,,1,21,,B03,120.711118,24.235338,3
2023,3,4,19,20,臺中市,潭子區,0,2,0,8,3,5,50,3,2,1,5,4,5,7,2,1,5,4,5,1,13,23,2,9,1,1,C03,7,9,1,10,2,11,,23,23,1,22,8,C03,120.674585,24.203164,2
2023,3,4,19,25,臺中市,東區,0,0,0,,,,50,,,,,,,,,,,,,,,18,,,,,B12,,,1,,2,,,18,,1,22,,B12,120.705072,24.130854,3
2023,3,4,19,36,臺中市,大雅區,0,0,0,8,,,50,,,,,,,,,,,,,,,23,,,,,B03,,,1,,2,,,23,,1,22,,B03,120.65465,24.229565,3
2023,3,4,19,43,臺中市,西屯區,0,0,0,8,,,30,,,,,,,,,,,,,,,67,,,,,,,,,,,,,67,,1,,,,120.660041,24.195255,3
2023,3,4,19,47,臺中市,豐原區,0,0,0,8,,,60,,,,,,,,,,,,,,,7,,,,,B03,,,1,,2,,,7,,1,22,,B03,120.722297,24.236677,3
2023,3,4,19,52,臺中市,南屯區,0,2,0,8,3,5,50,14,9,1,5,4,5,7,4,4,1,4,5,2,16,7,3,10,3,4,B03,7,8,1,8,2,2,,7,7,1,22,9,B03,120.639251,24.142052,2
2023,3,4,19,56,臺中市,霧峰區,0,0,0,8,,,30,,,,,,,,,,,,,,,12,,,,,B03,,,1,,2,,,12,,1,22,,B03,120.674238,24.048857,3
2023,3,4,20,0,臺中市,神岡區,0,0,0,8,,,30,,,,,,,,,,,,,,,12,,,,,B03,,,1,,1,,,12,,1,22,,B03,120.651722,24.275324,3
2023,3,4,20,1,臺中市,北屯區,0,0,0,8,,,30,,,,,,,,,,,,,,,67,,,,,,,,,,,,,67,,1,,,,120.695444,24.187475,3
2023,3,4,20,8,臺中市,梧棲區,0,0,0,8,,,70,,,,,,,,,,,,,,,7,,,,,B03,,,1,,2,,,7,,1,5,,B03,120.536318,24.25037,3
2023,3,4,20,12,臺中市,中區,0,0,0,8,,,50,,,,,,,,,,,,,,,6,,,,,B03,,,1,,1,,,6,,1,21,,B03,120.679381,24.146837,3
2023,3,4,20,12,臺中市,東區,0,1,0,8,1,5,50,4,1,1,5,4,5,7,4,4,9,4,5,2,12,23,2,7,1,1,C03,7,9,1,10,2,14,,23,23,1,5,1,C03,120.693593,24.14798,2