年,月,日,時,分,縣市,區,死,受傷,2-30,天候,光線,道路類別,速限,道路型態,事故位置,路面鋪裝,路面狀態,路面缺陷,障礙物,視距,號誌種類,號誌動作,分向設施,快車道或一般車道間,快慢車道間,路面邊線,事故類型及型態,主要肇因,受傷程度,主要傷處,保護裝備,行動電話,當事者區分,車輛用途,當事者行動狀態,駕駛資格情形,駕駛執照種類,飲酒情形,車輛撞擊部位最初,車輛撞擊部位其他,肇事因素個別,肇事因素主要,肇事逃逸,職業,旅次目的,車種,GPS緯度,GPS經度,事故類別
2023,3,4,20,14,臺中市,大里區,0,1,0,8,3,5,50,4,1,1,5,4,5,7,4,4,5,5,4,2,16,8,3,10,1,1,C03,7,5,1,10,2,11,,8,8,1,22,9,C03,120.67785,24.114238,2
2023,3,4,20,19,臺中市,北區,0,0,0,8,,,50,,,,,,,,,,,,,,,23,,,,,B03,,,1,,1,,,23,,1,5,,B03,120.677688,24.151612,3
2023,3,4,20,20,臺中市,西區,0,0,0,,,,50,,,,,,,,,,,,,,,23,,,,,B03,,,1,,1,,,23,,1,20,,B03,120.657511,24.152035,3
2023,3,4,20,25,臺中市,北屯區,0,2,0,8,3,5,50,14,9,1,5,4,5,7,4,4,1,4,5,2,13,16,2,9,1,1,C03,7,9,1,10,2,11,,16,16,1,21,8,C03,120.685203,24.169121,2
2023,3,4,20,29,臺中市,后里區,0,1,0,8,3,5,50,3,1,1,5,4,5,7,1,1,10,5,5,2,12,6,3,10,1,1,B03,7,6,1,8,2,2,,6,6,1,5,7,B03,120.721959,24.304985,2
2023,3,4,20,30,臺中市,北屯區,0,0,0,8,,,50,,,,,,,,,,,,,,,12,,,,,B03,,,1,,2,,,12,,1,21,,B03,120.741015,24.179981,3
2023,3,4,20,36,臺中市,南區,0,0,0,,,,50,,,,,,,,,,,,,,,42,,,,,B03,,,1,,2,,,42,,1,22,,B03,120.671175,24.113101,3
2023,3,4,20,39,臺中市,西屯區,0,1,0,8,3,5,50,14,9,1,5,4,5,7,4,4,5,4,5,2,13,16,2,8,3,4,C03,7,9,1,10,1,11,,16,16,1,22,8,C03,120.619878,24.187182,2
2023,3,4,20,48,臺中市,北區,0,0,0,8,,,40,,,,,,,,,,,,,,,23,,,,,C03,,,1,,11,,,23,,1,22,,C03,120.68444,24.148436,3
2023,3,4,20,49,臺中市,烏日區,0,1,0,8,3,5,50,14,9,1,5,4,5,7,4,4,9,3,5,1,17,23,2,9,1,1,C03,7,11,1,10,2,11,,23,23,1,22,8,C03,120.640414,24.095083,2
2023,3,4,20,51,臺中市,北區,0,0,0,8,,,50,,,,,,,,,,,,,,,42,,,,,C03,,,1,,2,,,42,,1,5,,C03,120.676911,24.150669,3
2023,3,4,20,52,臺中市,大雅區,0,1,0,8,3,5,50,4,1,1,5,4,5,7,1,1,10,4,5,1,15,25,3,10,1,1,B03,7,9,1,8,2,1,,25,25,1,22,9,B03,120.630969,24.228617,2
2023,3,4,20,55,臺中市,東勢區,0,2,0,8,3,5,50,14,9,1,5,4,5,7,4,4,5,4,5,1,17,26,2,9,1,1,C03,7,11,4,10,2,12,,26,26,1,19,8,C03,120.833999,24.251234,2
2023,3,4,20,57,臺中市,西區,0,0,0,,,,50,,,,,,,,,,,,,,,16,,,,,B03,,,1,,2,,,16,,1,21,,B03,120.66553,24.153828,3
2023,3,4,20,57,臺中市,大里區,0,0,0,8,1,5,60,14,9,1,5,4,5,7,4,4,1,4,5,1,13,42,,,,,B03,,,1,,2,,,42,,1,22,,B03,120.688677,24.095597,3
2023,3,4,21,5,臺中市,潭子區,0,0,0,8,,,40,,,,,,,,,,,,,,,23,,,,,B03,,,1,,2,,,23,,1,21,,B03,120.712041,24.211763,3
2023,3,4,21,13,臺中市,南區,0,0,0,8,,,50,,,,,,,,,,,,,,,23,,,,,B03,,,1,,2,,,23,,1,5,,B03,120.660705,24.132818,3
2023,3,4,21,17,臺中市,北屯區,0,0,0,8,,,50,,,,,,,,,,,,,,,12,,,,,B03,,,1,,1,,,12,,1,5,,B03,120.686126,24.201448,3
2023,3,4,21,20,臺中市,東區,0,0,0,,,,30,,,,,,,,,,,,,,,42,,,,,C03,,,1,,2,,,42,,1,22,,C03,120.700671,24.13259,3
2023,3,4,21,27,臺中市,沙鹿區,0,1,0,8,3,5,50,4,1,1,5,4,5,7,4,4,10,5,5,2,16,6,2,9,1,1,C03,7,5,1,10,2,12,,6,6,1,21,8,C03,120.561136,24.24221,2
2023,3,4,21,30,臺中市,大里區,0,0,0,8,,,50,,,,,,,,,,,,,,,6,,,,,F01,,,1,,2,,,6,,1,15,,F01,120.679933,24.095836,3
2023,3,4,21,30,臺中市,烏日區,0,1,0,8,3,5,50,14,8,1,5,4,5,7,4,4,1,4,5,2,17,42,3,10,1,1,B03,7,9,1,8,2,15,,42,7,1,20,8,B03,120.636786,24.112755,2
2023,3,4,21,32,臺中市,北區,0,0,0,,,,40,,,,,,,,,,,,,,,23,,,,,B03,,,1,,2,,,23,,1,5,,B03,120.684833,24.158802,3
2023,3,4,21,42,臺中市,西區,0,0,0,8,,,50,,,,,,,,,,,,,,,16,,,,,B03,,,1,,1,,,16,,1,4,,B03,120.662222,24.155774,3
2023,3,4,21,47,臺中市,大里區,0,0,0,8,,,30,,,,,,,,,,,,,,,17,,,,,B03,,,1,,1,,,17,,1,5,,B03,120.701523,24.109158,3
2023,3,4,21,49,臺中市,西屯區,0,0,0,8,,,60,,,,,,,,,,,,,,,23,,,,,B03,,,1,,2,,,23,,1,21,,B03,120.648545,24.163159,3
2023,3,4,21,59,臺中市,太平區,0,2,0,8,1,5,30,3,1,1,5,4,5,7,4,4,10,5,5,2,16,6,3,10,1,1,C03,7,5,1,10,2,14,,6,6,1,22,8,C03,120.7342,24.144466,2
2023,3,4,22,0,臺中市,龍井區,0,1,0,8,3,5,50,4,2,1,5,4,5,7,1,1,10,5,5,2,16,9,3,10,1,1,B12,7,6,1,8,2,2,,9,9,1,10,1,B12,120.585002,24.18443,2
2023,3,4,22,4,臺中市,西區,0,1,0,8,3,5,50,5,1,1,5,4,5,7,1,1,10,5,5,2,16,25,2,9,1,1,C03,7,5,1,10,2,11,,25,25,1,21,8,C03,120.670492,24.153412,2
2023,3,4,22,5,臺中市,西區,0,3,0,8,3,5,50,4,1,1,5,4,5,7,2,1,10,5,5,2,13,23,2,9,1,1,B03,7,9,1,8,2,1,,23,23,1,5,5,B03,120.668339,24.139714,2
2023,3,4,22,10,臺中市,西屯區,0,1,0,8,3,5,50,3,1,1,5,4,5,7,4,4,9,4,4,2,16,6,3,10,1,1,B03,7,5,1,8,2,1,,6,6,1,12,8,B03,120.659988,24.19515,2
2023,3,4,22,10,臺中市,后里區,0,1,0,8,1,5,60,4,1,1,5,4,1,7,1,1,10,5,5,2,28,23,2,9,1,1,C03,7,9,1,10,2,11,,23,23,1,9,1,C03,120.730606,24.287991,2
2023,3,4,22,12,臺中市,西屯區,0,0,0,8,3,5,50,14,8,1,5,4,5,7,4,4,5,5,4,2,14,12,3,10,1,1,B03,7,2,1,8,2,3,,12,12,1,1,5,B03,120.639682,24.184831,3
2023,3,4,22,17,臺中市,西區,0,1,0,8,3,5,50,4,1,1,5,4,5,7,1,1,10,5,5,2,3,15,3,10,1,1,B03,7,5,1,8,1,1,,15,15,1,4,5,B03,120.652962,24.152371,2
2023,3,4,22,23,臺中市,烏日區,0,0,0,8,3,5,50,3,1,1,5,4,5,7,4,4,9,4,5,2,14,12,,,,,B03,,,1,,2,,,12,,1,22,,B03,120.634113,24.106822,3
2023,3,4,22,27,臺中市,西屯區,0,1,0,8,3,5,50,14,9,1,5,4,5,7,4,4,1,4,5,2,13,23,2,8,1,1,C03,7,9,1,10,2,11,,23,23,1,18,8,C03,120.627446,24.18133,2
2023,3,4,22,34,臺中市,太平區,0,0,0,8,,,30,,,,,,,,,,,,,,,5,,,,,B03,,,1,,2,,,5,,1,9,,B03,120.769083,24.138783,3
2023,3,4,22,41,臺中市,烏日區,0,1,0,8,3,5,50,5,9,1,5,4,5,7,1,1,1,2,5,1,13,23,3,10,1,1,B03,7,9,1,8,2,1,,23,23,1,22,8,B03,120.630944,24.104677,2
2023,3,4,22,49,臺中市,大甲區,0,0,0,8,,,50,,,,,,,,,,,,,,,23,,,,,B12,,,1,,9,,,23,,1,22,,B12,120.621417,24.346541,3
2023,3,4,22,51,臺中市,東區,0,0,0,,,,50,,,,,,,,,,,,,,,6,,,,,B03,,,1,,2,,,6,,1,22,,B03,120.70591,24.141378,3
2023,3,4,22,55,臺中市,東區,0,2,0,8,3,5,50,14,9,1,5,4,5,6,4,4,5,4,4,2,3,23,2,9,1,1,C03,7,9,1,10,2,11,,23,23,1,2,8,C03,120.702408,24.126906,2
2023,3,4,23,9,臺中市,東區,0,1,0,8,1,5,50,4,1,1,5,4,5,7,3,3,9,4,5,2,16,6,2,9,1,1,C03,7,9,1,10,2,12,,6,6,1,5,1,C03,120.704514,24.134056,2
2023,3,4,23,21,臺中市,南區,0,1,0,7,3,5,50,14,8,1,5,4,5,7,4,4,5,4,4,2,13,23,2,9,1,1,C03,7,6,1,10,2,11,,23,23,1,22,9,C03,120.657653,24.109118,2
2023,3,4,23,52,臺中市,中區,0,0,0,8,,,50,,,,,,,,,,,,,,,6,,,,,C03,,,1,,1,,,6,,1,21,,C03,120.676898,24.141947,3
2023,3,4,23,57,臺中市,西屯區,0,0,0,8,,,50,,,,,,,,,,,,,,,26,,,,,B03,,,1,,2,,,26,,1,22,,B03,120.646002,24.175458,3
2023,3,5,0,10,臺中市,北區,0,1,0,8,3,5,50,5,1,1,5,4,5,7,2,1,10,5,5,2,15,25,3,10,1,1,B03,7,9,1,8,2,1,,25,25,1,22,9,B03,120.688676,24.166873,2
2023,3,5,0,40,臺中市,西屯區,0,1,0,8,3,5,40,14,8,1,5,4,5,7,2,1,1,5,1,2,12,9,3,10,1,1,B03,7,6,1,8,2,2,,9,9,1,22,8,B03,120.615223,24.183325,2
2023,3,5,1,10,臺中市,梧棲區,0,0,0,8,,,50,,,,,,,,,,,,,,,23,,,,,B03,,,1,,2,,,23,,1,22,,B03,120.538605,24.248893,3
2023,3,5,1,22,臺中市,北區,0,0,0,8,,,50,,,,,,,,,,,,,,,23,,,,,B03,,,1,,2,,,23,,1,22,,B03,120.684993,24.163567,3
2023,3,5,1,24,臺中市,豐原區,0,1,0,8,3,5,50,5,16,1,5,4,5,7,1,1,1,3,1,1,23,23,2,7,3,4,B03,7,9,1,8,2,1,,23,23,1,22,5,B03,120.714046,24.237056,2
2023,3,5,1,32,臺中市,北屯區,0,2,0,8,3,5,50,4,1,1,5,4,5,7,3,1,10,5,5,2,15,6,2,9,1,1,B03,7,9,1,8,6,1,,6,6,1,5,8,B03,120.719551,24.180068,2
2023,3,5,2,5,臺中市,南區,0,0,0,8,3,5,50,14,8,1,5,4,5,7,4,4,5,5,4,2,17,23,3,10,3,4,B01,7,9,1,4,2,5,,23,23,2,10,8,B01,120.649876,24.116,3
2023,3,5,2,6,臺中市,豐原區,0,1,0,8,3,5,30,4,1,1,5,4,5,7,3,1,8,3,4,1,15,6,2,8,3,4,C03,7,9,1,10,2,14,,6,6,1,22,5,C03,120.726926,24.254865,2
2023,3,5,2,18,臺中市,北區,0,1,0,8,3,5,50,4,1,1,5,4,5,7,4,4,10,5,5,2,15,6,2,9,1,1,C03,7,9,1,10,2,12,,6,6,1,22,8,C03,120.669925,24.160382,2
2023,3,5,3,5,臺中市,北屯區,0,2,0,8,3,5,50,4,1,1,5,4,5,7,2,1,10,5,5,2,12,9,3,10,1,1,B03,7,6,1,8,2,6,,9,9,1,5,8,B03,120.681268,24.169658,2
2023,3,5,3,36,臺中市,太平區,0,1,0,8,3,5,50,4,1,1,5,4,5,7,3,1,10,5,5,2,15,6,3,10,1,1,B02,7,9,3,18,2,1,,6,6,1,22,5,B02,120.712859,24.144408,2
2023,3,5,4,7,臺中市,太平區,0,1,0,8,3,5,50,3,1,1,5,4,5,7,3,1,10,5,5,2,16,6,2,9,3,4,B03,7,5,1,10,2,1,,6,6,1,9,8,B03,120.715896,24.134858,2
2023,3,5,4,12,臺中市,西屯區,0,0,0,8,,,50,,,,,,,,,,,,,,,23,,,,,B03,,,1,,2,,,23,,1,22,,B03,120.633895,24.161872,3
2023,3,5,4,25,臺中市,烏日區,0,2,0,8,3,5,50,14,8,1,5,4,5,7,4,4,1,4,4,1,17,23,2,9,1,1,C03,7,9,3,18,7,11,,23,23,1,22,8,C03,120.598333,24.111309,2
2023,3,5,5,4,臺中市,清水區,0,1,0,8,3,5,50,4,1,1,5,4,5,7,3,1,10,5,5,2,15,6,3,10,1,1,B12,7,9,1,8,2,2,,6,6,1,5,5,B12,120.571708,24.26372,2
2023,3,5,5,13,臺中市,西屯區,0,0,0,8,,,50,,,,,,,,,,,,,,,23,,,,,B03,,,1,,2,,,23,23,1,22,,B03,120.635106,24.173495,3
2023,3,5,5,28,臺中市,西區,0,0,0,8,,,50,,,,,,,,,,,,,,,23,,,,,B03,,,1,,1,,,23,,1,4,,B03,120.659109,24.157331,3
2023,3,5,6,0,臺中市,神岡區,0,0,0,8,,,50,,,,,,,,,,,,,,,23,,,,,B12,,,1,,2,,,23,,1,22,,B12,120.700225,24.251105,3
2023,3,5,6,1,臺中市,北區,0,3,0,8,1,5,50,14,7,1,5,4,5,7,4,4,3,4,4,2,13,23,2,9,1,1,C03,7,14,1,10,3,11,,23,23,1,22,8,C03,120.680381,24.163086,2
2023,3,5,6,21,臺中市,西區,0,0,0,8,,,50,,,,,,,,,,,,,,,42,,,,,B03,,,1,,2,,,42,,1,21,,B03,120.681246,24.135631,3
2023,3,5,6,44,臺中市,西屯區,0,0,0,8,,,50,,,,,,,,,,,,,,,43,,,,,A02,,,1,,2,,,43,,1,22,,A02,120.617719,24.161814,3
2023,3,5,7,3,臺中市,南屯區,0,1,0,8,1,5,50,4,1,1,5,4,5,7,1,1,5,4,5,2,13,25,3,10,3,4,C03,7,9,1,10,2,11,,25,25,1,4,9,C03,120.63354,24.141366,2
2023,3,5,7,3,臺中市,大里區,0,1,0,8,1,5,50,4,1,1,5,4,5,7,1,1,10,5,5,2,17,7,3,10,3,4,B03,7,7,6,18,2,4,,7,7,1,21,5,B03,120.698292,24.094508,2
2023,3,5,7,18,臺中市,霧峰區,0,0,0,8,,,60,,,,,,,,,,,,,,,23,,,,,B03,,,1,,2,,,23,,1,22,,B03,120.695871,24.012356,3
2023,3,5,7,18,臺中市,沙鹿區,0,1,0,8,1,5,50,4,1,1,5,4,5,7,1,1,10,5,5,2,16,6,3,10,1,1,B03,7,5,1,8,2,5,,6,6,1,19,9,B03,120.568054,24.253934,2
2023,3,5,7,22,臺中市,南屯區,0,2,0,8,1,5,50,14,9,1,5,4,5,7,4,4,1,4,5,2,17,16,2,9,1,1,C03,7,9,1,10,2,15,14,16,16,1,5,8,C03,120.64716,24.147378,2
2023,3,5,7,27,臺中市,潭子區,0,1,0,8,1,5,30,4,2,1,5,4,5,7,3,1,5,4,5,1,16,6,3,10,1,1,B12,7,5,1,8,2,2,,6,6,1,22,8,B12,120.69838,24.223399,2
2023,3,5,7,37,臺中市,北屯區,0,1,0,8,1,5,50,14,9,1,5,4,5,7,4,4,9,5,5,2,16,10,3,10,1,1,B11,7,11,1,8,2,5,,10,10,1,22,8,B11,120.705031,24.188833,2
2023,3,5,7,43,臺中市,北屯區,0,1,0,8,1,5,50,14,9,1,5,4,5,7,4,4,1,4,5,2,12,7,3,10,1,1,B03,7,8,1,8,2,2,,7,7,1,21,8,B03,120.710086,24.182202,2
2023,3,5,7,43,臺中市,西屯區,0,1,0,8,1,5,50,14,9,1,5,4,5,7,4,4,1,4,5,2,13,16,2,8,1,1,C03,7,9,1,10,2,12,,16,16,1,22,8,C03,120.645115,24.170902,2
2023,3,5,8,15,臺中市,北屯區,0,1,0,8,1,5,50,4,1,1,5,4,5,7,1,1,10,5,5,2,16,6,3,10,1,1,B03,7,6,1,8,2,5,,6,6,1,22,8,B03,120.699599,24.1648,2
2023,3,5,8,19,臺中市,南屯區,0,0,0,8,,,50,,,,,,,,,,,,,,,10,,,,,C03,,,1,8,2,,,10,10,1,23,,C03,120.652237,24.156455,3
2023,3,5,8,21,臺中市,沙鹿區,0,0,0,8,,,60,,,,,,,,,,,,,,,23,,,,,B12,,,1,,2,,,23,,1,22,,B12,120.614712,24.244098,3
2023,3,5,8,25,臺中市,清水區,0,1,0,8,1,5,50,14,7,1,5,4,5,7,4,4,1,4,4,1,18,23,2,1,1,1,C03,7,9,3,18,2,11,,23,23,1,5,8,C03,120.570765,24.260075,2
2023,3,5,8,28,臺中市,大里區,0,0,0,8,,,50,,,,,,,,,,,,,,,23,,,,,B03,,,1,,2,,,23,,1,21,,B03,120.693998,24.090819,3
2023,3,5,8,30,臺中市,烏日區,0,0,0,8,,,60,,,,,,,,,,,,,,,23,,,,,C03,,,1,,2,,,23,,1,21,,C03,120.624244,24.104204,3
2023,3,5,8,40,臺中市,太平區,0,2,0,8,1,5,50,3,2,1,5,4,5,7,4,4,5,5,5,2,16,6,2,9,1,1,C03,7,5,1,10,2,13,,6,6,1,21,8,C03,120.734274,24.14983,2
2023,3,5,8,49,臺中市,西屯區,0,0,0,8,,,30,,,,,,,,,,,,,,,12,,,,,B03,,,1,,2,,,12,,1,4,,B03,120.665201,24.168622,3
2023,3,5,8,55,臺中市,神岡區,0,1,0,8,1,5,1,14,13,1,5,4,5,7,4,4,5,5,5,1,13,7,2,7,3,4,C03,7,8,1,10,2,11,,7,7,1,22,9,C03,120.661049,24.280511,2
2023,3,5,9,5,臺中市,清水區,0,3,0,8,1,5,40,14,8,1,5,4,5,7,4,4,1,4,4,2,17,23,2,9,1,1,C03,7,9,1,10,2,11,,23,23,1,22,8,C03,120.557642,24.269227,2
2023,3,5,9,15,臺中市,北屯區,0,1,0,8,1,5,40,14,8,1,5,4,5,7,4,4,5,5,4,2,12,23,2,1,1,1,B03,7,8,1,8,11,5,,23,23,1,22,8,B03,120.676255,24.193983,2
2023,3,5,9,17,臺中市,神岡區,0,0,0,8,,,50,,,,,,,,,,,,,,,7,,,,,B03,,,1,,2,,,7,,1,22,,B03,120.695615,24.248466,3
2023,3,5,9,23,臺中市,北屯區,0,0,0,8,,,50,,,,,,,,,,,,,,,23,,,,,B03,,,1,,1,,,23,,1,21,,B03,120.698026,24.170949,3
2023,3,5,9,26,臺中市,南區,0,2,0,8,1,8,50,14,9,1,5,4,5,7,4,4,5,5,5,2,11,26,2,9,1,1,C03,7,15,1,10,2,14,,26,26,1,19,8,C03,120.682271,24.131103,2
2023,3,5,9,31,臺中市,北屯區,0,1,0,8,1,5,50,14,9,1,5,4,5,7,4,4,5,5,5,2,16,26,3,10,1,1,C03,7,7,1,10,2,11,,26,26,1,22,8,C03,120.670923,24.178724,2
2023,3,5,9,36,臺中市,北區,0,0,0,8,,,50,,,,,,,,,,,,,,,6,,,,,B03,,,1,,1,,,6,,1,22,,B03,120.684961,24.162762,3
2023,3,5,9,40,臺中市,潭子區,0,4,0,8,1,5,40,3,9,1,5,4,5,7,4,4,1,3,5,2,13,42,2,8,1,1,C03,7,12,1,10,2,12,,42,42,1,22,9,C03,120.721064,24.2226,2
2023,3,5,9,45,臺中市,西區,0,0,0,8,,,40,,,,,,,,,,,,,,,42,,,,,C03,,,1,,1,,,42,,1,21,,C03,120.66864,24.139734,3
2023,3,5,9,49,臺中市,太平區,0,2,0,8,1,5,50,3,2,1,5,4,5,7,1,1,5,5,5,1,16,19,2,9,1,1,C03,7,9,1,10,2,12,,44,19,1,5,8,C03,120.722442,24.119187,2
2023,3,5,9,51,臺中市,西屯區,0,0,0,8,,,50,,,,,,,,,,,,,,,23,,,,,B12,,,1,,2,,,23,,1,22,,B12,120.633454,24.173578,3
2023,3,5,9,53,臺中市,霧峰區,0,1,0,8,1,5,50,4,1,1,5,4,5,7,1,1,10,5,5,2,16,23,3,10,1,1,C03,7,5,1,10,2,11,,23,23,1,22,8,C03,120.71856,24.078626,2
2023,3,5,9,56,臺中市,東區,0,0,0,8,,,50,,,,,,,,,,,,,,,23,,,,,B03,,,1,,2,,,23,,1,22,,B03,120.690251,24.140033,3
2023,3,5,10,7,臺中市,潭子區,0,0,0,8,,,60,,,,,,,,,,,,,,,23,,,,,B03,,,1,,1,,,23,,1,22,,B03,120.686781,24.210318,3
2023,3,5,10,8,臺中市,西區,0,0,0,8,1,5,50,4,1,1,5,4,5,7,1,1,10,5,5,2,12,9,,,,,B03,,,1,,1,,,9,,1,22,,B03,120.666907,24.153208,3
2023,3,5,10,8,臺中市,大里區,0,2,0,8,1,5,30,4,1,1,5,4,5,7,4,4,10,5,5,2,15,6,2,8,1,1,C03,7,9,1,10,2,11,,6,6,1,22,8,C03,120.682602,24.11438,2
2023,3,5,10,16,臺中市,南屯區,0,1,0,8,1,8,30,4,1,1,5,4,5,7,4,4,10,5,5,2,17,6,3,10,1,1,C03,7,14,1,10,2,11,,6,6,1,22,8,C03,120.639306,24.137679,2
2023,3,5,10,18,臺中市,西屯區,0,1,0,8,1,5,50,3,4,1,5,4,5,7,1,1,5,5,4,2,16,7,3,10,1,1,C03,7,7,1,10,2,14,,7,7,1,4,8,C03,120.653937,24.162519,2
2023,3,5,10,19,臺中市,大里區,0,2,0,8,1,5,50,14,7,1,5,4,5,7,4,4,5,4,4,1,17,26,2,5,1,1,C03,7,1,1,10,2,12,,26,26,1,21,5,C03,120.703603,24.09129,2
2023,3,5,10,22,臺中市,西屯區,0,0,0,8,,,1,,,,,,,,,,,,,,,12,,,,,B03,,,1,,1,,,12,,1,22,,B03,120.639696,24.156298,3
2023,3,5,10,28,臺中市,潭子區,0,0,0,8,,,50,,,,,,,,,,,,,,,12,,,,,B03,,,1,,2,,,12,,1,22,,B03,120.702799,24.210091,3
2023,3,5,10,30,臺中市,西區,0,0,0,8,,,50,,,,,,,,,,,,,,,7,,,,,B12,,,1,,3,,,7,,1,22,,B12,120.661587,24.155869,3
2023,3,5,10,35,臺中市,大里區,0,2,0,8,1,5,50,4,1,1,5,4,5,7,4,4,5,5,5,1,3,53,2,9,1,1,H01,8,16,8,20,11,16,,53,53,1,5,8,H01,120.690626,24.104448,2
2023,3,5,10,40,臺中市,西區,0,1,0,8,1,5,50,4,2,1,5,4,5,7,4,4,5,5,5,2,29,44,2,8,1,1,C03,7,9,1,10,1,14,,44,44,1,22,9,C03,120.672401,24.138948,2
2023,3,5,10,41,臺中市,西屯區,0,1,0,8,1,5,50,3,1,1,5,4,5,7,4,4,5,4,5,2,10,23,3,10,1,1,B03,7,9,1,8,2,1,,23,23,1,22,9,B03,120.593154,24.180468,2
2023,3,5,10,43,臺中市,潭子區,0,1,0,8,3,5,50,3,2,1,5,4,5,7,4,4,5,4,4,2,16,10,3,10,1,1,B03,7,11,1,8,2,1,,10,6,1,22,8,B03,120.711853,24.229738,2
2023,3,5,10,46,臺中市,南區,0,0,0,8,1,5,50,4,1,1,5,4,5,7,1,1,10,2,5,2,12,26,3,10,1,1,B12,7,8,1,8,2,5,,26,26,1,5,8,B12,120.669982,24.122362,3
2023,3,5,10,47,臺中市,西區,0,3,0,8,1,5,50,5,1,1,5,4,5,7,1,1,5,5,5,2,12,3,2,9,3,4,C03,7,5,1,10,2,12,,3,3,1,21,8,C03,120.668775,24.13206,2
2023,3,5,10,54,臺中市,霧峰區,0,2,0,8,1,5,30,5,1,1,5,4,5,7,3,1,10,5,5,2,15,6,2,8,1,1,C03,7,1,3,18,2,14,,6,6,1,22,8,C03,120.697041,24.066538,2
2023,3,5,11,2,臺中市,北區,0,0,0,,,,40,,,,,,,,,,,,,,,16,,,,,C03,,,1,,2,,,16,,1,21,,C03,120.688894,24.152943,3
2023,3,5,11,10,臺中市,中區,0,1,0,8,1,5,50,14,9,1,5,4,5,7,4,4,5,4,5,2,13,7,3,10,1,1,C03,7,8,1,10,2,13,,7,7,1,5,5,C03,120.676993,24.140837,2
2023,3,5,11,13,臺中市,南屯區,0,0,0,,,,50,,,,,,,,,,,,,,,10,,,,,B03,,,1,,1,,,10,,1,4,,B03,120.6231,24.135573,3
2023,3,5,11,20,臺中市,北區,0,3,0,8,1,5,40,4,1,1,5,4,5,7,1,1,5,4,4,2,9,52,2,9,1,1,H01,8,20,8,20,2,16,,52,52,1,22,8,H01,120.678672,24.159266,2
2023,3,5,11,25,臺中市,南區,0,0,0,,,,50,,,,,,,,,,,,,,,8,,,,,B03,,,1,,2,,,8,,1,5,,B03,120.67393,24.129147,3
2023,3,5,11,25,臺中市,沙鹿區,0,0,0,8,1,5,50,14,9,1,5,4,5,7,4,4,1,3,4,1,12,23,,,,,B03,,,1,,2,,,23,,1,22,,B03,120.561267,24.243218,3
2023,3,5,11,38,臺中市,南屯區,0,0,0,8,,,30,,,,,,,,,,,,,,,26,,,,,B03,,,1,,2,,,26,,1,5,,B03,120.64736,24.132198,3
2023,3,5,11,49,臺中市,南區,0,0,0,8,,,50,,,,,,,,,,,,,,,67,,,,,,,,,,,,,67,,1,,,,120.656213,24.132621,3
2023,3,5,11,50,臺中市,東區,0,1,0,8,1,5,50,4,1,1,5,4,5,7,1,1,10,5,5,2,18,23,2,9,1,1,C03,7,9,1,10,2,14,,23,23,1,21,8,C03,120.699663,24.144684,2
2023,3,5,11,55,臺中市,后里區,0,0,0,8,1,5,30,13,9,1,5,4,5,7,4,4,10,5,5,2,11,17,,,,,B03,,,1,,1,,,17,,1,22,,B03,120.748779,24.322824,3
2023,3,5,11,58,臺中市,大雅區,0,0,0,8,,,30,,,,,,,,,,,,,,,12,,,,,B03,,,1,,9,,,12,,1,22,,B03,120.647805,24.229842,3
2023,3,5,12,3,臺中市,西區,0,1,0,8,1,5,50,14,9,1,5,4,5,7,4,4,5,5,5,1,16,22,3,10,1,1,B03,7,15,1,8,2,8,,22,22,1,21,8,B03,120.672931,24.138675,2
2023,3,5,12,8,臺中市,北區,0,2,0,8,1,5,50,4,1,1,5,4,5,7,4,4,10,5,5,2,15,6,2,9,1,1,C03,7,9,1,10,2,12,,6,6,1,22,8,C03,120.680996,24.153491,2
2023,3,5,12,10,臺中市,太平區,0,0,0,8,,,80,,,,,,,,,,,,,,,17,,,,,B03,,,1,,1,,,17,,1,21,,B03,120.707336,24.131799,3
2023,3,5,12,15,臺中市,南區,0,1,0,8,1,5,50,14,7,1,5,4,5,7,4,4,1,4,5,2,17,7,2,9,1,1,C02,7,7,1,9,2,14,,7,7,1,5,8,C02,120.669862,24.122813,2
2023,3,5,12,17,臺中市,北屯區,0,0,0,8,,,50,,,,,,,,,,,,,,,23,,,,,B03,,,1,,2,,,23,,1,21,,B03,120.708621,24.167327,3
2023,3,5,12,20,臺中市,南區,0,2,0,8,1,5,50,3,4,1,5,4,5,7,1,1,10,5,5,2,13,16,2,9,1,1,C03,7,9,1,10,2,11,,16,16,1,5,8,C03,120.645502,24.111993,2
2023,3,5,12,21,臺中市,西屯區,0,0,0,8,,,30,,,,,,,,,,,,,,,12,,,,,B12,,,1,,2,,,12,,1,22,,B12,120.613397,24.185549,3
2023,3,5,12,26,臺中市,南區,0,0,0,,,,50,,,,,,,,,,,,,,,23,,,,,B03,,,1,,2,,,23,,1,5,,B03,120.657928,24.117377,3
2023,3,5,12,34,臺中市,北區,0,1,0,8,1,5,50,3,2,1,5,4,5,7,4,4,5,4,5,2,16,19,3,10,1,1,B03,7,1,1,8,2,8,,19,19,1,21,8,B03,120.688697,24.152433,2
2023,3,5,12,34,臺中市,南屯區,0,0,0,,,,50,,,,,,,,,,,,,,,7,,,,,B03,,,1,,1,,,7,,1,4,,B03,120.643795,24.148393,3