年,月,日,時,分,縣市,區,死,受傷,2-30,天候,光線,道路類別,速限,道路型態,事故位置,路面鋪裝,路面狀態,路面缺陷,障礙物,視距,號誌種類,號誌動作,分向設施,快車道或一般車道間,快慢車道間,路面邊線,事故類型及型態,主要肇因,受傷程度,主要傷處,保護裝備,行動電話,當事者區分,車輛用途,當事者行動狀態,駕駛資格情形,駕駛執照種類,飲酒情形,車輛撞擊部位最初,車輛撞擊部位其他,肇事因素個別,肇事因素主要,肇事逃逸,職業,旅次目的,車種,GPS緯度,GPS經度,事故類別
2023,3,7,7,29,臺中市,豐原區,0,1,0,8,1,5,30,3,1,1,5,4,1,3,4,4,10,5,5,1,16,6,3,10,1,1,B03,7,5,1,8,2,5,,6,6,1,22,8,B03,120.729452,24.234187,2
2023,3,7,7,30,臺中市,西屯區,0,1,0,8,1,5,50,14,9,1,5,4,5,7,4,4,7,5,5,2,11,6,3,10,1,1,B03,7,5,1,8,2,8,,6,6,1,22,8,B03,120.603021,24.161634,2
2023,3,7,7,32,臺中市,北屯區,0,1,0,8,1,5,50,14,9,1,5,4,5,7,1,1,3,4,5,2,16,17,3,10,1,1,D03,7,9,1,8,2,2,,17,17,1,22,8,D03,120.662768,24.188316,2
2023,3,7,7,32,臺中市,霧峰區,0,2,0,8,1,5,30,11,9,1,5,4,5,7,4,4,10,5,5,1,10,17,2,8,3,4,C03,7,9,3,18,1,14,,17,17,1,22,8,C03,120.709419,24.076088,2
2023,3,7,7,35,臺中市,太平區,0,1,0,8,1,5,50,4,1,1,5,4,5,7,3,1,5,5,4,1,13,16,2,9,1,1,C03,7,9,1,10,2,11,,16,16,1,21,8,C03,120.727022,24.148951,2
2023,3,7,7,35,臺中市,大肚區,0,1,0,8,1,5,50,3,1,1,5,4,5,7,3,1,5,4,5,1,16,1,2,7,1,1,C03,7,4,1,10,2,11,,1,1,1,21,8,C03,120.534216,24.162232,2
2023,3,7,7,37,臺中市,太平區,0,0,0,8,,,50,,,,,,,,,,,,,,,23,,,,,C03,,,1,,2,,,23,,1,22,,C03,120.712182,24.144435,3
2023,3,7,7,37,臺中市,烏日區,0,0,0,8,1,5,50,14,9,1,5,4,5,7,4,4,9,5,5,1,13,23,,,,,C03,,,1,,2,,,23,,1,22,,C03,120.624481,24.102852,3
2023,3,7,7,40,臺中市,西屯區,0,0,0,8,,,30,,,,,,,,,,,,,,,12,,,,,B03,,,3,,2,,,12,,1,21,,B03,120.594564,24.185138,3
2023,3,7,7,40,臺中市,豐原區,0,0,0,,,,50,,,,,,,,,,,,,,,16,,,,,C03,,,1,,2,,,16,,1,2,,C03,120.747312,24.269686,3
2023,3,7,7,42,臺中市,北屯區,0,1,0,8,1,8,50,14,9,1,5,4,5,7,4,4,5,5,5,2,12,23,2,7,1,1,C03,7,9,1,10,2,11,,23,23,1,22,8,C03,120.68371,24.173215,2
2023,3,7,7,42,臺中市,神岡區,0,0,0,8,,,50,,,,,,,,,,,,,,,8,,,,,C03,,,1,,1,,,8,,1,21,,C03,120.695403,24.236606,3
2023,3,7,7,43,臺中市,西屯區,0,2,0,8,1,5,50,4,1,1,5,4,5,7,2,1,10,5,5,2,13,23,2,9,1,1,C03,7,9,1,10,2,12,,23,23,1,8,8,C03,120.651964,24.165828,2
2023,3,7,7,44,臺中市,豐原區,0,0,0,8,,,50,,,,,,,,,,,,,,,18,,,,,B03,,,1,,2,,,18,,1,22,,B03,120.760315,24.277073,3
2023,3,7,7,45,臺中市,南屯區,0,3,0,8,1,5,50,4,1,1,5,4,5,7,2,1,1,2,4,2,16,9,2,9,3,4,C03,7,6,1,10,2,12,,9,9,1,4,9,C03,120.631782,24.125659,2
2023,3,7,7,45,臺中市,西屯區,0,0,0,8,,,40,,,,,,,,,,,,,,,23,,,,,B03,,,1,,1,,,23,,1,22,,B03,120.630942,24.161973,3
2023,3,7,7,45,臺中市,大里區,0,2,0,8,1,5,50,14,9,1,5,4,5,7,4,4,9,4,5,1,16,8,2,8,1,1,F01,7,5,8,20,10,16,,8,8,1,22,9,F01,120.7128,24.088311,2
2023,3,7,7,47,臺中市,龍井區,0,2,0,8,1,5,50,14,9,1,5,4,5,7,4,4,5,4,5,2,3,52,2,8,4,1,H01,8,16,8,20,10,16,,52,52,1,3,1,H01,120.586311,24.18149,2
2023,3,7,7,47,臺中市,神岡區,0,2,0,8,1,5,30,15,9,1,5,4,5,7,4,4,5,5,4,2,17,6,2,8,1,1,C03,7,9,1,10,2,11,,6,6,1,22,8,C03,120.657308,24.25582,2
2023,3,7,7,48,臺中市,豐原區,0,1,0,8,1,5,40,14,8,1,5,4,5,7,4,4,1,4,4,2,12,23,3,10,1,1,C03,7,9,1,10,2,15,,23,1,1,22,8,C03,120.727674,24.239172,2
2023,3,7,7,50,臺中市,北區,0,0,0,8,,,50,,,,,,,,,,,,,,,4,,,,,C03,,,1,,1,,,4,,1,22,,C03,120.669204,24.161613,3
2023,3,7,7,50,臺中市,外埔區,0,2,0,8,1,5,50,3,1,1,5,4,5,7,4,4,10,5,5,2,11,23,2,7,1,1,C03,7,6,1,10,2,11,,23,23,1,21,1,C03,120.632295,24.332661,2
2023,3,7,7,50,臺中市,大甲區,0,2,0,8,1,5,40,4,1,1,5,4,5,7,4,4,10,5,5,2,15,6,2,8,1,1,C03,7,9,1,10,2,11,,6,6,1,4,1,C03,120.647921,24.401854,2
2023,3,7,7,51,臺中市,大里區,0,0,0,8,,,30,,,,,,,,,,,,,,,23,,,,,B03,,,1,,2,,,23,,1,5,,B03,120.670132,24.091865,3
2023,3,7,7,52,臺中市,北區,0,4,0,8,1,5,50,4,1,1,5,4,5,7,4,4,10,5,5,2,15,6,2,8,1,1,C03,7,9,1,10,2,12,,6,6,1,21,8,C03,120.667151,24.172824,2
2023,3,7,7,53,臺中市,東區,0,2,0,8,1,5,50,3,2,1,5,4,5,7,4,4,9,5,5,2,16,8,2,9,1,1,F01,7,5,8,20,2,16,,8,8,1,16,8,F01,120.685837,24.133436,2
2023,3,7,7,53,臺中市,南屯區,0,1,0,8,1,5,50,4,2,1,5,4,5,7,2,1,2,4,4,2,16,9,3,10,1,4,C03,7,6,1,10,9,15,,9,9,1,22,8,C03,120.640731,24.146859,2
2023,3,7,7,53,臺中市,烏日區,0,0,0,8,,,40,,,,,,,,,,,,,,,23,,,,,A42,,,1,,2,,,23,,1,10,,A42,120.616521,24.107356,3
2023,3,7,7,54,臺中市,烏日區,0,0,0,8,1,5,50,14,7,1,5,4,5,7,4,4,1,4,1,1,16,7,,,,,B12,,,1,,11,,,7,,1,22,,B12,120.634497,24.09475,3
2023,3,7,7,54,臺中市,龍井區,0,1,0,8,1,5,30,3,1,1,5,4,5,7,3,1,10,5,5,2,16,6,3,10,1,1,C03,7,5,1,10,2,14,,6,6,1,18,8,C03,120.526213,24.21569,2
2023,3,7,7,56,臺中市,北區,0,0,0,8,,,50,,,,,,,,,,,,,,,23,,,,,B03,,,1,,1,,,23,,1,22,,B03,120.672953,24.167104,3
2023,3,7,7,57,臺中市,霧峰區,0,0,0,8,,,30,,,,,,,,,,,,,,,12,,,,,C03,,,1,,2,,,12,,1,22,,C03,120.693792,24.066629,3
2023,3,7,7,59,臺中市,東區,0,2,0,8,1,5,50,4,1,1,5,4,5,7,4,4,10,5,5,2,16,6,2,9,1,1,C03,7,5,1,10,2,11,,6,6,1,21,8,C03,120.691835,24.126423,2
2023,3,7,7,59,臺中市,南屯區,0,2,0,8,1,5,40,3,1,1,5,4,5,7,1,1,10,5,5,2,16,6,2,8,1,1,C03,7,6,1,10,2,12,,6,6,1,5,1,C03,120.632883,24.137483,2
2023,3,7,7,59,臺中市,北屯區,0,2,0,8,1,5,50,5,1,1,5,4,5,7,2,1,10,5,5,2,17,23,2,9,1,1,C03,7,5,1,9,2,11,,23,23,1,4,8,C03,120.68632,24.18871,2
2023,3,7,8,0,臺中市,潭子區,0,1,0,8,1,5,60,3,1,1,5,4,5,7,1,1,1,4,4,1,17,10,3,10,1,1,B03,7,11,1,8,2,2,,10,26,1,22,8,B03,120.704429,24.204695,2
2023,3,7,8,0,臺中市,霧峰區,0,0,0,8,,,30,,,,,,,,,,,,,,,23,,,,,B03,,,1,,2,,,23,,1,21,,B03,120.708549,24.077501,3
2023,3,7,8,2,臺中市,西屯區,0,1,0,8,1,5,50,3,2,1,5,4,5,7,2,1,1,3,1,1,13,16,2,8,1,1,C03,7,9,1,10,1,11,,16,16,1,22,8,C03,120.628402,24.162811,2
2023,3,7,8,2,臺中市,太平區,0,1,0,8,1,5,50,14,9,1,5,4,5,7,4,4,9,5,5,2,27,43,2,9,1,1,C03,7,9,1,10,2,14,,43,43,1,4,1,C03,120.721864,24.148422,2
2023,3,7,8,3,臺中市,梧棲區,0,1,0,8,1,5,50,4,1,1,5,4,5,7,1,1,10,5,5,2,16,23,3,10,1,1,B03,7,5,1,8,2,8,,23,23,1,20,8,B03,120.537605,24.257535,2
2023,3,7,8,5,臺中市,霧峰區,0,0,0,8,,,40,,,,,,,,,,,,,,,23,,,,,B03,,,1,,2,,,23,,1,21,,B03,120.679522,24.065175,3
2023,3,7,8,5,臺中市,大肚區,0,1,0,8,1,5,50,4,2,1,5,4,5,7,4,4,10,5,5,2,12,19,2,9,1,1,C03,7,1,1,10,2,12,,19,19,1,2,8,C03,120.550962,24.138635,2
2023,3,7,8,6,臺中市,太平區,0,0,0,8,,,50,,,,,,,,,,,,,,,17,,,,,C03,,,1,,2,,,17,,1,22,,C03,120.724105,24.130638,3
2023,3,7,8,7,臺中市,霧峰區,0,1,0,8,1,5,50,4,1,1,5,4,5,7,1,1,9,4,5,1,16,9,3,10,1,1,A12,7,6,1,7,2,2,,9,9,1,10,9,A12,120.694255,24.065954,2
2023,3,7,8,10,臺中市,西屯區,0,2,0,8,1,5,50,3,1,1,5,4,5,7,1,1,10,5,5,2,17,23,2,9,1,1,C03,7,9,1,10,2,11,,23,23,1,21,8,C03,120.649946,24.16762,2
2023,3,7,8,10,臺中市,太平區,0,0,0,8,,,50,,,,,,,,,,,,,,,16,,,,,B03,,,1,,1,,,16,,1,21,,B03,120.710557,24.139459,3
2023,3,7,8,13,臺中市,大里區,0,1,0,8,1,5,50,14,8,1,5,4,5,7,4,4,5,5,4,1,13,23,2,9,1,1,C03,7,9,1,10,2,11,,23,23,1,22,1,C03,120.664925,24.096851,2
2023,3,7,8,15,臺中市,梧棲區,0,0,0,8,,,60,,,,,,,,,,,,,,,25,,,,,F03,,,,,,,,25,,1,,,F03,120.540915,24.261205,3
2023,3,7,8,17,臺中市,北區,0,1,0,8,1,5,50,4,1,1,5,4,5,7,4,4,10,5,5,2,15,6,3,10,1,1,B03,7,9,1,8,2,5,,6,6,1,22,8,B03,120.679959,24.151524,2
2023,3,7,8,20,臺中市,大雅區,0,2,0,8,1,5,30,3,1,1,5,4,5,7,4,4,10,5,5,2,17,1,2,7,1,1,C03,7,4,1,10,2,12,,1,1,1,22,8,C03,120.660227,24.24479,2
2023,3,7,8,20,臺中市,南屯區,0,2,0,8,1,5,50,4,1,1,5,4,5,7,4,4,5,4,4,2,16,6,2,9,3,4,C03,7,5,1,10,2,13,,6,6,1,4,9,C03,120.639225,24.148781,2
2023,3,7,8,20,臺中市,西屯區,0,0,0,8,,,50,,,,,,,,,,,,,,,44,,,,,C03,,,1,,1,,,44,,1,22,,C03,120.656285,24.160095,3
2023,3,7,8,21,臺中市,后里區,0,0,0,8,1,5,50,4,2,1,5,4,5,7,1,1,1,3,5,1,13,23,3,10,1,1,B03,7,9,1,8,1,5,,23,23,1,4,8,B03,120.708196,24.326278,3
2023,3,7,8,23,臺中市,南屯區,0,0,0,8,,,50,,,,,,,,,,,,,,,16,,,,,B12,,,1,,1,,,16,,1,22,,B12,120.61032,24.138583,3
2023,3,7,8,27,臺中市,西屯區,0,2,0,8,1,5,50,4,4,1,5,4,5,7,1,1,1,4,5,2,17,16,2,9,3,4,C03,7,9,1,10,2,11,,16,16,1,22,9,C03,120.643678,24.171561,2
2023,3,7,8,28,臺中市,北區,0,2,0,8,1,5,50,4,4,1,5,4,5,7,2,1,10,5,5,2,12,7,2,9,1,1,C03,7,10,1,10,2,14,,7,7,1,22,8,C03,120.678664,24.149182,2
2023,3,7,8,28,臺中市,大里區,0,1,0,8,1,5,50,4,1,1,5,4,5,7,1,1,10,5,5,2,16,6,3,10,1,1,B01,7,5,1,4,2,2,,6,6,1,10,4,B01,120.67453,24.097728,2
2023,3,7,8,30,臺中市,大里區,0,1,0,8,1,5,60,4,1,1,5,4,5,7,1,1,1,4,4,1,16,6,3,10,1,1,B03,7,6,1,8,2,5,,6,6,1,5,5,B03,120.684105,24.103806,2
2023,3,7,8,31,臺中市,豐原區,0,0,0,8,,,50,,,,,,,,,,,,,,,23,,,,,C03,,,1,,2,,,23,,1,22,,C03,120.72989,24.2577,4
2023,3,7,8,35,臺中市,南屯區,0,0,0,8,,,50,,,,,,,,,,,,,,,23,,,,,C03,,,1,,2,,,23,,1,22,,C03,120.649155,24.147029,3
2023,3,7,8,35,臺中市,南屯區,0,0,0,8,,,80,,,,,,,,,,,,,,,17,,,,,B03,,,1,,9,,,17,,1,22,,B03,120.623033,24.140267,3
2023,3,7,8,36,臺中市,北屯區,0,1,0,8,1,5,30,4,1,1,5,4,5,7,4,4,10,5,5,2,15,6,2,9,1,1,C03,7,9,1,10,2,12,,6,6,1,21,8,C03,120.680502,24.180582,2
2023,3,7,8,39,臺中市,大里區,0,1,0,8,1,5,40,4,2,1,5,4,5,7,1,1,10,5,5,2,16,6,3,10,1,1,B03,7,6,1,8,2,2,,6,6,1,5,5,B03,120.68405,24.103871,2
2023,3,7,8,43,臺中市,北屯區,0,1,0,8,1,5,50,4,1,1,5,4,5,7,1,1,10,5,5,2,16,6,3,10,1,1,B03,7,6,1,8,2,2,,6,6,1,2,8,B03,120.67837,24.184174,2
2023,3,7,8,45,臺中市,北區,0,0,0,8,,,50,,,,,,,,,,,,,,,4,,,,,C03,,,1,,1,,,4,,1,22,,C03,120.66886,24.171651,3
2023,3,7,8,45,臺中市,沙鹿區,0,0,0,8,1,5,50,14,9,1,5,4,5,7,1,1,5,3,4,1,28,67,,,,,,,,,,,,,67,,1,,,,120.565106,24.241204,3
2023,3,7,8,45,臺中市,石岡區,0,1,0,8,1,5,70,5,1,1,5,4,5,7,2,1,10,5,5,2,15,6,3,10,1,1,B12,7,1,1,8,2,15,,6,6,1,10,4,B12,120.789413,24.273508,2
2023,3,7,8,47,臺中市,太平區,0,1,0,8,1,5,50,4,1,1,5,4,5,7,1,1,10,5,5,2,16,23,3,10,1,1,C03,7,9,1,10,2,14,,23,23,1,4,5,C03,120.726527,24.152162,2
2023,3,7,8,48,臺中市,西區,0,1,0,8,1,5,50,14,9,1,5,4,5,7,4,4,10,5,5,2,17,19,2,9,1,1,C03,7,1,1,10,2,11,,19,19,1,21,8,C03,120.665094,24.129662,2
2023,3,7,8,48,臺中市,北屯區,0,1,0,8,1,5,50,14,8,1,5,4,5,7,4,4,5,4,4,2,11,6,3,10,1,1,B03,7,5,1,8,2,1,,6,6,1,22,8,B03,120.675327,24.181941,2
2023,3,7,8,53,臺中市,西屯區,0,1,0,8,1,5,50,3,2,1,5,4,5,7,4,4,5,5,5,2,16,10,2,9,3,4,C03,7,11,1,10,1,14,,10,10,1,22,8,C03,120.644875,24.173155,2
2023,3,7,8,54,臺中市,北屯區,0,0,0,8,,,50,,,,,,,,,,,,,,,19,,,,,B02,,,1,,1,,,19,,1,4,,B02,120.675825,24.173668,3
2023,3,7,8,55,臺中市,沙鹿區,0,0,0,,,,50,,,,,,,,,,,,,,,16,,,,,B03,,,3,,3,,,16,,1,22,,B03,120.563644,24.240207,3
2023,3,7,9,0,臺中市,神岡區,0,0,0,8,,,30,,,,,,,,,,,,,,,42,,,,,B03,,,1,,2,,,42,,1,20,,B03,120.655345,24.254971,3
2023,3,7,9,2,臺中市,豐原區,0,1,0,8,1,5,40,3,1,1,5,4,5,7,4,4,5,5,4,2,16,6,2,7,1,1,C03,7,6,1,10,2,15,,6,6,1,22,8,C03,120.717548,24.253308,2
2023,3,7,9,12,臺中市,北區,0,0,0,8,,,40,,,,,,,,,,,,,,,42,,,,,B12,,,1,,2,,,42,,1,22,,B12,120.670998,24.170039,3
2023,3,7,9,12,臺中市,南區,0,0,0,,,,50,,,,,,,,,,,,,,,12,,,,,B03,,,1,,2,,,12,,1,21,,B03,120.663276,24.11688,3
2023,3,7,9,16,臺中市,南區,0,1,0,8,1,5,50,14,9,1,5,4,5,7,4,4,5,5,5,2,12,1,3,10,1,1,B12,7,9,1,8,2,2,,1,1,1,5,8,B12,120.652498,24.122127,2
2023,3,7,9,20,臺中市,霧峰區,0,0,0,8,,,40,,,,,,,,,,,,,,,7,,,,,B03,,,1,,2,,,7,,1,21,,B03,120.662404,24.068512,3
2023,3,7,9,31,臺中市,太平區,0,1,0,8,1,5,30,3,1,1,5,4,5,7,4,4,10,5,5,2,16,26,3,10,1,1,C03,7,9,1,10,2,11,,26,26,1,22,8,C03,120.730682,24.153641,2
2023,3,7,9,33,臺中市,北區,0,2,0,8,1,5,50,3,1,1,5,4,5,7,2,1,10,5,5,2,15,25,2,8,1,1,C03,7,9,1,10,2,12,,25,25,1,20,8,C03,120.682904,24.157606,2
2023,3,7,9,34,臺中市,南屯區,0,1,0,8,1,5,50,4,1,1,5,4,5,7,2,1,1,5,5,2,16,19,3,10,3,4,B03,7,1,1,8,2,8,,19,19,1,4,9,B03,120.646288,24.130778,2
2023,3,7,9,42,臺中市,北區,0,1,0,8,1,5,50,3,18,1,5,4,5,7,1,1,10,5,5,2,3,15,3,10,1,1,B03,7,5,1,8,2,1,,15,15,1,22,8,B03,120.694418,24.159898,2
2023,3,7,9,45,臺中市,外埔區,0,1,0,8,1,5,50,5,2,1,5,4,5,7,1,1,9,5,5,1,14,12,3,10,1,1,B03,7,2,1,8,2,3,,12,12,1,21,1,B03,120.655809,24.332343,2
2023,3,7,9,47,臺中市,龍井區,0,1,0,8,1,5,70,5,1,1,5,4,5,7,1,1,10,5,5,2,15,25,3,10,1,1,B03,7,9,1,8,2,5,,25,25,1,12,8,B03,120.536504,24.19448,2
2023,3,7,9,54,臺中市,太平區,0,0,0,8,,,50,,,,,,,,,,,,,,,12,,,,,B03,,,1,,2,,,12,,1,21,,B03,120.715323,24.138425,3
2023,3,7,9,55,臺中市,沙鹿區,0,0,0,8,1,5,50,4,9,1,5,4,5,7,4,4,4,5,5,2,15,6,,,,,C03,,,3,,2,,,6,,1,20,,C03,120.571739,24.226467,3
2023,3,7,9,55,臺中市,東勢區,0,0,0,8,,,50,,,,,,,,,,,,,,,12,,,,,B12,,,1,,1,,,12,,1,10,,B12,120.830618,24.249696,3
2023,3,7,9,58,臺中市,北屯區,0,2,0,8,1,5,50,4,1,1,5,4,5,7,4,4,10,5,5,2,15,6,2,8,1,1,B01,7,9,1,1,2,1,,6,6,1,21,8,B01,120.690479,24.191656,2
2023,3,7,10,0,臺中市,沙鹿區,0,2,0,8,1,5,50,4,1,1,5,4,5,7,1,1,10,5,5,2,12,23,2,9,1,1,C03,7,9,1,10,2,13,,44,23,1,20,9,C03,120.566849,24.229267,2
2023,3,7,10,3,臺中市,西屯區,0,3,0,8,1,5,50,4,1,1,5,4,5,7,2,1,10,5,5,2,12,23,2,9,1,1,C03,7,9,1,10,2,12,,23,23,1,22,8,C03,120.638863,24.182128,2
2023,3,7,10,11,臺中市,西區,0,0,0,8,1,5,50,4,1,1,5,4,5,7,1,1,10,5,5,2,12,23,,,,,B03,,,1,,2,,,23,,1,4,,B03,120.671236,24.145493,3
2023,3,7,10,12,臺中市,西屯區,0,0,0,8,,,70,,,,,,,,,,,,,,,23,,,,,B02,,,1,,1,,,23,,1,22,,B02,120.617416,24.182345,3
2023,3,7,10,14,臺中市,潭子區,0,0,0,8,,,50,,,,,,,,,,,,,,,19,,,,,C03,,,1,,2,,,19,,1,22,,C03,120.70611,24.2071,3
2023,3,7,10,14,臺中市,西屯區,0,1,0,8,1,5,50,3,1,1,5,4,5,7,1,1,10,5,5,2,16,25,3,10,1,1,B01,7,9,1,4,2,8,,25,25,1,10,4,B01,120.611894,24.193176,2
2023,3,7,10,15,臺中市,西屯區,0,0,0,8,,,30,,,,,,,,,,,,,,,12,,,,,B12,,,1,,2,,,12,,1,21,,B12,120.665996,24.170336,3
2023,3,7,10,16,臺中市,北屯區,0,0,0,8,,,40,,,,,,,,,,,,,,,23,,,,,B03,,,1,,2,,,23,,1,19,,B03,120.6862,24.1895,3
2023,3,7,10,16,臺中市,烏日區,0,0,0,8,,,60,,,,,,,,,,,,,,,23,,,,,B03,,,1,,2,,,23,,1,21,,B03,120.617893,24.105563,3
2023,3,7,10,24,臺中市,神岡區,0,1,0,8,1,5,40,15,9,1,5,4,5,7,4,4,5,5,4,2,18,42,2,9,1,1,C03,7,15,1,10,2,12,,42,42,1,22,8,C03,120.703886,24.261976,2
2023,3,7,10,28,臺中市,大甲區,0,0,0,8,,,70,,,,,,,,,,,,,,,23,,,,,B12,,,1,,3,,,23,,1,4,,B12,120.642061,24.366715,3
2023,3,7,10,33,臺中市,北區,0,0,0,8,1,5,50,4,2,1,5,4,5,7,4,4,10,5,5,2,12,19,,,,,B12,,,1,,1,,,19,,1,22,,B12,120.681866,24.15465,3
2023,3,7,10,33,臺中市,大甲區,0,0,0,,,,-,,,,,,,,,,,,,,,12,,,,,B12,,,1,,2,,,12,,1,9,,B12,120.644459,24.385438,3
2023,3,7,10,35,臺中市,南屯區,0,1,0,8,1,5,50,4,1,1,5,4,5,7,4,4,10,5,5,2,15,6,3,10,3,4,B03,7,9,1,8,2,5,,6,6,1,22,8,B03,120.61513,24.151748,2
2023,3,7,10,35,臺中市,北屯區,0,1,0,8,1,5,50,14,9,1,5,4,5,7,4,4,5,4,5,1,18,13,2,9,1,1,C03,7,9,1,10,2,14,,13,13,1,21,8,C03,120.678584,24.187353,2
2023,3,7,10,38,臺中市,北屯區,0,2,0,8,1,5,50,14,9,1,5,4,5,7,4,4,1,4,5,2,12,17,2,8,1,1,C03,7,9,1,10,2,12,,17,17,1,5,8,C03,120.693215,24.171338,2
2023,3,7,10,41,臺中市,西屯區,0,0,0,8,,,50,,,,,,,,,,,,,,,23,,,,,B03,,,1,,2,,,23,,1,21,,B03,120.620804,24.184766,3
2023,3,7,10,41,臺中市,太平區,0,1,0,8,1,5,50,4,3,1,5,4,5,7,2,1,10,5,5,2,12,23,3,10,1,1,C03,7,9,1,10,2,14,,23,23,1,5,8,C03,120.712182,24.144435,2
2023,3,7,10,48,臺中市,大里區,0,1,0,8,1,5,50,14,14,1,5,4,5,7,4,4,1,5,4,1,20,23,2,9,1,1,B03,7,9,1,8,9,1,,23,23,1,5,8,B03,120.664422,24.093216,2
2023,3,7,10,51,臺中市,太平區,0,2,0,8,1,5,50,3,2,1,5,4,5,7,4,4,10,5,5,2,16,19,2,8,1,1,C04,7,1,1,10,2,11,,19,19,1,20,5,C04,120.723815,24.117342,2
2023,3,7,10,54,臺中市,西區,0,1,0,8,1,5,50,3,1,1,5,4,5,7,4,4,10,5,5,2,17,8,2,7,3,4,C03,7,5,1,10,2,13,,8,8,1,21,8,C03,120.66597,24.150859,2
2023,3,7,10,54,臺中市,北屯區,0,1,0,8,1,5,50,14,7,1,5,4,5,7,4,4,9,4,4,2,16,10,3,10,1,1,B03,7,11,1,8,2,4,,10,10,1,22,8,B03,120.732579,24.170465,2
2023,3,7,10,55,臺中市,大甲區,0,1,0,8,1,5,50,14,8,1,5,4,5,7,4,4,5,5,5,1,17,16,3,10,1,1,B03,7,9,1,8,2,5,2,16,16,1,4,1,B03,120.620685,24.344721,2
2023,3,7,10,55,臺中市,神岡區,0,0,0,8,,,30,,,,,,,,,,,,,,,12,,,,,B12,,,1,,2,,,12,,1,21,,B12,120.664675,24.258233,3
2023,3,7,10,58,臺中市,北區,0,0,0,8,,,50,,,,,,,,,,,,,,,23,,,,,B03,,,1,,1,,,23,,1,22,,B03,120.684875,24.164304,3
2023,3,7,10,59,臺中市,太平區,0,2,0,8,1,5,30,4,1,5,5,4,5,7,4,4,10,5,5,2,15,6,2,9,1,1,C03,7,9,1,10,2,11,,6,6,1,22,8,C03,120.719909,24.116093,2
2023,3,7,11,0,臺中市,大雅區,0,1,0,8,1,5,50,4,1,1,5,4,5,7,3,1,5,5,5,1,17,23,3,10,1,1,C03,7,9,1,10,11,12,,23,23,1,22,9,C03,120.65786,24.244463,2
2023,3,7,11,0,臺中市,東區,0,0,0,8,1,5,50,14,7,1,5,4,5,7,4,4,1,4,4,2,16,19,3,10,1,1,B03,7,1,1,8,2,8,,19,19,1,22,8,B03,120.692014,24.125283,3
2023,3,7,11,0,臺中市,大里區,0,0,0,8,,,40,,,,,,,,,,,,,,,6,,,,,B12,,,1,,2,,,6,,1,6,,B12,120.670783,24.100785,3
2023,3,7,11,5,臺中市,南區,0,0,0,8,,,50,,,,,,,,,,,,,,,23,,,,,B03,,,1,,2,,,23,,1,22,,B03,120.68297,24.121603,3
2023,3,7,11,12,臺中市,神岡區,0,2,0,8,1,5,50,15,9,1,5,4,5,7,4,4,5,5,5,1,17,23,2,9,1,1,B03,7,15,1,8,2,5,,23,23,1,22,8,B03,120.643956,24.270387,2
2023,3,7,11,16,臺中市,大里區,0,0,0,8,,,50,,,,,,,,,,,,,,,8,,,,,A01,,,1,,2,,,8,,1,10,,A01,120.70878,24.08672,3
2023,3,7,11,16,臺中市,大安區,0,1,0,8,1,5,60,14,9,1,5,4,5,7,3,1,5,4,4,1,13,23,3,10,1,1,B12,7,9,1,8,2,1,,23,23,1,22,1,B12,120.602507,24.365365,2
2023,3,7,11,18,臺中市,西屯區,0,1,0,8,1,5,50,14,9,1,5,4,5,7,4,4,5,5,5,2,13,18,2,4,3,4,C03,7,3,1,10,2,13,,18,18,1,22,8,C03,120.608664,24.185496,2
2023,3,7,11,20,臺中市,神岡區,0,0,0,8,,,30,,,,,,,,,,,,,,,17,,,,,B03,,,1,,2,,,17,,1,21,,B03,120.64264,24.245245,3
2023,3,7,11,22,臺中市,南屯區,0,0,0,,,,50,,,,,,,,,,,,,,,12,,,,,B03,,,1,,1,,,12,12,1,4,,B03,120.634086,24.144945,3
2023,3,7,11,25,臺中市,潭子區,0,0,0,8,,,50,,,,,,,,,,,,,,,5,,,,,A12,,,1,,2,,,5,,1,22,,A12,120.70189,24.222913,3
2023,3,7,11,30,臺中市,西區,0,0,0,8,,,50,,,,,,,,,,,,,,,12,,,,,A41,,,1,2,2,,,12,12,1,22,,A41,120.671813,24.144999,3
2023,3,7,11,30,臺中市,北屯區,0,1,0,8,1,5,50,14,9,1,5,4,5,7,4,4,5,5,5,1,14,12,3,10,1,1,B12,7,2,1,8,2,3,,12,12,1,4,8,B12,120.674583,24.203436,2
2023,3,7,11,33,臺中市,北屯區,0,1,0,8,1,5,50,14,9,1,5,4,5,7,1,1,5,4,5,2,13,23,3,10,1,1,B03,7,9,3,18,3,1,,23,23,1,22,8,B03,120.733286,24.168905,2
2023,3,7,11,35,臺中市,西區,0,0,0,8,,,50,,,,,,,,,,,,,,,23,,,,,B03,,,1,,1,,,23,,1,5,,B03,120.667101,24.132158,3
2023,3,7,11,50,臺中市,西屯區,0,0,0,,,,50,,,,,,,,,,,,,,,23,,,,,B12,,,1,,1,,,23,,1,22,,B12,120.644933,24.181792,3
2023,3,7,11,50,臺中市,后里區,0,1,0,8,1,5,40,14,8,1,5,4,5,7,4,4,9,5,4,1,13,16,2,9,1,1,C03,7,9,1,10,2,11,,16,16,1,21,1,C03,120.709387,24.311002,2
2023,3,7,11,51,臺中市,西屯區,0,0,0,8,,,50,,,,,,,,,,,,,,,17,,,,,B12,,,1,,2,,,17,,1,22,,B12,120.66804,24.174638,3
2023,3,7,11,53,臺中市,大里區,0,1,0,8,1,5,50,11,9,1,5,4,5,7,4,4,5,5,5,1,18,44,2,9,1,1,C03,7,9,1,10,2,12,,44,44,1,5,8,C03,120.691889,24.11215,2