年,月,日,時,分,縣市,區,死,受傷,2-30,天候,光線,道路類別,速限,道路型態,事故位置,路面鋪裝,路面狀態,路面缺陷,障礙物,視距,號誌種類,號誌動作,分向設施,快車道或一般車道間,快慢車道間,路面邊線,事故類型及型態,主要肇因,受傷程度,主要傷處,保護裝備,行動電話,當事者區分,車輛用途,當事者行動狀態,駕駛資格情形,駕駛執照種類,飲酒情形,車輛撞擊部位最初,車輛撞擊部位其他,肇事因素個別,肇事因素主要,肇事逃逸,職業,旅次目的,車種,GPS緯度,GPS經度,事故類別
2023,3,8,11,47,臺中市,烏日區,0,0,0,8,1,5,50,3,1,1,5,4,5,7,1,1,9,4,5,2,16,25,,,,,C03,,,1,,2,,,25,,1,22,,C03,120.643049,24.104729,3
2023,3,8,11,52,臺中市,西屯區,0,0,0,8,,,30,,,,,,,,,,,,,,,6,,,,,C03,,,1,,1,,,6,,1,22,,C03,120.643358,24.181633,3
2023,3,8,11,52,臺中市,西屯區,0,1,0,8,1,5,40,3,2,1,5,4,5,7,2,1,5,4,4,2,13,23,2,8,1,1,C03,7,9,1,10,2,11,12,23,23,1,22,8,C03,120.649575,24.171643,2
2023,3,8,11,55,臺中市,龍井區,0,1,0,8,1,5,50,4,1,1,5,4,5,7,1,1,10,5,5,2,16,17,3,10,1,1,B03,7,6,1,8,2,2,,17,17,1,7,8,B03,120.530178,24.184196,2
2023,3,8,11,59,臺中市,南屯區,0,0,0,8,1,5,30,14,9,1,5,4,5,7,4,4,10,5,5,2,10,5,3,10,1,1,C03,7,9,1,10,2,11,,5,5,1,22,8,C03,120.637123,24.141365,3
2023,3,8,12,0,臺中市,神岡區,0,1,0,8,1,5,50,3,1,1,5,4,5,7,1,1,5,4,4,1,16,23,3,10,1,1,C03,7,9,1,10,2,14,,23,23,1,21,8,C03,120.67106,24.256443,2
2023,3,8,12,1,臺中市,新社區,0,1,0,8,1,5,50,14,9,1,5,4,5,7,4,4,5,4,5,1,16,10,3,10,1,1,B03,7,11,1,8,2,5,,10,10,1,22,9,B03,120.810303,24.246606,2
2023,3,8,12,2,臺中市,東勢區,0,0,0,8,,,50,,,,,,,,,,,,,,,42,,,,,B03,,,1,,2,,,42,42,1,21,,B03,120.853797,24.23682,3
2023,3,8,12,4,臺中市,西屯區,0,2,0,8,1,5,30,4,1,1,5,4,5,7,1,1,10,5,5,2,17,43,2,9,1,1,F01,7,6,8,20,2,16,,43,43,1,20,9,F01,120.63244,24.182865,2
2023,3,8,12,10,臺中市,太平區,0,0,0,8,,,50,,,,,,,,,,,,,,,18,,,,,B03,,,1,,2,,,18,,1,21,,B03,120.714306,24.126101,3
2023,3,8,12,10,臺中市,太平區,0,1,0,8,1,5,50,14,7,1,5,4,5,7,4,4,5,5,4,1,17,19,3,10,1,1,C03,7,1,1,10,2,11,,19,19,1,22,8,C03,120.731198,24.150249,2
2023,3,8,12,17,臺中市,大甲區,0,1,0,8,1,5,60,5,1,1,5,4,5,7,1,1,10,4,4,1,12,23,2,9,1,1,C03,7,9,1,10,2,11,,23,23,1,22,1,C03,120.629706,24.359427,2
2023,3,8,12,18,臺中市,霧峰區,0,2,0,8,1,5,50,4,1,1,5,4,5,7,3,1,10,5,5,2,16,6,2,9,3,4,C03,7,9,1,10,2,11,,6,6,1,21,8,C03,120.695763,24.061029,2
2023,3,8,12,22,臺中市,大雅區,0,1,0,8,1,5,40,14,8,1,5,2,5,7,4,4,1,5,5,2,18,23,2,9,1,1,C03,7,9,1,10,2,15,,23,23,1,22,9,C03,120.612574,24.210742,2
2023,3,8,12,22,臺中市,外埔區,0,1,0,8,1,5,30,13,9,1,5,4,5,3,4,4,10,5,5,2,11,19,3,10,1,1,C03,7,1,1,10,2,14,,19,19,1,22,8,C03,120.651736,24.335012,2
2023,3,8,12,22,臺中市,豐原區,0,0,0,8,,,30,,,,,,,,,,,,,,,12,,,,,B03,,,1,,2,,,12,,1,22,,B03,120.713797,24.23474,3
2023,3,8,12,31,臺中市,清水區,0,2,0,8,1,5,30,4,1,1,5,4,5,7,4,4,10,5,5,2,16,6,2,9,1,1,C03,7,9,1,10,2,15,,6,6,1,21,8,C03,120.547145,24.266281,2
2023,3,8,12,39,臺中市,太平區,0,3,0,8,1,5,30,4,1,1,5,4,5,7,3,1,10,5,5,2,15,19,2,9,1,1,C03,7,1,1,10,2,14,,19,19,1,19,5,C03,120.72326,24.142215,2
2023,3,8,12,45,臺中市,大甲區,0,0,0,8,1,8,50,14,22,1,5,4,5,7,4,4,5,4,5,1,29,42,,,,,B12,,,1,,2,,,42,42,1,22,,B12,120.621358,24.346977,3
2023,3,8,12,48,臺中市,西屯區,0,0,0,8,,,40,,,,,,,,,,,,,,,6,,,,,B03,,,1,,1,,,6,,1,21,,B03,120.615398,24.183353,3
2023,3,8,12,54,臺中市,太平區,0,0,0,8,,,50,,,,,,,,,,,,,,,67,,,,,,,,,,,,,67,,1,,,,120.715518,24.143006,3
2023,3,8,12,55,臺中市,大雅區,0,1,0,8,1,5,50,4,1,1,5,4,5,7,1,1,5,5,5,1,14,12,3,10,1,1,B12,7,2,1,8,9,3,,12,12,1,22,8,B12,120.6607,24.212227,2
2023,3,8,12,57,臺中市,大里區,0,0,0,8,,,40,,,,,,,,,,,,,,,12,,,,,B03,,,1,,2,,,12,,1,22,,B03,120.694916,24.117511,3
2023,3,8,13,3,臺中市,大里區,0,0,0,8,,,50,,,,,,,,,,,,,,,12,,,,,B03,,,1,,2,,,12,,1,12,,B03,120.67452,24.114665,3
2023,3,8,13,5,臺中市,大甲區,0,0,0,8,,,50,,,,,,,,,,,,,,,18,,,,,B03,,,1,,2,,,18,,1,22,,B03,120.623495,24.345898,3
2023,3,8,13,6,臺中市,太平區,0,1,0,8,1,5,30,14,9,1,5,4,5,7,4,4,10,5,5,2,17,19,3,10,1,1,B03,7,1,1,8,2,15,,19,19,1,5,8,B03,120.72943,24.129556,2
2023,3,8,13,9,臺中市,西屯區,0,0,0,8,,,30,,,,,,,,,,,,,,,23,,,,,B12,,,1,,1,,,23,,1,22,,B12,120.646456,24.176203,3
2023,3,8,13,10,臺中市,中區,0,0,0,8,,,50,,,,,,,,,,,,,,,42,,,,,,,,,,,,,42,42,1,,,,120.675367,24.145921,3
2023,3,8,13,15,臺中市,太平區,0,0,0,8,,,50,,,,,,,,,,,,,,,23,,,,,B03,,,1,,1,,,23,,1,22,,B03,120.7147,24.149996,3
2023,3,8,13,16,臺中市,北屯區,0,1,0,8,1,5,50,4,1,1,5,4,5,7,1,1,10,5,5,2,16,8,3,10,1,1,B02,7,5,1,8,2,8,,8,8,1,21,8,B02,120.687004,24.185553,2
2023,3,8,13,19,臺中市,霧峰區,0,1,0,8,1,5,40,12,9,1,5,4,5,7,4,4,10,5,5,1,19,19,2,8,1,1,C03,7,1,1,10,7,14,,19,19,1,22,9,C03,120.78426,24.048192,2
2023,3,8,13,20,臺中市,南屯區,0,2,0,8,1,5,50,4,1,1,5,4,5,7,2,1,10,5,5,2,17,25,2,9,1,1,C03,7,5,1,10,2,11,,25,25,1,22,9,C03,120.61256,24.138446,2
2023,3,8,13,27,臺中市,南屯區,0,0,0,8,,,50,,,,,,,,,,,,,,,16,,,,,B03,,,1,,1,,,16,,1,22,,B03,120.64645,24.125471,3
2023,3,8,13,40,臺中市,大雅區,0,0,0,8,,,60,,,,,,,,,,,,,,,23,,,,,B03,,,1,,2,,,23,,1,21,,B03,120.648376,24.218617,3
2023,3,8,13,46,臺中市,南屯區,0,1,0,8,3,5,40,14,8,1,5,4,5,7,4,4,5,4,3,2,17,23,2,9,1,1,C03,7,9,6,18,11,14,,23,23,2,22,8,C03,120.622715,24.140629,2
2023,3,8,13,50,臺中市,西屯區,0,0,0,8,,,30,,,,,,,,,,,,,,,43,,,,,,,,,,,,,43,,1,,,,120.64386,24.191443,3
2023,3,8,13,54,臺中市,神岡區,0,0,0,8,,,50,,,,,,,,,,,,,,,23,,,,,C03,,,1,,1,,,23,,1,22,,C03,120.69978,24.251105,3
2023,3,8,13,59,臺中市,北區,0,0,0,8,1,5,50,3,9,1,5,4,5,7,4,4,10,5,5,2,12,16,,,,,B03,,,1,,1,,,16,,1,22,,B03,120.67303,24.167469,3
2023,3,8,14,0,臺中市,南屯區,0,1,0,8,1,5,50,4,1,1,5,4,5,7,1,1,8,3,5,2,17,25,3,10,1,1,B03,7,7,1,8,2,6,,25,25,1,22,9,B03,120.623141,24.145201,2
2023,3,8,14,5,臺中市,南屯區,0,0,0,8,,,50,,,,,,,,,,,,,,,25,,,,,B03,,,1,,1,,,25,,1,5,,B03,120.623254,24.149763,3
2023,3,8,14,11,臺中市,北屯區,0,1,0,8,1,5,50,4,2,1,5,4,5,7,4,4,5,4,5,2,16,6,2,9,1,1,C03,7,9,1,10,2,11,,6,6,1,22,8,C03,120.699023,24.171331,2
2023,3,8,14,13,臺中市,太平區,0,1,0,8,1,5,50,4,1,1,5,4,5,7,1,1,10,5,5,2,16,1,2,9,1,1,C03,7,4,1,10,2,14,,1,1,1,4,1,C03,120.721385,24.14298,2
2023,3,8,14,14,臺中市,北區,0,1,0,8,1,5,50,14,7,1,5,4,5,7,4,4,9,5,4,2,16,19,3,10,1,1,B12,7,1,1,8,2,8,,19,19,1,22,8,B12,120.692654,24.152093,2
2023,3,8,14,16,臺中市,西區,0,2,0,8,1,5,50,4,1,1,5,4,5,7,4,4,10,5,5,2,16,14,2,9,3,4,C03,7,9,1,10,2,14,,14,14,1,21,8,C03,120.673095,24.14239,2
2023,3,8,14,17,臺中市,大里區,0,1,0,8,1,5,50,14,9,1,5,4,5,7,1,1,5,5,5,1,16,23,3,10,1,1,B03,7,6,1,8,2,5,,23,23,1,22,8,B03,120.686521,24.095651,2
2023,3,8,14,20,臺中市,南屯區,0,0,0,8,,,50,,,,,,,,,,,,,,,12,,,,,B03,,,1,,1,,,12,,1,22,,B03,120.650066,24.134354,3
2023,3,8,14,25,臺中市,霧峰區,0,0,0,8,,,30,,,,,,,,,,,,,,,67,,,,,B03,,,1,,2,,,17,67,1,22,,B03,120.676174,24.073056,3
2023,3,8,14,26,臺中市,北屯區,0,0,0,8,,,80,,,,,,,,,,,,,,,7,,,,,B12,,,1,,1,,,7,,1,22,,B12,120.720802,24.169165,3
2023,3,8,14,29,臺中市,后里區,0,0,0,8,1,5,50,14,8,1,5,4,5,7,4,4,1,4,4,1,17,19,3,10,1,1,B03,7,1,1,8,1,8,,19,19,1,21,8,B03,120.722313,24.30186,3
2023,3,8,14,30,臺中市,南區,0,1,0,8,1,5,40,14,8,1,5,4,5,7,4,4,1,4,4,2,16,6,3,10,1,1,B03,7,8,1,8,2,5,,6,6,1,21,8,B03,120.668503,24.125432,2
2023,3,8,14,34,臺中市,西屯區,0,0,0,8,,,40,,,,,,,,,,,,,,,9,,,,,B03,,,1,,1,,,9,,1,1,,B03,120.642037,24.16071,3
2023,3,8,14,35,臺中市,潭子區,0,3,0,8,1,5,50,14,7,1,5,4,5,7,4,4,9,4,4,2,17,6,2,9,1,1,C03,7,5,1,10,2,13,,6,6,1,22,8,C03,120.702368,24.207056,2
2023,3,8,14,36,臺中市,霧峰區,0,1,0,8,1,5,30,11,9,1,5,4,5,7,4,4,10,5,5,1,17,23,2,9,3,4,C03,7,9,1,10,2,11,,23,23,1,18,8,C03,120.714312,24.076887,2
2023,3,8,14,40,臺中市,北屯區,0,2,0,8,1,5,50,4,2,1,5,4,5,7,1,1,5,5,4,2,13,16,2,9,1,1,C03,7,9,1,10,2,14,,16,16,1,21,8,C03,120.688716,24.166886,2
2023,3,8,14,41,臺中市,北區,0,1,0,8,1,5,50,4,1,1,5,4,5,7,1,1,10,5,5,2,16,10,3,10,1,1,B03,7,11,1,8,2,1,,10,10,1,22,9,B03,120.678686,24.159138,2
2023,3,8,14,44,臺中市,大雅區,0,0,0,8,,,50,,,,,,,,,,,,,,,23,,,,,B03,,,1,,2,,,23,,1,22,,B03,120.647086,24.221647,3
2023,3,8,14,47,臺中市,烏日區,0,0,0,8,,,60,,,,,,,,,,,,,,,16,,,,,B03,,,1,,2,,,16,,1,4,,B03,120.648655,24.091956,3
2023,3,8,14,57,臺中市,大里區,0,1,0,8,1,5,60,4,1,1,5,4,5,7,1,1,1,4,1,1,12,19,2,8,1,1,C03,7,1,1,10,2,14,,19,19,1,9,9,C03,120.69844,24.079778,2
2023,3,8,14,58,臺中市,南屯區,0,0,0,8,,,50,,,,,,,,,,,,,,,23,,,,,B12,,,1,,1,,,23,,1,22,,B12,120.62294,24.148338,3
2023,3,8,14,59,臺中市,中區,0,0,0,8,1,5,50,4,2,1,5,4,5,7,4,4,10,5,5,2,12,23,,,,,C03,,,1,,1,,,23,,1,4,,C03,120.681152,24.136849,3
2023,3,8,15,10,臺中市,西區,0,2,0,8,1,5,50,4,1,1,5,4,5,7,4,4,10,5,5,2,15,25,3,10,1,1,B03,7,9,1,8,2,5,,25,25,1,21,8,B03,120.661673,24.150865,2
2023,3,8,15,10,臺中市,南屯區,0,1,0,8,3,5,50,3,1,1,5,4,5,7,4,4,5,4,5,2,17,13,2,9,1,1,C03,7,9,1,10,2,14,,13,13,1,22,8,C03,120.644334,24.134727,2
2023,3,8,15,20,臺中市,西屯區,0,0,0,8,,,50,,,,,,,,,,,,,,,16,,,,,C03,,,1,,1,,,16,,1,22,,C03,120.651581,24.166103,3
2023,3,8,15,30,臺中市,北屯區,0,0,0,8,,,50,,,,,,,,,,,,,,,42,,,,,B03,,,1,,1,,,42,42,1,5,,B03,120.692623,24.167809,3
2023,3,8,15,41,臺中市,北區,0,0,0,8,1,5,40,14,8,1,5,4,5,7,4,4,1,4,4,2,12,19,3,10,1,1,B03,7,1,1,8,1,8,,19,19,1,5,5,B03,120.677175,24.153425,3
2023,3,8,15,45,臺中市,北區,0,0,0,8,,,50,,,,,,,,,,,,,,,6,,,,,C03,,,1,,1,,,6,6,1,22,,C03,120.695941,24.159882,3
2023,3,8,15,45,臺中市,西屯區,0,0,0,8,,,50,,,,,,,,,,,,,,,7,,,,,B03,,,1,,2,,,7,,1,22,,B03,120.641233,24.168328,3
2023,3,8,15,49,臺中市,南屯區,0,0,0,,,,50,,,,,,,,,,,,,,,23,,,,,B03,,,1,,2,,,23,,1,5,,B03,120.652968,24.149932,3
2023,3,8,15,51,臺中市,烏日區,0,0,0,8,,,50,,,,,,,,,,,,,,,23,,,,,B03,,,1,,9,,,23,,1,21,,B03,120.592671,24.1125,3
2023,3,8,15,54,臺中市,南屯區,0,0,0,8,,,50,,,,,,,,,,,,,,,19,,,,,B03,,,1,,2,,,19,,1,22,,B03,120.60998,24.141231,3
2023,3,8,15,55,臺中市,南屯區,0,0,0,,,,40,,,,,,,,,,,,,,,12,,,,,B11,,,1,,2,,,12,,1,22,,B11,120.648853,24.130592,3
2023,3,8,15,55,臺中市,沙鹿區,0,0,0,8,,,40,,,,,,,,,,,,,,,19,,,,,B03,,,1,,2,,,19,,1,4,,B03,120.558873,24.234542,3
2023,3,8,15,58,臺中市,南屯區,0,2,0,8,1,5,30,3,1,1,5,4,5,7,4,4,10,5,5,2,17,6,2,9,1,1,C03,7,5,1,10,2,14,,6,6,1,22,8,C03,120.610249,24.136666,2
2023,3,8,16,0,臺中市,霧峰區,0,0,0,8,,,50,,,,,,,,,,,,,,,6,,,,,B03,,,1,,2,,,6,,1,20,,B03,120.701354,24.067212,3
2023,3,8,16,2,臺中市,北屯區,0,1,0,8,1,5,30,4,1,1,5,4,5,7,4,4,10,5,5,2,17,6,2,9,1,1,C03,7,5,1,10,2,12,,6,6,1,21,8,C03,120.662242,24.183451,2
2023,3,8,16,5,臺中市,北屯區,0,1,0,8,1,5,50,3,1,1,5,4,5,7,4,4,10,5,5,2,13,16,2,8,3,4,C03,7,9,1,10,2,11,,16,16,1,21,8,C03,120.690725,24.164678,2
2023,3,8,16,9,臺中市,西屯區,0,0,0,8,,,50,,,,,,,,,,,,,,,23,,,,,B12,,,1,,1,,,23,,1,22,,B12,120.608963,24.155272,3
2023,3,8,16,20,臺中市,東區,0,1,0,8,1,5,50,5,1,1,5,4,5,7,1,1,10,5,5,2,17,19,2,9,1,1,C04,7,1,1,11,2,14,,19,19,1,22,8,C04,120.693603,24.133034,2
2023,3,8,16,23,臺中市,潭子區,0,0,0,8,,,40,,,,,,,,,,,,,,,16,,,,,B03,,,1,,2,,,16,,1,22,,B03,120.699806,24.201511,3
2023,3,8,16,23,臺中市,大雅區,0,0,0,8,,,50,,,,,,,,,,,,,,,17,,,,,C03,,,1,,2,,,17,,1,22,,C03,120.62999,24.209711,3
2023,3,8,16,27,臺中市,潭子區,0,4,0,8,1,5,50,4,2,1,5,4,5,7,1,1,5,4,4,1,13,43,2,9,1,1,B12,7,9,1,8,2,1,,43,43,1,22,9,B12,120.710229,24.208524,2
2023,3,8,16,27,臺中市,西屯區,0,1,0,8,1,5,50,3,1,1,5,4,5,7,2,1,10,5,5,2,16,8,3,10,1,1,B03,7,5,1,8,11,5,,23,8,1,21,8,B03,120.61868,24.187866,2
2023,3,8,16,28,臺中市,清水區,0,1,0,8,1,5,40,4,1,1,5,4,5,7,1,1,10,5,5,2,13,16,3,10,1,1,C03,7,9,1,10,2,12,,16,16,1,19,5,C03,120.575556,24.269449,2
2023,3,8,16,30,臺中市,北屯區,0,1,0,8,1,5,50,4,20,1,5,4,5,7,2,1,10,5,5,2,2,15,3,10,1,1,B03,7,5,1,8,2,1,,15,15,1,5,8,B03,120.70396,24.182162,2
2023,3,8,16,30,臺中市,北屯區,0,1,0,8,1,5,40,14,8,1,5,4,5,7,4,4,1,4,4,2,13,23,2,7,1,1,C03,7,9,4,8,2,11,,23,23,1,21,8,C03,120.663083,24.187738,2
2023,3,8,16,30,臺中市,大里區,0,1,0,8,1,5,40,4,1,1,5,4,5,7,1,1,9,4,5,1,16,17,2,9,1,1,C03,7,9,1,10,2,12,,17,17,1,19,8,C03,120.701886,24.085768,2
2023,3,8,16,30,臺中市,龍井區,0,1,0,8,1,5,30,4,1,1,5,4,5,7,4,4,10,5,5,2,15,6,2,9,1,1,C03,7,9,1,10,2,14,,6,6,1,12,8,C03,120.530893,24.212246,2
2023,3,8,16,30,臺中市,龍井區,0,0,0,8,,,40,,,,,,,,,,,,,,,43,,,,,B03,,,1,,1,,,43,,1,12,,B03,120.55208,24.21389,3
2023,3,8,16,31,臺中市,中區,0,1,0,8,1,5,50,4,1,1,5,4,5,7,1,1,5,5,5,2,12,44,3,10,3,4,B03,7,5,1,8,2,2,,44,44,1,21,8,B03,120.684456,24.142287,2
2023,3,8,16,34,臺中市,北區,0,0,0,8,,,50,,,,,,,,,,,,,,,7,,,,,C03,,,1,,1,,,7,,1,22,,C03,120.678622,24.148167,3
2023,3,8,16,36,臺中市,龍井區,0,1,0,8,1,5,50,3,1,1,5,4,5,7,4,4,10,5,5,2,16,10,3,10,1,1,B03,7,11,1,8,2,8,,10,10,1,12,8,B03,120.523363,24.205513,2
2023,3,8,16,39,臺中市,烏日區,0,0,0,8,1,5,50,14,9,1,5,4,5,7,4,4,9,5,5,2,14,12,,,,,B12,,,1,,2,,,12,,1,22,,B12,120.612372,24.110507,3
2023,3,8,16,42,臺中市,太平區,0,0,0,8,,,30,,,,,,,,,,,,,,,12,,,,,B12,,,1,,2,,,12,,1,21,,B12,120.707542,24.113256,3
2023,3,8,16,48,臺中市,北屯區,0,0,0,8,,,50,,,,,,,,,,,,,,,7,,,,,B03,,,1,,1,,,7,,1,4,,B03,120.6834,24.2008,3
2023,3,8,16,49,臺中市,大里區,0,1,0,8,1,5,50,4,1,1,5,4,5,7,1,1,5,4,4,1,15,25,3,10,3,4,B03,7,9,1,8,2,7,,25,25,1,22,9,B03,120.67453,24.097728,2
2023,3,8,16,50,臺中市,南區,0,0,0,8,,,50,,,,,,,,,,,,,,,19,,,,,B03,,,1,,2,,,19,,1,4,,B03,120.668273,24.116517,3
2023,3,8,16,50,臺中市,西屯區,0,3,0,8,1,5,50,3,1,1,5,4,5,7,4,4,10,5,5,2,16,6,2,9,1,1,C03,7,5,1,10,2,11,,6,6,1,22,8,C03,120.64619,24.186393,2
2023,3,8,16,50,臺中市,神岡區,0,1,0,8,1,5,50,14,7,1,5,4,5,7,4,4,9,4,4,2,17,42,2,9,1,1,C03,7,9,1,10,2,15,,42,42,1,12,8,C03,120.712644,24.256485,2
2023,3,8,16,50,臺中市,豐原區,0,0,0,8,,,50,,,,,,,,,,,,,,,6,,,,,B12,,,1,,2,,,6,,1,22,,B12,120.748061,24.266911,3
2023,3,8,16,54,臺中市,龍井區,0,0,0,8,,,60,,,,,,,,,,,,,,,23,,,,,B03,,,1,,2,,,23,,1,12,,B03,120.508943,24.200653,3
2023,3,8,16,55,臺中市,西區,0,2,0,8,1,5,50,4,2,1,5,4,5,7,4,4,5,2,5,2,17,26,2,9,1,1,C03,7,9,1,10,2,12,,26,4,1,5,7,C03,120.660221,24.147717,2
2023,3,8,17,0,臺中市,北屯區,0,2,0,8,1,5,50,4,1,1,5,4,5,7,2,1,10,5,5,2,16,19,2,9,1,1,C03,7,1,1,10,2,11,,19,19,1,22,8,C03,120.680593,24.194368,2
2023,3,8,17,0,臺中市,豐原區,0,1,0,8,1,5,40,14,9,1,5,4,5,7,1,1,4,5,4,1,17,40,3,10,1,1,B03,7,13,1,8,2,4,,40,40,1,22,8,B03,120.720288,24.240941,2
2023,3,8,17,1,臺中市,西區,0,0,0,,,,50,,,,,,,,,,,,,,,23,,,,,B03,,,1,,1,,,23,,1,21,,B03,120.652962,24.150959,3
2023,3,8,17,1,臺中市,東區,0,1,0,8,2,5,50,3,1,1,5,4,5,7,3,1,10,5,5,2,16,6,2,9,1,1,C03,7,5,1,10,2,11,,6,6,1,5,8,C03,120.687522,24.140613,2
2023,3,8,17,5,臺中市,清水區,0,0,0,8,,,40,,,,,,,,,,,,,,,10,,,,,A12,,,1,,9,,,10,,1,21,,A12,120.540129,24.28917,3
2023,3,8,17,7,臺中市,南區,0,0,0,8,1,5,50,4,9,1,5,4,5,7,2,1,2,4,5,2,13,23,,,,,B03,,,1,,2,,,44,,1,21,,B03,120.679303,24.11956,3
2023,3,8,17,7,臺中市,大甲區,0,0,0,8,,,50,,,,,,,,,,,,,,,23,,,,,B03,,,1,,1,,,23,,1,22,,B03,120.649211,24.406607,3
2023,3,8,17,9,臺中市,神岡區,0,0,0,8,,,50,,,,,,,,,,,,,,,25,,,,,F03,,,8,,2,,,25,,1,22,,F03,120.656703,24.250861,3
2023,3,8,17,10,臺中市,東區,0,0,0,8,,,50,,,,,,,,,,,,,,,23,,,,,B03,,,1,,2,,,23,,1,4,,B03,120.694293,24.147608,3
2023,3,8,17,11,臺中市,北屯區,0,0,0,8,,,50,,,,,,,,,,,,,,,12,,,,,A11,,,1,,2,,,12,,1,21,,A11,120.733893,24.161121,3
2023,3,8,17,12,臺中市,大里區,0,2,0,8,1,5,50,14,9,1,5,4,5,7,4,4,9,5,5,1,17,19,2,9,3,4,C03,7,1,1,10,2,14,,19,19,1,12,8,C03,120.694261,24.076566,2
2023,3,8,17,12,臺中市,大里區,0,1,0,8,1,5,40,14,8,1,5,4,5,7,4,4,1,4,1,1,13,23,2,9,1,1,C03,7,9,1,10,2,11,,23,23,1,5,8,C03,120.694113,24.099801,2
2023,3,8,17,13,臺中市,大雅區,0,1,0,8,2,5,30,4,2,1,5,4,5,7,4,4,10,5,5,2,14,12,3,10,1,1,B03,7,2,1,4,2,3,,12,12,1,22,9,B03,120.627976,24.229317,2
2023,3,8,17,13,臺中市,豐原區,0,0,0,8,,,50,,,,,,,,,,,,,,,23,,,,,B03,,,1,,2,,,23,,1,22,,B03,120.720227,24.236722,3
2023,3,8,17,14,臺中市,后里區,0,0,0,8,1,5,50,3,7,1,5,4,5,7,4,4,5,5,4,2,13,16,3,10,1,1,C03,7,9,1,10,2,11,,16,16,1,21,8,C03,120.715058,24.303051,3
2023,3,8,17,15,臺中市,大里區,0,0,0,8,,,50,,,,,,,,,,,,,,,44,,,,,B03,,,1,,2,,,44,,1,9,,B03,120.708444,24.086842,3
2023,3,8,17,18,臺中市,中區,0,1,0,8,1,5,50,4,1,1,5,4,5,7,1,1,10,5,5,2,16,8,2,9,1,1,C03,7,5,1,10,2,14,,8,8,1,21,8,C03,120.681022,24.143859,2
2023,3,8,17,20,臺中市,北屯區,0,0,0,8,,,30,,,,,,,,,,,,,,,17,,,,,B03,,,1,,1,,,17,17,1,22,,B03,120.68512,24.204778,3
2023,3,8,17,20,臺中市,西屯區,0,0,0,8,,,50,,,,,,,,,,,,,,,16,,,,,C03,,,1,,1,,,16,,1,22,,C03,120.641381,24.162412,3
2023,3,8,17,20,臺中市,霧峰區,0,0,0,8,,,40,,,,,,,,,,,,,,,18,,,,,B03,,,1,,2,,,18,,1,12,,B03,120.66715,24.060395,3
2023,3,8,17,20,臺中市,龍井區,0,1,0,8,1,5,50,4,2,1,5,4,5,7,2,1,9,4,5,1,17,17,3,10,1,1,C03,7,1,1,10,11,11,,17,17,2,21,8,C03,120.583931,24.182218,2
2023,3,8,17,22,臺中市,北屯區,0,3,0,8,1,5,50,3,9,1,5,4,5,7,1,1,1,4,5,2,13,16,2,9,1,1,C03,7,9,1,10,2,11,,16,16,1,22,8,C03,120.697047,24.169516,2
2023,3,8,17,24,臺中市,西屯區,0,1,0,8,1,5,40,14,8,1,5,4,5,7,4,4,1,4,1,2,13,16,2,5,1,1,C03,7,9,1,10,2,11,,16,16,1,22,8,C03,120.64502,24.165068,2
2023,3,8,17,25,臺中市,東區,0,1,0,8,1,5,50,4,1,1,5,4,5,7,2,1,10,5,5,2,16,6,2,9,1,1,C03,7,9,1,10,2,14,,23,6,1,22,8,C03,120.692527,24.144211,2
2023,3,8,17,26,臺中市,中區,0,0,0,8,,,50,,,,,,,,,,,,,,,17,,,,,B12,,,1,8,1,,,17,17,1,22,,B12,120.679913,24.137942,3
2023,3,8,17,28,臺中市,大里區,0,1,0,8,2,5,50,11,10,1,5,4,5,7,4,4,9,5,5,2,17,23,2,9,1,1,C03,7,9,1,10,2,11,,23,23,1,21,1,C03,120.662566,24.087558,2
2023,3,8,17,30,臺中市,西屯區,0,1,0,8,2,5,50,3,1,1,5,4,5,7,2,1,10,5,5,2,12,23,3,10,1,1,B03,7,5,6,18,7,5,,23,23,1,22,8,B03,120.649557,24.171703,2
2023,3,8,17,32,臺中市,新社區,0,2,0,8,2,5,50,14,9,1,5,4,5,7,4,4,5,4,5,1,16,6,2,9,1,1,C03,7,11,1,10,2,14,,6,6,1,19,8,C03,120.807823,24.240272,2
2023,3,8,17,32,臺中市,豐原區,0,2,0,8,1,5,50,4,18,1,5,4,5,7,2,1,10,5,5,2,3,23,2,9,3,4,C03,7,9,1,10,2,15,,23,23,1,22,8,C03,120.729355,24.257341,2
2023,3,8,17,39,臺中市,東區,0,1,0,8,2,5,50,4,1,1,5,4,5,7,1,1,10,5,5,2,16,8,3,10,1,1,B03,7,5,1,8,2,2,,8,8,1,9,8,B03,120.701416,24.14283,2
2023,3,8,17,40,臺中市,西屯區,0,1,0,8,1,5,50,14,9,1,5,4,5,7,4,4,9,4,5,2,12,6,3,10,1,1,B03,7,6,1,8,2,6,,6,6,1,22,8,B03,120.640389,24.198383,2
2023,3,8,17,42,臺中市,東區,0,0,0,8,2,5,40,4,8,1,5,4,5,7,1,1,5,5,4,2,16,18,3,10,1,1,B03,7,8,1,8,2,2,,18,18,1,21,8,B03,120.700212,24.131988,3