年,月,日,時,分,縣市,區,死,受傷,2-30,天候,光線,道路類別,速限,道路型態,事故位置,路面鋪裝,路面狀態,路面缺陷,障礙物,視距,號誌種類,號誌動作,分向設施,快車道或一般車道間,快慢車道間,路面邊線,事故類型及型態,主要肇因,受傷程度,主要傷處,保護裝備,行動電話,當事者區分,車輛用途,當事者行動狀態,駕駛資格情形,駕駛執照種類,飲酒情形,車輛撞擊部位最初,車輛撞擊部位其他,肇事因素個別,肇事因素主要,肇事逃逸,職業,旅次目的,車種,GPS緯度,GPS經度,事故類別
2023,3,10,7,26,臺中市,北屯區,0,1,0,8,1,5,40,4,1,1,5,4,5,7,2,1,5,5,4,1,16,1,3,10,1,1,C03,7,4,1,10,2,14,,1,1,1,21,8,C03,120.695206,24.179953,2
2023,3,10,7,28,臺中市,潭子區,0,0,0,8,,,50,,,,,,,,,,,,,,,8,,,,,C03,,,1,,2,,,23,44,1,22,,C03,120.705353,24.213282,3
2023,3,10,7,28,臺中市,南屯區,0,1,0,8,1,5,50,14,9,1,5,4,5,7,1,1,5,2,5,2,12,6,2,9,1,1,C03,7,5,1,10,2,14,,6,6,1,5,1,C03,120.649946,24.133333,2
2023,3,10,7,30,臺中市,潭子區,0,0,0,8,,,50,,,,,,,,,,,,,,,23,,,,,C03,,,2,,2,,,23,,1,22,,C03,120.710237,24.208532,3
2023,3,10,7,30,臺中市,北區,0,2,0,8,1,5,40,14,8,1,5,4,5,7,4,4,5,5,4,2,13,16,2,8,1,1,C03,7,9,1,10,2,11,,16,16,1,5,8,C03,120.670406,24.158535,2
2023,3,10,7,30,臺中市,西屯區,0,0,0,8,,,50,,,,,,,,,,,,,,,42,,,,,B03,,,1,,1,,,42,,1,1,,B03,120.645018,24.178822,3
2023,3,10,7,31,臺中市,太平區,0,2,0,8,1,5,50,4,1,1,5,4,5,7,1,1,10,5,5,2,16,8,2,8,1,1,C03,7,5,1,10,2,11,,8,8,1,22,5,C03,120.719885,24.121204,2
2023,3,10,7,33,臺中市,南屯區,0,1,0,8,1,5,50,14,9,1,5,4,5,7,4,4,1,5,5,2,16,17,3,10,1,4,C03,7,9,1,10,2,14,,17,17,1,22,8,C03,120.622838,24.14487,2
2023,3,10,7,33,臺中市,南屯區,0,1,0,8,1,5,50,14,9,1,5,4,5,7,4,4,1,5,5,2,13,16,2,9,1,4,C03,7,9,1,10,2,14,,16,16,1,22,8,C03,120.622941,24.144928,2
2023,3,10,7,35,臺中市,太平區,0,2,0,8,1,5,30,3,2,1,5,4,5,7,4,4,5,5,4,1,16,8,2,9,3,4,C03,7,5,1,10,2,14,,8,8,1,9,8,C03,120.726729,24.149918,2
2023,3,10,7,36,臺中市,龍井區,0,0,0,8,,,30,,,,,,,,,,,,,,,23,,,,,B03,,,1,,2,,,23,,1,20,,B03,120.546774,24.196617,3
2023,3,10,7,37,臺中市,東區,0,0,0,8,,,80,,,,,,,,,,,,,,,23,,,,,B03,,,1,,2,,,23,,1,5,,B03,120.708419,24.134347,3
2023,3,10,7,38,臺中市,南區,0,1,0,8,1,5,50,4,1,1,5,4,5,7,1,1,10,5,5,2,12,23,2,9,1,1,C03,7,7,1,10,2,14,,23,23,1,5,8,C03,120.656324,24.134372,2
2023,3,10,7,38,臺中市,東區,0,1,0,8,1,5,50,4,1,1,5,4,5,7,1,1,10,5,5,2,16,6,3,10,1,1,B03,7,5,1,8,2,5,,6,6,1,22,9,B03,120.701511,24.14003,2
2023,3,10,7,39,臺中市,大里區,0,0,0,8,,,50,,,,,,,,,,,,,,,23,,,,,F03,,,8,,2,,,23,,1,22,,F03,120.691246,24.096787,3
2023,3,10,7,40,臺中市,東區,0,1,0,8,1,5,50,3,1,1,5,4,5,7,4,4,10,5,5,2,16,6,2,9,1,1,C03,7,5,1,10,2,13,,6,6,1,22,8,C03,120.696974,24.136794,2
2023,3,10,7,40,臺中市,南區,0,1,0,8,1,5,30,14,22,2,5,4,5,7,4,4,5,5,5,2,18,23,2,9,1,1,F01,7,9,8,20,9,16,,23,23,1,5,8,F01,120.659159,24.129765,2
2023,3,10,7,40,臺中市,梧棲區,0,1,0,8,1,5,50,14,9,1,5,4,5,7,4,4,5,5,5,2,13,16,2,1,1,1,B03,7,9,1,8,2,1,,16,16,1,5,1,B03,120.549569,24.239491,2
2023,3,10,7,41,臺中市,北屯區,0,0,0,8,,,50,,,,,,,,,,,,,,,23,,,,,B12,,,1,,1,,,23,,1,21,,B12,120.672129,24.201211,3
2023,3,10,7,44,臺中市,西屯區,0,0,0,8,,,50,,,,,,,,,,,,,,,12,,,,,B03,,,1,,1,,,12,,1,4,,B03,120.618483,24.178484,3
2023,3,10,7,45,臺中市,大里區,0,0,0,8,1,5,50,4,1,1,5,4,5,7,3,1,5,5,4,2,13,23,,,,,C03,,,1,,2,,,23,,1,22,,C03,120.690457,24.106254,3
2023,3,10,7,45,臺中市,豐原區,0,1,0,8,1,5,30,14,9,1,5,4,5,7,4,4,10,5,5,2,11,42,2,8,1,1,C03,7,9,1,10,2,11,,42,42,1,12,1,C03,120.718719,24.238652,2
2023,3,10,7,46,臺中市,大雅區,0,0,0,8,,,30,,,,,,,,,,,,,,,5,,,,,B03,,,1,,2,,,5,,1,22,,B03,120.636546,24.22742,3
2023,3,10,7,46,臺中市,南區,0,2,0,8,1,5,50,3,1,1,5,4,5,7,4,4,10,5,5,2,16,6,2,9,1,1,C03,7,6,1,10,2,11,,6,6,1,5,8,C03,120.682506,24.134059,2
2023,3,10,7,46,臺中市,神岡區,0,2,0,8,1,5,50,3,2,1,5,4,5,7,4,4,3,4,4,1,13,16,2,9,3,4,C03,7,9,1,10,2,11,,16,16,1,22,1,C03,120.693385,24.232566,2
2023,3,10,7,47,臺中市,南區,0,3,0,8,1,5,50,3,1,1,5,4,5,7,1,1,10,5,5,2,10,23,2,9,1,1,C03,7,9,1,10,2,11,,23,23,1,22,9,C03,120.682,24.135146,2
2023,3,10,7,49,臺中市,東區,0,2,0,8,1,5,50,4,1,1,5,4,5,7,4,4,10,5,5,2,15,6,2,7,1,1,C03,7,9,1,10,2,11,,6,6,1,5,8,C03,120.69482,24.127265,2
2023,3,10,7,49,臺中市,南屯區,0,1,0,8,1,5,40,14,8,1,5,4,5,7,4,4,1,4,1,2,13,44,2,9,1,1,C03,7,9,1,10,2,14,,44,44,1,22,8,C03,120.608021,24.151073,2
2023,3,10,7,50,臺中市,烏日區,0,1,0,8,1,5,30,4,1,1,5,4,5,7,1,1,10,5,5,1,16,6,3,10,1,1,C03,7,5,1,10,2,14,,6,6,1,21,8,C03,120.643284,24.078953,2
2023,3,10,7,50,臺中市,后里區,0,0,0,8,,,50,,,,,,,,,,,,,,,12,,,,,B03,,,1,,1,,,12,,1,22,,B03,120.712815,24.310445,3
2023,3,10,7,52,臺中市,北區,0,2,0,8,1,5,50,4,2,1,5,4,5,7,1,1,10,5,5,2,12,23,2,9,1,1,C03,7,9,1,10,1,14,,23,23,1,5,8,C03,120.667553,24.165158,2
2023,3,10,7,52,臺中市,烏日區,0,1,0,8,1,5,60,4,1,1,5,4,5,7,2,1,1,4,5,1,18,43,2,9,1,1,C03,7,9,1,10,2,15,,43,43,1,21,1,C03,120.614085,24.106776,2
2023,3,10,7,53,臺中市,清水區,0,0,0,8,,,50,,,,,,,,,,,,,,,23,,,,,B03,,,1,,2,,,23,,1,21,,B03,120.554684,24.261645,3
2023,3,10,7,54,臺中市,北屯區,0,1,0,8,1,5,50,14,7,1,5,4,5,7,4,4,9,5,4,2,16,23,2,9,1,1,C03,7,9,1,10,2,11,,23,23,1,21,8,C03,120.715096,24.165856,2
2023,3,10,7,54,臺中市,太平區,0,1,0,8,1,5,50,4,2,1,5,4,5,7,1,1,5,4,4,2,18,23,2,9,1,1,C03,7,9,1,10,2,12,,23,23,1,22,5,C03,120.716206,24.105861,2
2023,3,10,7,55,臺中市,大里區,0,0,0,8,1,5,50,4,1,1,5,1,5,7,1,1,10,5,5,2,16,23,,,,,C03,,,1,,11,,,23,,1,4,,C03,120.714252,24.096127,3
2023,3,10,7,55,臺中市,梧棲區,0,0,0,8,,,50,,,,,,,,,,,,,,,18,,,,,B12,,,1,,2,,,18,,1,3,,B12,120.533008,24.256208,3
2023,3,10,7,55,臺中市,沙鹿區,0,1,0,8,1,5,60,3,1,1,5,4,5,7,4,4,1,4,5,2,13,23,2,8,1,1,C03,7,9,1,10,2,11,,23,23,1,21,8,C03,120.599313,24.248937,2
2023,3,10,7,56,臺中市,中區,0,0,0,,,,50,,,,,,,,,,,,,,,7,,,,,B03,,,6,,2,,,7,,1,20,,B03,120.685695,24.143194,3
2023,3,10,7,58,臺中市,南屯區,0,0,0,8,,,40,,,,,,,,,,,,,,,16,,,,,C03,,,1,,2,,,16,,1,5,,C03,120.623141,24.145201,3
2023,3,10,7,59,臺中市,大里區,0,1,0,8,1,5,30,14,9,1,5,4,5,7,4,4,10,5,5,1,10,23,2,8,1,1,F03,7,9,8,20,2,16,,23,23,1,22,9,F03,120.690954,24.087433,2
2023,3,10,8,0,臺中市,北屯區,0,0,0,8,,,50,,,,,,,,,,,,,,,12,,,,,B03,,,1,,2,,,12,,1,21,,B03,120.696629,24.176065,3
2023,3,10,8,0,臺中市,北屯區,0,0,0,8,,,50,,,,,,,,,,,,,,,42,,,,,C03,,,1,,1,,,42,42,1,9,,C03,120.677404,24.180602,3
2023,3,10,8,2,臺中市,龍井區,0,1,0,8,1,5,50,3,1,1,5,4,5,7,4,4,9,5,5,2,17,42,2,9,1,1,C03,7,14,1,10,2,13,,42,42,1,22,9,C03,120.58413,24.18792,2
2023,3,10,8,5,臺中市,潭子區,0,1,0,8,1,5,30,14,9,1,5,4,5,7,4,4,10,5,5,1,12,17,3,10,1,1,B12,7,9,1,8,2,5,,17,17,1,22,8,B12,120.712341,24.189322,2
2023,3,10,8,10,臺中市,大雅區,0,1,0,8,1,5,30,14,9,1,5,4,5,7,4,4,10,5,5,1,16,1,2,9,1,1,C03,7,4,1,10,2,12,,1,1,1,22,8,C03,120.66213,24.215354,2
2023,3,10,8,10,臺中市,南屯區,0,1,0,8,1,5,50,3,1,1,5,4,5,7,1,1,1,4,5,2,13,23,3,10,3,4,B12,7,9,1,8,2,1,,23,23,1,22,9,B12,120.610517,24.144119,2
2023,3,10,8,10,臺中市,豐原區,0,0,0,8,,,30,,,,,,,,,,,,,,,23,,,,,B03,,,1,,2,,,23,,1,22,,B03,120.713844,24.249274,3
2023,3,10,8,13,臺中市,北屯區,0,0,0,8,,,50,,,,,,,,,,,,,,,12,,,,,B03,,,1,,1,,,38,12,1,21,,B03,120.720991,24.176722,3
2023,3,10,8,15,臺中市,北區,0,2,0,8,1,5,50,4,1,1,5,4,5,7,1,1,10,5,5,2,13,23,2,9,1,1,C03,7,9,1,10,2,11,,23,23,1,22,8,C03,120.682583,24.153366,2
2023,3,10,8,23,臺中市,北屯區,0,1,0,8,1,5,50,14,9,1,5,4,5,7,4,4,1,4,5,2,16,23,2,9,1,1,C03,7,9,1,10,2,11,,23,23,1,21,8,C03,120.684531,24.172525,2
2023,3,10,8,24,臺中市,南屯區,0,1,0,8,1,5,50,14,9,1,5,4,5,7,4,4,1,5,5,2,16,23,2,8,1,4,C03,7,9,1,10,2,14,,23,23,1,22,8,C03,120.621903,24.145348,2
2023,3,10,8,26,臺中市,石岡區,0,0,0,8,1,5,50,4,9,1,5,4,5,7,4,4,5,5,5,1,15,6,,,,,B03,,,1,,2,,,6,,1,22,,B03,120.777039,24.275345,3
2023,3,10,8,30,臺中市,北屯區,0,0,0,8,,,50,,,,,,,,,,,,,,,6,,,,,B03,,,1,,1,,,6,,1,21,,B03,120.704412,24.171712,4
2023,3,10,8,30,臺中市,沙鹿區,0,1,0,8,1,5,20,14,9,2,5,4,5,7,4,4,10,5,5,2,17,42,2,8,1,1,C03,7,6,1,10,2,14,,42,42,1,21,8,C03,120.581207,24.201772,2
2023,3,10,8,35,臺中市,龍井區,0,1,0,8,1,5,30,14,9,1,5,4,5,7,4,4,10,5,5,2,17,23,2,9,1,1,C03,7,9,1,10,2,11,,23,23,1,3,1,C03,120.587154,24.178965,2
2023,3,10,8,38,臺中市,南區,0,1,0,8,1,5,50,4,1,1,5,4,5,7,4,4,10,5,5,2,16,1,2,9,1,1,C03,7,4,1,10,2,12,,1,1,1,22,8,C03,120.673683,24.125825,2
2023,3,10,8,44,臺中市,西屯區,0,1,0,8,1,5,50,14,9,1,5,4,5,7,4,4,10,4,5,2,16,6,2,9,3,4,C03,7,6,1,10,2,12,,6,6,1,22,8,C03,120.647195,24.15676,2
2023,3,10,8,44,臺中市,烏日區,0,1,0,8,1,5,50,4,1,1,5,4,5,7,2,1,5,5,5,1,12,8,3,10,1,1,F03,7,5,8,20,2,16,,8,8,1,21,7,F03,120.638134,24.107693,2
2023,3,10,8,49,臺中市,東區,0,2,0,8,1,5,50,5,1,1,5,4,5,7,1,1,10,5,5,2,16,25,3,10,1,1,B03,7,9,1,8,2,1,,25,25,1,5,8,B03,120.694513,24.142763,2
2023,3,10,8,50,臺中市,潭子區,0,1,0,8,1,5,50,14,9,1,5,4,5,7,4,4,9,5,5,2,13,23,3,10,1,1,B03,7,9,1,8,2,5,,23,23,1,22,9,B03,120.707694,24.204249,2
2023,3,10,8,50,臺中市,烏日區,0,1,0,8,1,5,50,5,1,1,5,4,5,7,2,1,5,4,5,1,15,25,3,10,1,1,B03,7,9,1,8,2,8,,44,25,1,21,8,B03,120.643003,24.075607,2
2023,3,10,8,53,臺中市,南屯區,0,1,0,8,1,5,50,14,8,1,5,4,5,7,4,4,5,4,4,2,16,26,3,10,1,1,B03,7,5,1,8,2,5,,26,26,1,5,1,B03,120.633828,24.136696,2
2023,3,10,8,54,臺中市,烏日區,0,3,0,8,1,5,40,8,8,1,5,4,5,7,4,4,1,5,1,1,13,23,2,9,1,1,C03,7,9,1,10,2,11,,23,23,1,21,9,C03,120.583431,24.110427,2
2023,3,10,8,55,臺中市,大雅區,0,0,0,8,,,50,,,,,,,,,,,,,,,16,,,,,B03,,,1,,2,,,16,,1,22,,B03,120.6315,24.239566,4
2023,3,10,8,58,臺中市,龍井區,0,0,0,8,,,50,,,,,,,,,,,,,,,19,,,,,B03,,,1,,2,,,19,,1,12,,B03,120.550733,24.213391,3
2023,3,10,9,0,臺中市,烏日區,0,0,0,,,,70,,,,,,,,,,,,,,,25,,,,,C03,,,1,,2,,,25,,1,21,,C03,120.615819,24.105908,3
2023,3,10,9,2,臺中市,豐原區,0,1,0,8,1,5,50,4,2,1,5,4,5,7,2,1,1,4,5,1,17,10,3,10,1,1,B03,7,11,1,8,2,1,,10,10,1,4,8,B03,120.729111,24.252255,2
2023,3,10,9,5,臺中市,烏日區,0,0,0,8,1,5,50,14,7,1,5,4,5,7,4,4,5,5,4,2,13,23,3,10,3,4,B03,7,6,1,8,2,1,,23,23,1,21,9,B03,120.620551,24.111003,3
2023,3,10,9,12,臺中市,北區,0,1,0,8,1,5,50,4,1,1,5,4,5,7,4,4,10,5,5,2,15,6,3,10,1,1,B03,7,9,1,8,2,2,,6,6,1,22,9,B03,120.695923,24.156781,2
2023,3,10,9,12,臺中市,西屯區,0,1,0,8,1,5,30,9,9,1,5,4,5,7,4,4,10,5,5,1,18,42,2,7,3,4,C03,7,5,1,10,2,12,,42,42,1,22,8,C03,120.628718,24.172415,2
2023,3,10,9,13,臺中市,北屯區,0,1,0,8,1,5,50,3,1,1,5,4,5,7,1,1,10,5,5,2,16,6,3,10,1,1,B12,7,5,1,8,2,1,,6,6,1,4,8,B12,120.6684,24.1992,2
2023,3,10,9,15,臺中市,南區,0,0,0,,,,50,,,,,,,,,,,,,,,7,,,,,B03,,,1,,9,,,7,,1,22,,B03,120.690077,24.1357,3
2023,3,10,9,17,臺中市,烏日區,0,0,0,8,,,60,,,,,,,,,,,,,,,23,,,,,B01,,,1,,2,,,23,23,1,22,,B01,120.61483,24.10623,3
2023,3,10,9,19,臺中市,南區,0,2,0,8,1,5,50,14,9,1,5,4,5,7,4,4,10,5,5,2,16,1,2,9,1,1,C03,7,9,1,10,2,12,,1,1,1,22,9,C03,120.652798,24.116081,2
2023,3,10,9,20,臺中市,大里區,0,0,0,8,,,50,,,,,,,,,,,,,,,23,,,,,C03,,,1,,2,,,23,,1,22,,C03,120.693455,24.092354,3
2023,3,10,9,24,臺中市,大里區,0,0,0,8,,,50,,,,,,,,,,,,,,,23,,,,,B02,,,1,,2,,,23,,1,22,,B02,120.692547,24.102836,3
2023,3,10,9,25,臺中市,南區,0,2,0,8,1,5,50,3,1,1,5,4,5,7,4,4,1,4,4,2,12,9,3,10,1,1,B03,7,6,1,8,2,2,,9,9,1,5,8,B03,120.655198,24.115836,2
2023,3,10,9,29,臺中市,龍井區,0,0,0,,,,30,,,,,,,,,,,,,,,17,,,,,C03,,,8,,10,,,26,23,1,5,,C03,120.586399,24.181681,3
2023,3,10,9,30,臺中市,南屯區,0,0,0,8,,,50,,,,,,,,,,,,,,,42,,,,,C03,,,1,,1,,,42,,1,22,,C03,120.649058,24.141939,3
2023,3,10,9,30,臺中市,西屯區,0,2,0,8,1,5,50,3,8,1,5,4,5,7,1,1,10,5,5,2,13,16,2,9,1,1,C03,7,9,1,10,2,11,,16,16,1,22,8,C03,120.656304,24.161768,2
2023,3,10,9,31,臺中市,南屯區,0,1,0,8,1,5,50,3,1,1,5,4,5,7,2,1,5,4,4,2,16,6,3,10,3,4,B03,7,11,1,8,2,1,,6,6,1,22,9,B03,120.615451,24.14912,2
2023,3,10,9,32,臺中市,西屯區,0,1,0,8,1,5,50,14,9,1,5,4,5,7,4,4,1,4,5,2,12,23,2,9,1,1,C03,7,9,1,10,2,11,,23,23,1,22,8,C03,120.650796,24.165114,2
2023,3,10,9,35,臺中市,太平區,0,0,0,8,,,50,,,,,,,,,,,,,,,26,,,,,B03,,,6,,1,,,26,,1,20,,B03,120.723166,24.149422,3
2023,3,10,9,35,臺中市,龍井區,0,1,0,8,1,5,30,4,1,1,5,4,5,7,4,4,10,5,5,2,15,6,3,10,1,1,C03,7,9,1,10,2,11,,6,6,1,12,8,C03,120.519283,24.198736,2
2023,3,10,9,38,臺中市,大甲區,0,1,0,8,1,5,50,14,9,1,5,4,5,7,4,4,9,5,5,1,13,22,2,8,1,1,C03,7,9,1,10,2,11,,22,22,1,4,1,C03,120.624861,24.34451,2
2023,3,10,9,40,臺中市,北屯區,0,0,0,8,,,80,,,,,,,,,,,,,,,7,,,,,B12,,,1,,2,,,7,,1,21,,B12,120.717405,24.157216,3
2023,3,10,9,42,臺中市,中區,0,1,0,8,1,5,50,4,1,1,5,4,5,7,1,1,5,5,5,2,16,6,3,10,3,4,B03,7,6,1,8,2,2,,6,6,1,21,8,B03,120.677642,24.144083,2
2023,3,10,9,45,臺中市,中區,0,0,0,8,,,50,,,,,,,,,,,,,,,23,,,,,B03,,,1,8,1,,,23,23,1,22,,B03,120.679551,24.143923,3
2023,3,10,9,47,臺中市,中區,0,0,0,8,,,50,,,,,,,,,,,,,,,23,,,,,C03,,,1,,1,,,23,,1,21,,C03,120.681415,24.13692,3
2023,3,10,9,50,臺中市,潭子區,0,0,0,8,,,60,,,,,,,,,,,,,,,23,,,,,B12,,,1,,2,,,23,,1,22,,B12,120.702431,24.19457,3
2023,3,10,9,52,臺中市,太平區,0,1,0,8,1,5,50,14,9,1,5,4,5,7,4,4,10,4,5,1,13,23,2,9,1,1,C03,7,9,1,10,2,11,,23,23,1,22,5,C03,120.716554,24.132199,2
2023,3,10,9,54,臺中市,豐原區,0,0,0,8,,,60,,,,,,,,,,,,,,,23,,,,,B03,,,1,,2,,,23,,1,22,,B03,120.703269,24.250905,3
2023,3,10,9,56,臺中市,潭子區,0,2,0,8,1,5,50,14,20,1,5,4,5,7,4,4,10,5,5,2,16,2,2,9,1,1,C03,7,9,1,10,2,14,,2,2,1,22,9,C03,120.706733,24.200314,2
2023,3,10,10,5,臺中市,龍井區,0,0,0,,,,50,,,,,,,,,,,,,,,6,,,,,C03,,,1,,2,,,23,,1,18,,C03,120.5926,24.181542,3
2023,3,10,10,8,臺中市,龍井區,0,0,0,8,,,50,,,,,,,,,,,,,,,23,,,,,B03,,,1,,11,,,23,,1,22,,B03,120.590793,24.190076,3
2023,3,10,10,10,臺中市,西屯區,0,2,0,8,1,5,50,3,1,1,5,4,5,7,4,4,5,5,5,1,17,8,2,9,1,1,C03,7,5,1,10,2,11,,8,8,1,1,9,C03,120.616173,24.187227,2
2023,3,10,10,12,臺中市,北屯區,0,3,0,8,1,5,50,3,2,1,5,4,5,7,1,1,1,2,5,2,13,16,3,10,1,1,A02,7,9,1,6,2,5,,16,16,1,10,4,A02,120.698376,24.173236,2
2023,3,10,10,13,臺中市,北屯區,0,1,0,8,1,5,50,4,1,1,5,4,5,7,1,1,10,5,5,2,13,23,3,10,1,1,C03,7,9,1,10,2,11,,23,23,1,21,8,C03,120.676394,24.176982,2
2023,3,10,10,14,臺中市,南屯區,0,1,0,8,1,5,50,3,2,1,5,4,5,7,4,4,10,5,5,2,11,23,2,9,1,1,C03,7,5,1,10,2,11,,23,23,1,5,8,C03,120.644831,24.152403,2
2023,3,10,10,14,臺中市,北屯區,0,0,0,8,,,50,,,,,,,,,,,,,,,16,,,,,B03,,,1,,2,,,16,,1,5,,B03,120.7132,24.1729,3
2023,3,10,10,16,臺中市,東區,0,1,0,8,1,5,50,3,1,1,5,4,5,7,4,4,10,5,5,2,16,6,3,10,1,1,B03,7,5,1,8,2,4,,6,6,1,5,8,B03,120.699561,24.145367,2
2023,3,10,10,17,臺中市,南區,0,1,0,8,1,5,50,14,8,1,5,4,5,7,4,4,5,4,4,2,16,6,3,10,1,1,B03,7,5,1,8,2,8,,6,6,1,22,9,B03,120.650401,24.111268,2
2023,3,10,10,17,臺中市,南屯區,0,0,0,8,1,5,60,14,7,1,5,4,5,7,1,1,1,2,3,2,13,23,,,,,B12,,,1,,1,,,23,,1,5,,B12,120.623159,24.139623,3
2023,3,10,10,18,臺中市,霧峰區,0,1,0,8,1,5,60,3,1,1,5,4,5,7,1,1,10,5,5,2,12,17,3,10,1,1,B12,7,9,1,8,2,2,,17,17,1,9,8,B12,120.695153,24.052124,2
2023,3,10,10,23,臺中市,豐原區,0,1,0,8,1,5,50,14,9,1,5,4,5,7,4,4,1,3,5,2,12,42,3,10,1,1,B03,7,9,1,8,2,2,,42,42,1,19,5,B03,120.729605,24.256019,2
2023,3,10,10,26,臺中市,神岡區,0,1,0,8,1,5,50,4,1,1,5,4,5,7,1,3,5,4,4,2,15,6,3,10,1,4,B03,7,9,1,8,2,5,,6,6,1,22,9,B03,120.699541,24.25103,2
2023,3,10,10,27,臺中市,南屯區,0,1,0,8,1,5,50,4,1,1,5,4,5,7,1,1,10,5,5,2,16,6,3,10,1,1,B01,7,6,1,4,2,6,,6,6,1,10,8,B01,120.640585,24.151225,2
2023,3,10,10,27,臺中市,烏日區,0,0,0,8,1,5,30,4,1,1,5,4,5,7,4,4,10,5,5,1,16,6,3,10,3,4,B12,7,9,1,8,2,5,,6,6,1,21,9,B12,120.634878,24.070716,3
2023,3,10,10,28,臺中市,北區,0,0,0,8,,,50,,,,,,,,,,,,,,,23,,,,,B12,,,1,,1,,,23,,1,5,,B12,120.68726,24.15571,3
2023,3,10,10,32,臺中市,太平區,0,0,0,8,,,30,,,,,,,,,,,,,,,42,,,,,B12,,,1,,2,,,42,,1,9,,B12,120.72861,24.155158,3
2023,3,10,10,36,臺中市,大里區,0,0,0,8,,,60,,,,,,,,,,,,,,,23,,,,,C03,,,1,,2,,,23,,1,12,,C03,120.675346,24.103136,3
2023,3,10,10,37,臺中市,豐原區,0,2,0,8,1,5,50,4,1,1,5,4,5,7,1,1,10,5,5,2,16,6,2,9,1,1,C03,7,5,1,10,2,14,,6,6,1,22,8,C03,120.714102,24.251991,2
2023,3,10,10,39,臺中市,西屯區,0,0,0,8,,,30,,,,,,,,,,,,,,,12,,,,,A11,,,1,,2,,,12,,1,4,,A11,120.646976,24.182878,3
2023,3,10,10,42,臺中市,北屯區,0,0,0,8,,,50,,,,,,,,,,,,,,,26,,,,,C03,,,1,,2,,,26,,1,21,,C03,120.733348,24.170183,3
2023,3,10,10,44,臺中市,神岡區,0,0,0,8,,,50,,,,,,,,,,,,,,,23,,,,,B03,,,1,,1,,,23,,1,22,,B03,120.698548,24.24864,3
2023,3,10,10,46,臺中市,大里區,0,0,0,8,1,5,50,4,1,1,5,4,5,7,4,4,5,5,5,1,15,6,,,,,C03,,,1,,2,,,6,,1,22,,C03,120.675893,24.107876,3
2023,3,10,10,49,臺中市,東區,0,1,0,8,1,5,50,4,1,1,5,4,5,7,1,1,10,5,5,2,16,27,3,10,1,1,B03,7,6,1,8,2,2,,27,27,1,22,8,B03,120.70993,24.14078,2
2023,3,10,10,50,臺中市,沙鹿區,0,0,0,8,,,60,,,,,,,,,,,,,,,23,,,,,B03,,,1,,2,,,23,,1,3,,B03,120.581243,24.206029,3
2023,3,10,10,50,臺中市,豐原區,0,0,0,8,,,30,,,,,,,,,,,,,,,16,,,,,C03,,,1,,2,,,16,,1,22,,C03,120.730315,24.244351,3
2023,3,10,10,53,臺中市,南區,0,0,0,8,,,50,,,,,,,,,,,,,,,23,,,,,B03,,,1,,2,,,23,,1,20,,B03,120.662755,24.125128,3
2023,3,10,10,53,臺中市,南屯區,0,0,0,8,1,5,40,14,16,1,5,4,5,7,4,4,10,5,5,2,12,17,,,,,A12,,,1,,1,,,17,,2,5,,A12,120.623241,24.137107,3
2023,3,10,10,56,臺中市,霧峰區,0,1,0,8,1,5,50,14,9,1,5,4,5,7,4,4,5,2,5,1,13,23,2,9,1,1,C03,7,9,1,8,2,11,,23,23,1,22,9,C03,120.696914,24.069552,2
2023,3,10,10,58,臺中市,東區,0,1,0,8,1,5,50,4,2,1,5,4,5,7,4,4,5,2,5,2,12,26,2,7,1,1,C03,7,9,1,10,2,14,,26,26,1,5,8,C03,120.685007,24.129286,2
2023,3,10,11,3,臺中市,南屯區,0,0,0,8,,,50,,,,,,,,,,,,,,,23,,,,,B03,,,1,,1,,,23,,1,22,,B03,120.624122,24.149244,3
2023,3,10,11,11,臺中市,石岡區,0,0,0,8,,,50,,,,,,,,,,,,,,,6,,,,,C03,,,1,,2,,,6,,1,21,,C03,120.776098,24.27608,3
2023,3,10,11,15,臺中市,后里區,0,1,0,8,1,5,40,3,1,1,5,4,5,7,1,1,10,5,5,2,16,44,3,10,1,1,A02,7,9,1,2,2,5,,44,44,1,10,8,A02,120.711546,24.307082,2
2023,3,10,11,18,臺中市,梧棲區,0,0,0,8,,,50,,,,,,,,,,,,,,,19,,,,,B12,,,1,,2,,,19,,1,3,,B12,120.532852,24.259667,3
2023,3,10,11,19,臺中市,北區,0,0,0,8,,,50,,,,,,,,,,,,,,,19,,,,,B03,,,1,,2,,,19,,1,5,,B03,120.672255,24.1586,3
2023,3,10,11,24,臺中市,潭子區,0,1,0,8,1,5,50,4,1,1,5,4,5,7,1,1,5,4,4,2,17,25,2,9,1,1,C03,7,9,3,18,2,12,,25,25,1,22,8,C03,120.703197,24.207223,2
2023,3,10,11,24,臺中市,西區,0,2,0,8,1,5,50,4,1,1,5,4,5,7,4,4,5,5,5,2,12,6,2,9,3,4,C03,7,5,1,10,2,14,,6,6,1,21,8,C03,120.661675,24.149771,2
2023,3,10,11,25,臺中市,北屯區,0,0,0,8,,,80,,,,,,,,,,,,,,,23,,,,,B03,,,1,,1,,,23,,1,2,,B03,120.720732,24.168675,3