年,月,日,時,分,縣市,區,死,受傷,2-30,天候,光線,道路類別,速限,道路型態,事故位置,路面鋪裝,路面狀態,路面缺陷,障礙物,視距,號誌種類,號誌動作,分向設施,快車道或一般車道間,快慢車道間,路面邊線,事故類型及型態,主要肇因,受傷程度,主要傷處,保護裝備,行動電話,當事者區分,車輛用途,當事者行動狀態,駕駛資格情形,駕駛執照種類,飲酒情形,車輛撞擊部位最初,車輛撞擊部位其他,肇事因素個別,肇事因素主要,肇事逃逸,職業,旅次目的,車種,GPS緯度,GPS經度,事故類別
2023,3,10,16,38,臺中市,潭子區,0,1,0,8,1,5,50,11,8,1,5,4,5,7,4,4,5,4,4,2,17,23,2,7,1,1,B12,7,8,1,8,8,5,,23,23,1,22,8,B12,120.680762,24.207174,2
2023,3,10,16,42,臺中市,西屯區,0,0,0,8,,,50,,,,,,,,,,,,,,,10,,,,,B03,,,1,,2,,,10,,1,22,,B03,120.645548,24.178545,3
2023,3,10,16,45,臺中市,南屯區,0,0,0,8,,,40,,,,,,,,,,,,,,,16,,,,,C02,,,1,,1,,,16,,1,22,,C02,120.627715,24.14499,3
2023,3,10,16,47,臺中市,西屯區,0,0,0,8,,,50,,,,,,,,,,,,,,,16,,,,,C03,,,1,,2,,,16,,1,22,,C03,120.620703,24.183754,3
2023,3,10,16,49,臺中市,西屯區,0,1,0,8,1,5,50,3,1,1,5,4,5,7,4,4,10,5,5,2,16,6,3,10,1,1,B03,7,5,1,8,2,2,6,6,6,1,20,5,B03,120.658226,24.158811,2
2023,3,10,16,50,臺中市,烏日區,0,1,0,8,1,5,30,4,1,1,5,4,5,7,4,4,5,5,5,2,15,6,2,9,1,1,C03,7,9,1,10,2,11,,6,6,1,21,8,C03,120.657883,24.055849,2
2023,3,10,16,54,臺中市,大雅區,0,0,0,8,,,50,,,,,,,,,,,,,,,43,,,,,C03,,,1,,2,,,43,,1,21,,C03,120.629102,24.206783,3
2023,3,10,16,55,臺中市,霧峰區,0,0,0,8,,,40,,,,,,,,,,,,,,,23,,,,,B03,,,1,,2,,,7,23,1,22,,B03,120.66261,24.067388,3
2023,3,10,16,55,臺中市,霧峰區,0,1,0,8,1,5,50,4,1,1,5,4,5,7,1,1,10,5,5,2,13,23,2,9,1,1,C03,7,9,1,10,2,11,,23,23,1,18,2,C03,120.693085,24.058575,2
2023,3,10,16,55,臺中市,龍井區,0,0,0,8,,,50,,,,,,,,,,,,,,,23,,,,,C03,,,5,,2,,,23,,1,22,,C03,120.584546,24.182898,3
2023,3,10,16,55,臺中市,大肚區,0,1,0,8,1,5,50,14,9,1,5,4,5,7,4,4,1,4,5,2,18,23,2,9,1,1,C03,7,9,1,10,11,15,,23,23,1,2,1,C03,120.578134,24.118284,2
2023,3,10,17,0,臺中市,北區,0,0,0,,,,50,,,,,,,,,,,,,,,12,,,,,B03,,,1,,2,,,12,,1,21,,B03,120.690659,24.156491,3
2023,3,10,17,0,臺中市,北屯區,0,0,0,8,,,50,,,,,,,,,,,,,,,7,,,,,B03,,,1,,2,,,7,,1,21,,B03,120.687161,24.200856,3
2023,3,10,17,0,臺中市,龍井區,0,0,0,8,,,50,,,,,,,,,,,,,,,23,,,,,A12,,,1,,2,,,23,,1,10,,A12,120.550138,24.209405,3
2023,3,10,17,0,臺中市,梧棲區,0,0,0,8,,,50,,,,,,,,,,,,,,,23,,,,,B03,,,1,,2,,,23,,1,22,,B03,120.538507,24.248635,4
2023,3,10,17,5,臺中市,梧棲區,0,0,0,8,,,40,,,,,,,,,,,,,,,23,,,,,C03,,,1,,2,,,23,,1,22,,C03,120.524648,24.253346,4
2023,3,10,17,7,臺中市,東勢區,0,0,0,8,,,50,,,,,,,,,,,,,,,19,,,,,B03,,,1,,1,,,19,19,1,21,,B03,120.828839,24.262549,3
2023,3,10,17,9,臺中市,大甲區,0,1,0,8,1,5,50,4,1,1,5,4,5,7,4,4,10,5,5,2,15,23,3,10,1,1,B03,7,10,1,8,2,1,,23,23,1,22,9,B03,120.655348,24.403953,2
2023,3,10,17,9,臺中市,神岡區,0,0,0,8,,,30,,,,,,,,,,,,,,,6,,,,,B03,,,1,,1,,,6,,1,22,,B03,120.690204,24.245391,3
2023,3,10,17,10,臺中市,大里區,0,1,0,8,1,5,50,14,9,1,5,4,5,7,4,4,5,4,5,1,13,23,2,9,1,1,C03,7,9,1,10,2,11,,23,23,1,4,8,C03,120.694891,24.095553,2
2023,3,10,17,12,臺中市,北區,0,0,0,8,,,50,,,,,,,,,,,,,,,23,,,,,B12,,,3,,2,,,23,,1,21,,B12,120.674288,24.169146,3
2023,3,10,17,12,臺中市,北屯區,0,0,0,8,,,50,,,,,,,,,,,,,,,7,,,,,B03,,,1,,1,,,7,,1,21,,B03,120.67267,24.174408,3
2023,3,10,17,12,臺中市,大里區,0,2,0,8,1,5,50,4,2,1,5,4,5,7,4,4,5,5,5,2,16,26,2,6,1,1,F03,7,5,8,20,2,16,,26,26,1,19,7,F03,120.704198,24.106585,2
2023,3,10,17,13,臺中市,太平區,0,2,0,8,1,5,50,14,9,1,5,4,5,7,1,1,5,5,5,1,13,23,2,9,1,1,F03,7,5,8,20,2,15,,42,23,1,22,8,F03,120.725972,24.120876,2
2023,3,10,17,14,臺中市,東勢區,0,0,0,8,,,30,,,,,,,,,,,,,,,19,,,,,B12,,,1,,2,,,19,,1,21,,B12,120.836248,24.233081,3
2023,3,10,17,15,臺中市,神岡區,0,1,0,8,1,5,50,3,1,1,5,4,5,7,1,1,5,5,5,1,13,23,3,10,1,1,B03,7,9,1,8,2,1,,23,23,1,21,8,B03,120.66071,24.254786,2
2023,3,10,17,17,臺中市,太平區,0,2,0,8,1,5,50,4,9,1,5,4,5,7,2,1,5,4,5,2,24,23,2,8,1,1,C03,7,9,1,10,2,14,,23,23,1,22,8,C03,120.71776,24.159779,2
2023,3,10,17,18,臺中市,大里區,0,0,0,8,,,50,,,,,,,,,,,,,,,23,,,,,B03,,,1,,2,,,23,,1,22,,B03,120.700733,24.120121,3
2023,3,10,17,19,臺中市,北屯區,0,2,0,8,1,5,50,4,1,1,5,4,5,7,1,1,10,5,5,2,17,6,2,9,1,1,F03,7,5,8,20,2,16,,6,6,1,21,8,F03,120.68045,24.197755,2
2023,3,10,17,20,臺中市,潭子區,0,1,0,8,1,5,30,14,9,1,5,4,5,7,4,4,10,5,5,1,20,23,2,9,3,4,C03,7,15,1,10,2,11,,23,23,1,22,8,C03,120.716463,24.20572,2
2023,3,10,17,20,臺中市,東區,0,0,0,8,,,50,,,,,,,,,,,,,,,43,,,,,C03,,,1,,1,,,43,,1,22,,C03,120.706299,24.129672,3
2023,3,10,17,20,臺中市,南屯區,0,2,0,8,1,5,50,3,1,1,5,4,5,7,4,4,5,5,4,2,11,6,3,10,3,4,B03,7,5,1,8,2,8,,6,6,1,22,8,B03,120.641502,24.153813,2
2023,3,10,17,20,臺中市,太平區,0,2,0,8,1,5,50,14,9,1,5,4,5,7,4,4,5,5,5,2,17,19,2,9,1,1,C03,7,1,1,10,2,11,,19,19,1,21,8,C03,120.729631,24.150085,2
2023,3,10,17,22,臺中市,清水區,0,0,0,8,1,5,50,4,2,1,5,4,5,7,1,1,1,4,4,2,29,43,3,10,1,1,B03,7,8,1,8,2,5,,43,43,1,22,8,B03,120.572936,24.263322,3
2023,3,10,17,27,臺中市,大肚區,0,1,0,8,1,5,50,4,1,1,5,4,5,7,2,1,10,5,5,2,16,8,2,8,1,1,C03,7,5,1,10,2,11,,8,8,1,21,8,C03,120.54442,24.154267,2
2023,3,10,17,28,臺中市,豐原區,0,2,0,8,1,5,50,4,1,1,5,4,5,7,1,1,1,4,4,1,11,6,2,9,1,1,B03,7,5,1,8,2,5,1,6,6,1,21,1,B03,120.723963,24.271497,2
2023,3,10,17,30,臺中市,西區,0,2,0,8,1,5,50,3,1,1,5,4,4,7,4,4,1,4,4,2,16,42,2,3,1,1,C03,7,9,1,10,2,11,,42,23,1,21,8,C03,120.668077,24.130442,2
2023,3,10,17,30,臺中市,太平區,0,0,0,8,,,50,,,,,,,,,,,,,,,17,,,,,B03,,,1,,1,,,17,,1,22,,B03,120.708391,24.128395,3
2023,3,10,17,33,臺中市,西區,0,1,0,8,3,5,50,4,1,1,5,4,5,7,1,1,10,5,5,2,16,42,3,10,1,1,C03,7,6,1,10,2,13,,42,42,1,21,8,C03,120.661687,24.152547,2
2023,3,10,17,34,臺中市,烏日區,0,1,0,8,2,5,40,10,8,1,5,4,5,7,4,4,1,5,1,1,13,23,2,9,3,4,C03,7,9,1,10,2,11,,23,23,1,21,9,C03,120.651916,24.103531,2
2023,3,10,17,35,臺中市,西屯區,0,0,0,8,,,80,,,,,,,,,,,,,,,23,,,,,B03,,,1,,1,,,23,,1,22,,B03,120.647966,24.195608,3
2023,3,10,17,36,臺中市,西屯區,0,2,0,8,1,5,40,4,1,1,5,4,5,7,2,1,10,5,5,2,16,19,2,9,1,1,C03,7,1,2,18,1,14,,19,19,1,4,8,C03,120.640898,24.167573,2
2023,3,10,17,40,臺中市,豐原區,0,1,0,8,3,5,60,14,9,1,5,4,5,7,4,4,8,3,5,1,17,16,2,9,3,4,C03,7,9,1,10,2,12,,16,16,1,22,5,C03,120.728578,24.257465,2
2023,3,10,17,45,臺中市,北屯區,0,2,0,8,2,5,50,3,1,1,5,4,5,7,4,4,10,5,5,2,16,6,2,9,1,1,C03,7,5,3,18,2,11,,6,6,1,21,8,C03,120.690932,24.181016,2
2023,3,10,17,45,臺中市,豐原區,0,0,0,8,1,5,60,4,2,1,5,4,5,7,2,1,3,3,2,1,13,16,3,10,3,4,B03,7,9,1,8,2,5,,16,16,1,22,9,B03,120.710452,24.237317,3
2023,3,10,17,46,臺中市,北屯區,0,0,0,8,,,50,,,,,,,,,,,,,,,23,,,,,C03,,,1,,2,,,23,,1,21,,C03,120.664689,24.1844,3
2023,3,10,17,47,臺中市,霧峰區,0,1,0,8,2,5,60,14,9,1,5,4,5,7,1,1,1,4,1,1,16,26,3,10,1,1,B03,7,6,6,18,2,2,,26,26,1,22,8,B03,120.664585,24.083385,2
2023,3,10,17,50,臺中市,豐原區,0,0,0,8,1,6,30,13,2,1,5,4,5,7,4,4,10,5,5,2,12,17,3,10,3,4,B03,7,8,1,8,2,2,,17,17,1,19,8,B03,120.730726,24.248172,3
2023,3,10,17,51,臺中市,中區,0,2,0,8,2,5,50,5,1,1,5,4,5,7,1,1,10,5,5,2,16,6,2,9,1,1,C03,7,5,1,10,2,14,,6,6,1,18,8,C03,120.682416,24.145861,2
2023,3,10,17,53,臺中市,龍井區,0,0,0,8,,,30,,,,,,,,,,,,,,,6,,,,,B12,,,1,,2,,,6,,1,22,,B12,120.586374,24.181156,3
2023,3,10,17,55,臺中市,北區,0,1,0,8,1,5,50,4,1,1,5,4,5,7,1,1,2,4,4,2,16,10,3,10,1,1,B03,7,11,1,8,2,2,,10,10,1,21,8,B03,120.68868,24.156759,2
2023,3,10,17,58,臺中市,北屯區,0,0,0,8,,,50,,,,,,,,,,,,,,,23,,,,,B03,,,1,,1,,,23,,1,5,,B03,120.674313,24.175103,3
2023,3,10,17,59,臺中市,西屯區,0,0,0,8,,,50,,,,,,,,,,,,,,,23,,,,,B03,,,1,,1,,,23,,1,22,,B03,120.635536,24.172205,3
2023,3,10,18,5,臺中市,北屯區,0,0,0,8,,,30,,,,,,,,,,,,,,,16,,,,,C03,,,1,,1,,,16,,1,22,,C03,120.674678,24.182108,3
2023,3,10,18,5,臺中市,大里區,0,1,0,8,4,5,40,3,1,1,5,4,5,7,4,4,1,5,4,1,16,6,3,10,1,1,B03,7,6,1,8,2,5,,6,6,1,22,5,B03,120.664815,24.092346,2
2023,3,10,18,5,臺中市,梧棲區,0,0,0,8,,,50,,,,,,,,,,,,,,,40,,,,,B03,,,1,,2,,,40,,1,9,,B03,120.537449,24.24494,3
2023,3,10,18,9,臺中市,北屯區,0,1,0,8,1,5,50,14,9,1,5,4,5,7,4,4,5,5,5,2,13,23,3,10,1,1,B03,7,9,1,8,2,8,,23,23,1,21,8,B03,120.709351,24.177191,2
2023,3,10,18,10,臺中市,西區,0,1,0,8,3,5,30,4,1,1,5,4,5,7,4,4,10,5,5,2,16,6,3,10,1,1,B03,7,6,1,8,2,4,,6,6,1,21,8,B03,120.659367,24.155701,2
2023,3,10,18,15,臺中市,南區,0,0,0,8,,,50,,,,,,,,,,,,,,,16,,,,,C03,,,1,,2,,,16,,1,22,,C03,120.650118,24.120638,3
2023,3,10,18,16,臺中市,南區,0,0,0,8,,,50,,,,,,,,,,,,,,,23,,,,,B03,,,1,8,2,,,23,23,1,5,,B03,120.708876,24.13542,3
2023,3,10,18,17,臺中市,潭子區,0,1,0,8,3,5,50,4,1,1,5,4,5,7,1,1,5,5,5,1,17,23,3,10,1,1,B03,7,9,1,8,2,1,,23,23,1,22,8,B03,120.711182,24.210074,2
2023,3,10,18,20,臺中市,北屯區,0,0,0,8,,,80,,,,,,,,,,,,,,,16,,,,,B12,,,1,,2,,,16,16,1,5,,B12,120.722426,24.189823,3
2023,3,10,18,20,臺中市,烏日區,0,1,0,8,3,5,50,5,1,1,5,4,5,7,1,1,5,4,4,2,16,6,3,10,1,1,B03,7,5,1,8,2,5,,6,6,1,21,8,B03,120.644793,24.092963,2
2023,3,10,18,21,臺中市,北區,0,3,0,8,3,5,50,4,1,1,5,4,5,7,1,1,5,2,5,2,16,8,2,9,1,1,C03,7,5,1,10,2,13,,8,8,1,21,8,C03,120.690635,24.157243,2
2023,3,10,18,22,臺中市,梧棲區,0,2,0,8,1,5,40,14,7,1,5,4,5,7,4,4,1,4,4,2,17,19,2,9,3,4,C03,7,1,1,10,2,14,,19,19,1,22,8,C03,120.54354,24.243456,2
2023,3,10,18,24,臺中市,西屯區,0,0,0,8,,,80,,,,,,,,,,,,,,,16,,,,,B03,,,1,,1,,,16,,1,4,,B03,120.660155,24.200853,3
2023,3,10,18,28,臺中市,太平區,0,1,0,8,3,5,50,4,1,1,5,4,5,7,4,4,10,5,5,2,16,23,3,10,1,1,B03,7,5,1,8,2,8,,23,23,1,22,8,B03,120.709415,24.160185,2
2023,3,10,18,30,臺中市,西區,0,1,0,8,3,5,50,14,9,1,5,4,5,7,4,4,5,4,5,2,18,42,2,9,1,1,C03,7,9,1,10,2,12,,42,42,1,21,8,C03,120.673057,24.136391,2
2023,3,10,18,30,臺中市,北區,0,0,0,8,,,50,,,,,,,,,,,,,,,6,,,,,C03,,,1,,2,,,6,,1,22,,C03,120.673655,24.158459,3
2023,3,10,18,30,臺中市,東區,0,0,0,8,3,5,50,14,9,1,5,4,5,7,4,4,9,5,5,2,14,12,3,10,1,1,B12,7,14,1,8,2,8,,44,12,1,21,8,B12,120.70823,24.142279,3
2023,3,10,18,30,臺中市,東區,0,1,0,8,3,5,40,14,8,1,5,4,5,7,4,4,5,5,5,2,9,23,2,9,1,1,F03,7,9,8,20,3,16,,23,23,1,22,8,F03,120.688201,24.126657,2
2023,3,10,18,32,臺中市,東勢區,0,0,0,8,,,50,,,,,,,,,,,,,,,66,,,,,,,,,,,,,66,,1,,,,120.796102,24.308352,3
2023,3,10,18,33,臺中市,東區,0,1,0,8,3,5,50,14,8,1,5,4,5,7,4,4,1,4,4,2,14,12,3,10,1,1,B03,7,2,1,8,2,8,,12,12,1,22,8,B03,120.696273,24.139439,2
2023,3,10,18,37,臺中市,南區,0,0,0,8,,,50,,,,,,,,,,,,,,,23,,,,,B03,,,1,8,2,,,23,23,1,5,,B03,120.66879,24.12894,3
2023,3,10,18,38,臺中市,北屯區,0,0,0,8,,,50,,,,,,,,,,,,,,,17,,,,,B03,,,1,,1,,,17,,1,22,,B03,120.701646,24.181978,3
2023,3,10,18,38,臺中市,東勢區,0,0,0,8,,,50,,,,,,,,,,,,,,,1,,,,,B03,,,1,,2,,,1,,1,21,,B03,120.861564,24.163376,3
2023,3,10,18,42,臺中市,西屯區,0,0,0,8,3,5,50,7,7,1,5,4,5,7,4,4,1,4,5,2,13,23,3,10,1,1,B03,7,9,1,8,1,1,,23,16,1,3,8,B03,120.655279,24.199522,3
2023,3,10,18,42,臺中市,大里區,0,0,0,8,,,50,,,,,,,,,,,,,,,23,,,,,B03,,,1,,2,,,23,,1,22,,B03,120.7013,24.123861,3
2023,3,10,18,48,臺中市,南屯區,0,0,0,8,,,50,,,,,,,,,,,,,,,23,,,,,B03,,,1,,1,,,23,,1,22,,B03,120.64027,24.143123,3
2023,3,10,18,50,臺中市,東區,0,0,0,8,3,8,80,10,9,1,5,4,5,7,4,4,2,4,5,2,29,67,3,10,1,1,B03,7,9,1,8,2,1,,44,67,1,21,8,B03,120.711932,24.144311,3
2023,3,10,18,50,臺中市,龍井區,0,0,0,8,,,30,,,,,,,,,,,,,,,5,,,,,A31,,,1,,2,,,5,,1,12,,A31,120.519584,24.212257,3
2023,3,10,18,55,臺中市,北屯區,0,0,0,8,,,50,,,,,,,,,,,,,,,23,,,,,B03,,,1,,1,,,23,,1,21,,B03,120.690315,24.180378,3
2023,3,10,18,55,臺中市,太平區,0,1,0,8,3,5,30,4,1,1,5,4,5,7,4,4,10,5,5,2,15,6,3,10,1,1,B03,7,9,1,8,2,8,,23,6,1,22,8,B03,120.716569,24.132396,2
2023,3,10,18,57,臺中市,南屯區,0,1,0,8,3,5,50,4,1,1,5,4,5,7,1,1,4,3,5,2,16,6,3,10,1,1,B03,7,5,1,8,2,1,,6,6,1,22,8,B03,120.64894,24.150323,2
2023,3,10,18,59,臺中市,后里區,0,1,0,8,3,5,50,4,1,1,5,4,5,7,1,1,10,5,5,1,11,8,3,10,1,1,B02,7,5,1,8,2,8,,8,8,1,22,8,B02,120.7057,24.295576,2
2023,3,10,19,0,臺中市,北區,0,3,0,8,3,5,30,3,1,1,5,4,3,7,4,4,5,5,5,2,16,23,2,9,1,1,C03,7,6,4,8,2,14,,44,23,1,21,8,C03,120.681881,24.165966,2
2023,3,10,19,0,臺中市,北屯區,0,0,0,8,,,50,,,,,,,,,,,,,,,43,,,,,,,,,,,,,43,43,1,,,,120.728565,24.171472,3
2023,3,10,19,2,臺中市,東勢區,0,2,0,8,1,5,50,4,1,1,5,4,5,7,1,1,10,5,5,2,17,6,2,9,1,1,C03,7,5,1,10,2,11,,6,6,1,21,8,C03,120.831445,24.256248,2
2023,3,10,19,4,臺中市,大里區,0,1,0,8,3,5,50,4,1,1,5,4,5,7,1,1,10,5,5,2,16,6,3,10,1,1,B03,7,5,1,7,2,5,,6,6,1,22,5,B03,120.690025,24.110086,2
2023,3,10,19,6,臺中市,龍井區,0,2,0,8,3,5,50,4,1,1,5,4,5,7,1,1,9,5,5,2,16,42,2,9,1,1,C03,7,5,1,10,2,12,,42,42,1,21,1,C03,120.59317,24.183561,2
2023,3,10,19,7,臺中市,北屯區,0,1,0,8,3,5,50,3,1,1,5,4,5,7,4,4,10,5,5,2,16,6,2,9,1,1,C03,7,5,3,18,2,12,14,6,6,1,5,8,C03,120.669505,24.17612,2
2023,3,10,19,10,臺中市,西屯區,0,0,0,8,,,50,,,,,,,,,,,,,,,23,,,,,C03,,,1,,1,,,23,,1,22,,C03,120.659246,24.20057,3
2023,3,10,19,10,臺中市,西屯區,0,0,0,8,,,50,,,,,,,,,,,,,,,23,,,,,B03,,,1,,1,,,23,23,1,4,,B03,120.655151,24.200457,3
2023,3,10,19,13,臺中市,清水區,0,0,0,8,,,50,,,,,,,,,,,,,,,42,,,,,C03,,,3,,1,,,42,,1,5,,C03,120.578075,24.27031,3
2023,3,10,19,14,臺中市,北區,0,2,0,8,3,5,50,4,2,1,5,4,5,7,1,1,1,3,4,2,13,23,2,8,1,1,C03,7,9,1,10,2,11,,23,23,1,21,8,C03,120.676852,24.155758,2
2023,3,10,19,20,臺中市,大雅區,0,0,0,8,,,30,,,,,,,,,,,,,,,6,,,,,B12,,,1,,2,,,6,,1,22,,B12,120.650736,24.209452,3
2023,3,10,19,28,臺中市,西屯區,0,1,0,8,1,5,50,4,1,5,5,4,5,7,2,1,10,5,5,2,16,6,3,10,3,4,B03,7,5,1,8,2,1,,6,6,1,22,8,B03,120.648281,24.168058,2
2023,3,10,19,28,臺中市,外埔區,0,0,0,8,,,50,,,,,,,,,,,,,,,16,,,,,B03,,,1,,2,,,16,,1,21,,B03,120.647263,24.327546,3
2023,3,10,19,36,臺中市,西屯區,0,0,0,8,,,50,,,,,,,,,,,,,,,26,,,,,C03,,,1,,1,,,26,,1,22,,C03,120.664097,24.167949,3
2023,3,10,19,36,臺中市,西屯區,0,0,0,8,3,5,60,3,1,1,5,4,5,7,2,1,1,5,1,2,12,7,3,10,1,1,B03,7,8,1,8,1,5,,7,7,1,18,5,B03,120.638905,24.158797,3
2023,3,10,19,38,臺中市,北區,0,2,0,8,3,5,50,14,9,1,5,4,5,7,4,4,2,4,5,2,13,23,2,9,3,4,C03,7,9,1,10,2,11,,23,23,1,5,8,C03,120.684377,24.15064,2
2023,3,10,19,38,臺中市,西屯區,0,1,0,8,3,5,50,14,9,1,5,4,5,7,4,4,5,4,5,2,16,7,3,10,1,1,B01,7,7,1,8,1,5,,44,7,1,4,8,B01,120.622181,24.174113,2
2023,3,10,19,39,臺中市,北屯區,0,0,0,8,,,50,,,,,,,,,,,,,,,23,,,,,B03,,,1,,2,,,23,,1,21,,B03,120.704656,24.17032,3
2023,3,10,19,40,臺中市,大雅區,0,0,0,8,,,30,,,,,,,,,,,,,,,12,,,,,B03,,,1,,2,,,12,,1,21,,B03,120.651471,24.22539,3
2023,3,10,19,40,臺中市,北區,0,0,0,8,,,50,,,,,,,,,,,,,,,16,,,,,B01,,,1,,2,,,16,,1,22,,B01,120.668167,24.173221,3
2023,3,10,19,42,臺中市,西屯區,0,0,0,8,,,50,,,,,,,,,,,,,,,23,,,,,B03,,,1,,2,,,23,,1,22,,B03,120.660415,24.171255,3
2023,3,10,19,44,臺中市,北屯區,0,0,0,8,,,40,,,,,,,,,,,,,,,19,,,,,B03,,,1,,1,,,19,,1,21,,B03,120.690565,24.178103,3
2023,3,10,19,50,臺中市,龍井區,0,0,0,8,,,60,,,,,,,,,,,,,,,25,,,,,B03,,,1,,2,,,25,,1,9,,B03,120.52,24.21,3
2023,3,10,19,57,臺中市,西屯區,0,1,0,8,1,5,50,3,2,1,5,4,5,7,4,4,5,4,5,2,13,23,2,7,3,4,C03,7,9,1,10,2,14,,23,23,1,22,8,C03,120.620489,24.187015,2
2023,3,10,20,0,臺中市,沙鹿區,0,1,0,7,3,5,50,4,2,1,5,4,5,7,1,1,3,3,3,1,17,6,3,10,3,4,B03,7,6,1,8,2,2,,6,6,1,22,8,B03,120.56285,24.233591,2
2023,3,10,20,0,臺中市,清水區,0,0,0,,,,50,,,,,,,,,,,,,,,12,,,,,B03,,,1,,1,,,12,,1,5,,B03,120.570855,24.262885,3
2023,3,10,20,2,臺中市,龍井區,0,1,0,8,3,5,50,3,9,1,5,4,3,5,4,4,5,5,5,1,17,23,2,9,1,1,C03,7,9,2,18,2,11,,23,23,1,16,8,C03,120.525786,24.213985,2
2023,3,10,20,6,臺中市,南屯區,0,0,0,,,,50,,,,,,,,,,,,,,,12,,,,,C03,,,1,10,9,,,44,12,1,12,,C03,120.644651,24.139381,3
2023,3,10,20,10,臺中市,西屯區,0,2,0,8,3,5,50,4,1,1,5,4,5,7,1,1,10,5,5,2,17,42,2,9,3,4,C03,7,9,1,10,2,12,,42,42,1,22,8,C03,120.646593,24.155843,2
2023,3,10,20,12,臺中市,南屯區,0,0,0,8,,,50,,,,,,,,,,,,,,,12,,,,,B03,,,1,,1,,,12,,1,22,,B03,120.647811,24.155727,3
2023,3,10,20,12,臺中市,北屯區,0,2,0,8,3,5,50,4,1,1,5,4,5,7,1,1,10,5,5,2,10,25,2,9,2,1,F01,7,9,8,20,2,16,,25,25,1,16,8,F01,120.699251,24.182733,2
2023,3,10,20,12,臺中市,西屯區,0,0,0,8,,,50,,,,,,,,,,,,,,,16,,,,,C03,,,1,,1,,,16,,1,4,,C03,120.66399,24.172575,3
2023,3,10,20,13,臺中市,東區,0,0,0,8,1,5,50,3,7,1,5,4,5,7,4,4,5,5,4,2,13,23,3,10,1,2,C03,7,9,2,18,2,11,,23,23,1,21,8,C03,120.698381,24.12713,3
2023,3,10,20,16,臺中市,新社區,0,0,0,8,,,30,,,,,,,,,,,,,,,23,,,,,B03,,,,,2,,,23,,1,22,,B03,120.786143,24.235795,3
2023,3,10,20,17,臺中市,神岡區,0,0,0,8,,,50,,,,,,,,,,,,,,,18,,,,,B03,,,1,,2,,,18,,1,21,,B03,120.70085,24.251368,3
2023,3,10,20,21,臺中市,烏日區,0,1,0,8,3,5,50,3,1,1,5,4,5,7,4,4,5,5,5,2,13,16,2,8,1,1,C03,7,9,1,10,2,11,,16,16,1,5,8,C03,120.607253,24.110203,2
2023,3,10,20,22,臺中市,中區,0,1,0,8,3,5,50,3,1,1,5,4,5,7,4,4,10,5,5,2,15,6,3,10,1,1,C03,7,9,1,10,2,14,,6,6,1,21,8,C03,120.679188,24.147529,2
2023,3,10,20,24,臺中市,龍井區,0,2,0,8,3,5,40,3,1,1,5,4,5,7,3,1,9,5,5,2,16,23,2,7,1,1,C03,7,9,1,10,2,12,,23,23,1,21,1,C03,120.57432,24.195878,2
2023,3,10,20,29,臺中市,豐原區,0,1,0,8,3,5,50,3,1,1,5,4,5,7,4,4,5,5,5,2,16,6,2,9,1,1,C03,7,5,1,10,2,12,,6,6,1,20,8,C03,120.715451,24.251868,2
2023,3,10,20,35,臺中市,東區,0,1,0,8,3,5,50,4,1,1,5,4,5,7,1,1,10,5,5,2,13,23,2,8,1,1,C03,7,9,1,10,2,14,,23,23,1,22,8,C03,120.697838,24.147932,2
2023,3,10,20,35,臺中市,龍井區,0,1,0,8,3,5,30,3,1,1,5,4,5,7,4,4,10,5,5,1,17,6,3,10,1,1,C03,7,5,1,10,2,15,,6,6,1,21,1,C03,120.526278,24.208626,2
2023,3,10,20,46,臺中市,大甲區,0,0,0,,,,40,,,,,,,,,,,,,,,12,,,,,B03,,,1,,2,,,12,12,1,2,,B03,120.627122,24.347363,3
2023,3,10,20,55,臺中市,東區,0,0,0,8,,,50,,,,,,,,,,,,,,,23,,,,,B03,,,1,8,2,,,23,23,1,5,,B03,120.669038,24.128326,3
2023,3,10,20,55,臺中市,大肚區,0,0,0,,,,50,,,,,,,,,,,,,,,12,,,,,B03,,,1,,2,,,12,12,1,22,,B03,120.531429,24.154297,3
2023,3,10,21,3,臺中市,梧棲區,0,0,0,,,,50,,,,,,,,,,,,,,,23,,,,,C03,,,1,,2,,,23,,1,4,,C03,120.532592,24.259514,3
2023,3,10,21,8,臺中市,烏日區,0,0,0,8,,,50,,,,,,,,,,,,,,,17,,,,,B01,,,1,,2,,,17,,1,21,,B01,120.615814,24.11615,3
2023,3,10,21,10,臺中市,西區,0,0,0,8,,,60,,,,,,,,,,,,,,,7,,,,,B02,,,1,,1,,,7,,1,10,,B02,120.662609,24.155678,3
2023,3,10,21,10,臺中市,東區,0,3,0,8,3,5,50,4,1,1,5,4,5,7,1,1,10,5,5,2,17,42,3,10,1,1,C03,7,5,1,10,2,14,,42,42,1,22,8,C03,120.705071,24.136267,2
2023,3,10,21,17,臺中市,西區,0,0,0,8,,,50,,,,,,,,,,,,,,,12,,,,,B03,,,1,,1,,,12,,1,22,,B03,120.657276,24.140615,3