年,月,日,時,分,縣市,區,死,受傷,2-30,天候,光線,道路類別,速限,道路型態,事故位置,路面鋪裝,路面狀態,路面缺陷,障礙物,視距,號誌種類,號誌動作,分向設施,快車道或一般車道間,快慢車道間,路面邊線,事故類型及型態,主要肇因,受傷程度,主要傷處,保護裝備,行動電話,當事者區分,車輛用途,當事者行動狀態,駕駛資格情形,駕駛執照種類,飲酒情形,車輛撞擊部位最初,車輛撞擊部位其他,肇事因素個別,肇事因素主要,肇事逃逸,職業,旅次目的,車種,GPS緯度,GPS經度,事故類別
2023,3,10,21,20,臺中市,霧峰區,0,1,0,8,3,5,50,4,1,1,5,4,5,7,4,4,9,5,5,2,16,6,2,9,1,1,C03,7,9,1,10,2,11,,6,6,1,22,8,C03,120.698118,24.071595,2
2023,3,10,21,23,臺中市,南區,0,0,0,8,,,50,,,,,,,,,,,,,,,23,,,,,B03,,,1,8,2,,,23,23,1,5,,B03,120.68617,24.135941,3
2023,3,10,21,26,臺中市,西區,0,0,0,8,,,50,,,,,,,,,,,,,,,26,,,,,B03,,,1,,1,,,26,,1,21,,B03,120.668285,24.142527,3
2023,3,10,21,28,臺中市,西屯區,0,1,0,8,1,5,50,4,1,1,5,4,5,7,4,4,10,5,5,2,16,9,3,10,1,1,C03,7,6,1,10,2,12,,9,9,1,4,8,C03,120.604885,24.193358,2
2023,3,10,21,33,臺中市,中區,0,0,0,8,,,50,,,,,,,,,,,,,,,19,,,,,A04,,,1,,11,,,19,19,1,10,,A04,120.685512,24.140927,3
2023,3,10,21,37,臺中市,大甲區,0,1,0,8,3,5,40,14,7,1,5,4,5,7,4,4,1,4,4,1,16,10,2,8,1,1,C03,7,11,1,10,2,11,,10,10,1,21,8,C03,120.618363,24.353358,2
2023,3,10,21,40,臺中市,東區,0,0,0,8,,,50,,,,,,,,,,,,,,,17,,,,,B03,,,1,,2,,,17,,1,22,,B03,120.68787,24.136535,3
2023,3,10,21,46,臺中市,潭子區,0,1,0,8,1,5,60,3,1,1,5,4,5,7,4,4,3,4,4,1,16,6,3,10,1,1,B12,7,6,1,8,2,6,,6,6,1,22,8,B12,120.70579,24.21894,2
2023,3,10,22,2,臺中市,北區,0,2,0,8,1,5,30,14,9,4,5,4,5,7,4,4,1,4,5,1,13,16,2,9,1,1,C03,7,9,1,10,2,11,,16,16,1,21,8,C03,120.668708,24.155886,2
2023,3,10,22,3,臺中市,北區,0,0,0,8,,,50,,,,,,,,,,,,,,,23,,,,,B03,,,1,,1,,,23,,1,22,,B03,120.686636,24.146226,3
2023,3,10,22,7,臺中市,中區,0,0,0,8,,,50,,,,,,,,,,,,,,,23,,,,,C03,,,1,,1,,,23,,1,22,,C03,120.684056,24.14187,3
2023,3,10,22,7,臺中市,烏日區,0,0,0,8,,,50,,,,,,,,,,,,,,,17,,,,,B03,,,1,,2,,,17,,1,21,,B03,120.64871,24.093463,3
2023,3,10,22,14,臺中市,西屯區,0,0,0,8,1,5,40,3,1,1,5,4,5,7,4,4,1,5,5,2,16,26,3,10,1,1,C03,7,9,1,9,2,14,,26,26,1,2,1,C03,120.612853,24.183943,3
2023,3,10,22,17,臺中市,北屯區,0,1,0,8,1,5,50,4,1,1,5,4,5,7,2,1,10,5,5,2,17,25,2,9,1,1,C03,7,9,1,10,2,14,,25,25,1,5,8,C03,120.700546,24.178479,2
2023,3,10,22,17,臺中市,太平區,0,0,0,8,,,50,,,,,,,,,,,,,,,42,,,,,C03,,,1,10,1,13,,42,42,1,21,,C03,120.716694,24.116085,3
2023,3,10,22,36,臺中市,北區,0,2,0,8,3,5,50,4,1,1,5,4,5,7,1,1,5,4,5,2,17,25,2,9,1,1,C03,7,9,1,10,2,11,,25,25,1,22,8,C03,120.666061,24.166947,2
2023,3,10,22,45,臺中市,南區,0,0,0,8,,,40,,,,,,,,,,,,,,,23,,,,,C03,,,1,,2,,,23,,1,22,,C03,120.654911,24.122094,3
2023,3,10,22,47,臺中市,南區,0,1,0,8,3,5,50,4,7,1,5,4,5,7,2,1,1,2,4,2,18,42,2,9,1,1,C03,7,9,1,10,2,12,,42,42,1,21,8,C03,120.681121,24.127813,2
2023,3,10,22,47,臺中市,霧峰區,0,1,0,8,3,5,80,10,7,1,5,4,5,7,4,4,1,3,5,1,20,13,2,9,1,2,B03,7,8,1,8,2,1,,13,13,1,9,5,B03,120.690301,24.069003,2
2023,3,10,22,50,臺中市,潭子區,0,1,0,8,3,5,60,14,8,1,5,4,5,7,1,1,1,4,4,2,13,23,2,9,1,1,C03,7,9,1,10,2,11,,23,23,1,22,8,C03,120.705385,24.209873,2
2023,3,10,22,58,臺中市,西屯區,0,0,0,8,,,40,,,,,,,,,,,,,,,12,,,,,B03,,,1,,1,,,12,,1,22,,B03,120.620641,24.17199,3
2023,3,10,23,13,臺中市,西屯區,0,1,0,8,3,5,30,14,9,1,5,4,5,7,4,4,10,5,5,2,3,23,3,10,1,1,C03,7,9,1,10,11,14,,23,23,1,21,8,C03,120.645592,24.179566,2
2023,3,10,23,26,臺中市,西屯區,0,1,0,8,3,5,40,3,1,1,5,4,5,7,4,4,10,5,5,2,16,6,3,10,3,4,B01,7,6,1,4,2,2,,6,6,1,22,8,B01,120.608049,24.184212,2
2023,3,10,23,35,臺中市,西屯區,0,0,0,8,,,40,,,,,,,,,,,,,,,16,,,,,C03,,,1,,1,,,16,,1,18,,C03,120.612474,24.18467,3
2023,3,10,23,55,臺中市,潭子區,0,0,0,8,,,50,,,,,,,,,,,,,,,23,,,,,B03,,,1,,2,,,23,,1,21,,B03,120.722415,24.203488,3
2023,3,10,23,56,臺中市,豐原區,0,0,0,8,,,50,,,,,,,,,,,,,,,23,,,,,B03,,,1,,2,,,23,,1,22,,B03,120.743958,24.264288,3
2023,3,11,0,0,臺中市,北屯區,0,0,0,8,,,30,,,,,,,,,,,,,,,12,,,,,B03,,,1,,1,,,12,,1,21,,B03,120.694487,24.188781,3
2023,3,11,0,6,臺中市,大里區,0,1,0,8,3,5,50,14,9,1,5,4,5,7,3,1,5,4,4,1,17,23,2,9,1,1,C03,7,9,3,18,2,14,,23,23,1,5,8,C03,120.700156,24.10422,2
2023,3,11,0,10,臺中市,霧峰區,0,1,0,8,3,5,30,3,1,1,2,4,5,7,4,4,10,5,5,2,18,42,2,9,3,4,C03,7,5,1,10,2,14,,42,42,1,21,5,C03,120.670976,24.079359,2
2023,3,11,0,18,臺中市,大肚區,0,0,0,8,,,60,,,,,,,,,,,,,,,7,,,,,B03,,,1,,2,,,7,,1,22,,B03,120.582541,24.171502,3
2023,3,11,0,40,臺中市,豐原區,0,0,0,8,,,50,,,,,,,,,,,,,,,23,,,,,B03,,,1,,2,,,23,,1,21,,B03,120.720211,24.263871,3
2023,3,11,1,5,臺中市,北區,0,1,0,8,3,5,50,4,1,1,5,4,5,7,1,1,10,5,5,2,3,15,3,10,1,1,B03,7,5,1,8,2,8,,15,15,1,22,8,B03,120.674905,24.161646,2
2023,3,11,1,10,臺中市,太平區,0,0,0,8,,,30,,,,,,,,,,,,,,,12,,,,,B02,,,1,,1,,,12,,1,22,,B02,120.818344,24.085874,3
2023,3,11,1,15,臺中市,北屯區,0,0,0,8,,,50,,,,,,,,,,,,,,,23,,,,,B03,,,1,,2,,,23,,1,22,,B03,120.689667,24.188241,3
2023,3,11,1,16,臺中市,沙鹿區,0,0,0,6,,,60,,,,,,,,,,,,,,,23,,,,,B03,,,1,,1,,,23,,1,22,,B03,120.576758,24.251017,4
2023,3,11,1,29,臺中市,烏日區,0,0,0,8,,,50,,,,,,,,,,,,,,,23,,,,,B03,,,1,,2,,,23,,1,21,,B03,120.612634,24.102857,3
2023,3,11,1,30,臺中市,大雅區,0,0,0,8,,,30,,,,,,,,,,,,,,,6,,,,,A11,,,1,,2,,,6,,1,22,,A11,120.643237,24.21018,3
2023,3,11,2,35,臺中市,北屯區,0,0,0,8,,,50,,,,,,,,,,,,,,,23,,,,,B03,,,1,,11,,,23,,2,21,,B03,120.683793,24.176358,3
2023,3,11,2,45,臺中市,西屯區,0,0,0,8,,,50,,,,,,,,,,,,,,,26,,,,,B03,,,1,,2,,,26,,1,22,,B03,120.637671,24.167086,3
2023,3,11,3,58,臺中市,東區,0,2,0,8,3,5,50,14,9,1,5,4,5,7,4,4,5,4,5,2,12,7,3,10,1,1,B03,7,8,1,8,2,2,,7,7,1,5,8,B03,120.686755,24.142934,2
2023,3,11,4,11,臺中市,大里區,0,0,0,8,,,40,,,,,,,,,,,,,,,23,,,,,B03,,,1,,2,,,23,,1,22,,B03,120.69557,24.096623,3
2023,3,11,4,43,臺中市,北屯區,0,0,0,8,,,50,,,,,,,,,,,,,,,23,,,,,B01,,,1,,2,,,23,,1,22,,B01,120.685456,24.169187,3
2023,3,11,5,47,臺中市,北區,0,0,0,8,,,40,,,,,,,,,,,,,,,42,,,,,B03,,,1,,2,,,42,,1,22,,B03,120.677774,24.149561,3
2023,3,11,5,49,臺中市,東區,0,1,0,8,2,5,50,4,1,1,5,4,5,7,3,1,10,5,5,2,15,6,3,10,1,1,B12,7,9,1,8,2,1,,6,6,1,6,8,B12,120.689675,24.145613,2
2023,3,11,5,57,臺中市,豐原區,0,1,0,8,2,5,50,4,1,1,5,4,5,7,3,1,5,4,5,1,18,14,2,9,1,1,C02,7,9,1,9,2,15,,14,14,1,22,8,C02,120.72026,24.264693,2
2023,3,11,6,3,臺中市,霧峰區,0,1,0,8,1,5,30,4,1,1,5,4,5,7,1,1,10,5,5,2,3,52,2,9,4,1,H01,8,16,8,20,10,16,,52,52,1,22,8,H01,120.66304,24.07249,2
2023,3,11,6,38,臺中市,沙鹿區,0,0,0,8,,,60,,,,,,,,,,,,,,,42,,,,,B03,,,1,,2,,,42,,1,9,,B03,120.581433,24.209532,3
2023,3,11,6,38,臺中市,大甲區,0,1,0,8,1,5,50,14,8,1,5,4,5,7,4,4,9,5,4,1,17,19,3,10,1,1,B03,7,1,1,8,2,7,,19,19,1,21,8,B03,120.623241,24.341031,2
2023,3,11,6,40,臺中市,南屯區,0,1,0,8,1,5,50,4,2,1,5,4,5,7,1,1,10,5,5,2,17,19,3,10,1,1,B03,7,1,1,8,2,8,,19,19,1,22,8,B03,120.644257,24.139413,2
2023,3,11,6,40,臺中市,北屯區,0,1,0,8,1,5,50,4,1,1,5,4,5,7,2,1,10,5,5,2,16,26,3,10,1,1,B01,7,6,1,4,2,2,,26,26,1,21,8,B01,120.686583,24.200825,2
2023,3,11,6,46,臺中市,潭子區,0,3,0,8,1,5,50,3,8,1,5,4,5,7,4,4,9,4,4,2,16,43,2,9,1,1,C03,7,6,1,10,2,15,,43,43,1,22,8,C03,120.707532,24.199439,2
2023,3,11,6,54,臺中市,西屯區,0,1,0,8,2,5,30,3,1,1,5,4,5,7,4,4,10,5,5,2,16,8,2,8,1,1,C03,7,5,1,10,2,11,,8,8,1,21,1,C03,120.649928,24.18284,2
2023,3,11,7,11,臺中市,龍井區,0,0,0,8,,,30,,,,,,,,,,,,,,,12,,,,,B03,,,1,,11,,,44,12,1,22,,B03,120.590593,24.180119,3
2023,3,11,7,20,臺中市,大里區,0,2,0,8,1,5,60,4,1,1,5,4,5,7,1,1,1,2,5,2,13,16,2,9,1,1,C03,7,9,3,18,2,11,,16,16,1,22,9,C03,120.674538,24.102806,2
2023,3,11,7,23,臺中市,龍井區,0,1,0,8,1,5,50,11,9,1,5,4,5,7,4,4,5,5,5,2,11,26,2,8,1,1,C03,7,6,1,10,2,11,,44,26,1,4,9,C03,120.597393,24.188469,2
2023,3,11,7,40,臺中市,后里區,0,0,0,,,,50,,,,,,,,,,,,,,,44,,,,,B03,,,1,,1,,,44,,1,21,,B03,120.71731,24.304589,3
2023,3,11,7,43,臺中市,大雅區,0,0,0,8,,,50,,,,,,,,,,,,,,,23,,,,,C03,,,1,,2,,,23,23,1,22,,C03,120.672835,24.215789,3
2023,3,11,7,45,臺中市,西屯區,0,1,0,8,1,5,40,4,1,1,5,4,5,7,2,1,10,5,5,2,13,16,2,9,1,1,C03,7,9,1,10,2,11,,16,16,1,22,8,C03,120.662572,24.163561,2
2023,3,11,7,57,臺中市,烏日區,0,1,0,8,1,5,50,14,7,1,5,4,5,7,4,4,5,4,4,1,12,17,2,9,3,4,C03,7,15,1,10,2,15,,17,17,1,21,9,C03,120.623608,24.102819,2
2023,3,11,7,59,臺中市,南屯區,0,2,0,8,1,5,50,4,1,1,5,4,5,7,2,1,1,4,5,2,16,25,3,10,3,4,B12,7,5,1,6,2,2,,25,25,1,22,9,B12,120.646456,24.12953,2
2023,3,11,8,0,臺中市,南屯區,0,1,0,8,1,5,50,3,1,1,5,4,5,7,4,4,10,5,5,2,16,4,2,8,1,1,C03,7,9,1,10,2,11,,4,4,1,20,8,C03,120.615451,24.14912,2
2023,3,11,8,4,臺中市,北區,0,1,0,8,1,5,50,4,1,1,5,4,5,7,1,1,10,5,5,2,15,25,2,9,1,1,C03,7,9,4,11,2,12,,25,25,1,5,8,C03,120.685169,24.166985,2
2023,3,11,8,10,臺中市,大里區,0,0,0,8,,,40,,,,,,,,,,,,,,,16,,,,,C03,,,1,,2,,,16,,1,10,,C03,120.692087,24.101766,3
2023,3,11,8,10,臺中市,沙鹿區,0,3,0,8,1,5,40,14,7,1,5,4,5,7,4,4,1,4,4,2,3,53,2,7,4,1,H03,8,20,8,20,10,16,,53,53,1,20,8,H03,120.568488,24.223802,2
2023,3,11,8,12,臺中市,清水區,0,0,0,8,,,70,,,,,,,,,,,,,,,23,,,,,B03,,,1,,2,,,23,,1,21,,B03,120.581002,24.301469,3
2023,3,11,8,13,臺中市,北區,0,1,0,8,1,5,50,4,8,1,5,4,5,7,1,1,5,5,4,2,17,26,3,10,1,1,B03,7,11,1,8,2,8,,26,26,1,22,9,B03,120.692183,24.151931,2
2023,3,11,8,14,臺中市,沙鹿區,0,3,0,8,1,5,50,3,2,1,5,4,5,7,1,1,1,4,5,2,13,23,2,8,1,1,C03,7,9,1,10,2,11,,23,23,1,20,8,C03,120.565887,24.232532,2
2023,3,11,8,19,臺中市,北屯區,0,1,0,8,1,5,30,14,9,1,5,4,5,7,4,4,10,5,5,2,11,5,3,10,1,1,B03,7,9,1,8,2,7,,5,5,1,21,8,B03,120.733469,24.179648,2
2023,3,11,8,24,臺中市,梧棲區,0,1,0,8,1,5,30,4,1,1,5,4,5,7,4,4,10,5,5,2,15,6,2,8,1,1,C03,7,9,1,10,2,12,,6,6,1,3,1,C03,120.549583,24.255273,2
2023,3,11,8,27,臺中市,西區,0,0,0,,,,50,,,,,,,,,,,,,,,42,,,,,B01,,,1,,2,,,44,20,1,5,,B01,120.656611,24.150747,3
2023,3,11,8,30,臺中市,烏日區,0,1,0,8,1,5,30,14,9,1,5,4,5,7,4,4,5,5,5,2,18,42,2,9,1,1,C03,7,9,2,18,2,14,,42,42,1,21,8,C03,120.625967,24.081286,2
2023,3,11,8,34,臺中市,大雅區,0,1,0,8,1,5,50,14,9,1,5,4,5,7,4,4,5,5,5,1,27,23,2,9,1,1,C03,7,9,1,10,2,15,,23,23,1,22,9,C03,120.6536,24.223289,2
2023,3,11,8,35,臺中市,北區,0,1,0,8,1,5,50,4,1,1,5,4,5,7,1,1,5,5,4,2,16,6,3,10,1,1,C03,7,5,1,10,2,13,,6,6,1,5,8,C03,120.67051,24.155741,2
2023,3,11,8,41,臺中市,北區,0,1,0,8,1,5,40,14,8,1,5,4,5,7,4,4,1,4,4,2,17,19,3,10,1,1,B03,7,1,1,8,2,4,,19,19,1,5,8,B03,120.684873,24.161246,2
2023,3,11,8,41,臺中市,北屯區,0,0,0,8,,,50,,,,,,,,,,,,,,,7,,,,,B03,,,1,,1,,,7,,1,21,,B03,120.733708,24.176932,3
2023,3,11,8,42,臺中市,北屯區,0,0,0,6,,,50,,,,,,,,,,,,,,,19,,,,,B03,,1,1,8,1,5,,19,19,1,21,8,B03,120.726262,24.161146,3
2023,3,11,8,44,臺中市,東區,0,1,0,8,1,5,50,14,9,1,5,4,5,7,4,4,5,5,5,2,14,12,3,10,1,1,B03,7,2,1,8,2,3,,12,12,1,22,9,B03,120.690543,24.134573,2
2023,3,11,8,49,臺中市,東區,0,0,0,,,,50,,,,,,,,,,,,,,,23,,,,,B03,,,1,,2,,,23,,1,5,,B03,120.689371,24.146292,3
2023,3,11,8,50,臺中市,南區,0,2,0,8,1,5,50,3,1,1,5,4,5,7,4,4,1,4,4,2,12,23,2,9,1,1,C03,7,9,1,10,2,11,,23,23,1,19,8,C03,120.66641,24.127281,2
2023,3,11,8,54,臺中市,北區,0,1,0,8,1,5,50,14,9,1,5,4,5,7,4,4,1,4,5,2,17,7,3,10,1,1,B03,7,8,1,8,2,5,,7,7,1,22,9,B03,120.685415,24.15419,2
2023,3,11,8,58,臺中市,北屯區,0,0,0,8,,,50,,,,,,,,,,,,,,,23,,,,,B12,,,1,,2,,,23,,1,9,,B12,120.684766,24.196836,3
2023,3,11,8,59,臺中市,太平區,0,1,0,8,1,5,50,3,2,1,5,4,5,7,4,4,5,5,5,1,27,66,,,,,,,,,,,,,66,66,1,,,,120.72439,24.140054,2
2023,3,11,9,0,臺中市,沙鹿區,0,1,0,8,1,5,50,14,9,1,5,4,5,7,4,4,5,5,5,2,18,42,2,9,1,1,C03,7,12,3,18,2,14,,42,42,1,20,8,C03,120.558128,24.235077,2
2023,3,11,9,0,臺中市,神岡區,0,1,0,8,1,5,50,5,2,1,5,4,5,7,1,1,5,4,4,2,17,19,3,10,1,1,B03,7,1,1,8,2,8,,19,19,1,12,8,B03,120.655431,24.258675,2
2023,3,11,9,2,臺中市,霧峰區,0,1,0,8,1,5,40,14,9,1,5,4,5,7,4,4,9,5,5,1,16,10,3,10,1,2,B03,7,11,1,8,2,15,,10,10,1,3,8,B03,120.675229,24.063513,2
2023,3,11,9,5,臺中市,清水區,0,1,0,8,1,5,50,4,1,1,5,4,5,7,1,1,1,4,1,1,15,25,3,10,1,1,B03,7,9,1,10,3,1,,25,25,1,22,8,B03,120.536452,24.281275,2
2023,3,11,9,5,臺中市,豐原區,0,0,0,,,,50,,,,,,,,,,,,,,,23,,,,,B03,,,1,,2,,,23,,1,22,,B03,120.709397,24.254915,3
2023,3,11,9,8,臺中市,北區,0,1,0,8,1,5,50,5,1,1,5,4,5,1,4,4,5,5,5,2,11,6,3,10,1,1,B03,7,5,1,8,2,1,,6,6,1,5,8,B03,120.688913,24.158616,2
2023,3,11,9,10,臺中市,西屯區,0,0,0,8,,,50,,,,,,,,,,,,,,,7,,,,,B03,,,1,,1,,,7,,1,22,,B03,120.625002,24.182084,3
2023,3,11,9,15,臺中市,西屯區,0,0,0,8,,,50,,,,,,,,,,,,,,,42,,,,,B03,,,1,,1,,,42,,1,22,,B03,120.637044,24.172138,3
2023,3,11,9,15,臺中市,烏日區,0,0,0,8,1,5,60,4,2,1,5,4,5,7,2,1,1,4,5,1,13,23,3,10,3,4,B01,7,9,1,2,2,1,,23,23,1,21,8,B01,120.614085,24.106776,3
2023,3,11,9,20,臺中市,大里區,0,0,0,8,,,30,,,,,,,,,,,,,,,23,,,,,B03,,,1,,9,,,23,,1,9,,B03,120.671862,24.101401,3
2023,3,11,9,23,臺中市,大里區,0,1,0,8,1,5,50,4,1,1,5,4,5,7,1,1,1,4,5,1,16,6,3,10,1,1,B03,7,5,1,8,2,1,,6,6,1,22,9,B03,120.681856,24.102593,2
2023,3,11,9,25,臺中市,西屯區,0,0,0,8,,,50,,,,,,,,,,,,,,,44,,,,,A32,,,1,,2,,,44,,1,22,,A32,120.635879,24.181852,3
2023,3,11,9,30,臺中市,大里區,0,1,0,8,1,5,40,3,1,1,5,4,5,7,1,1,10,5,5,2,16,25,2,9,1,1,C03,7,9,1,10,2,11,,25,25,1,22,8,C03,120.688722,24.072363,2
2023,3,11,9,30,臺中市,太平區,0,1,0,8,1,5,30,3,1,1,5,4,5,7,4,4,10,5,5,2,18,23,2,9,3,4,C03,7,5,1,10,2,12,,23,23,1,5,8,C03,120.782985,24.114496,2
2023,3,11,9,33,臺中市,太平區,0,0,0,8,,,50,,,,,,,,,,,,,,,23,,,,,B12,,,1,,2,,,23,,1,9,,B12,120.713641,24.111725,3
2023,3,11,9,38,臺中市,后里區,0,2,0,8,1,5,50,4,4,1,5,4,5,7,1,1,1,2,3,1,17,23,2,9,1,1,C03,7,9,1,10,2,11,,23,23,1,21,8,C03,120.680278,24.309211,2
2023,3,11,9,40,臺中市,大里區,0,1,0,8,1,5,40,14,8,1,5,4,5,7,4,4,1,4,5,1,18,23,2,9,1,1,C03,7,9,1,10,2,11,,23,23,1,21,8,C03,120.695771,24.109904,2
2023,3,11,9,41,臺中市,大雅區,0,2,0,8,1,5,50,3,1,1,5,4,5,7,4,4,4,5,5,1,16,23,2,8,1,1,C03,7,9,1,10,2,11,,23,43,1,22,9,C03,120.668332,24.215041,2
2023,3,11,9,43,臺中市,太平區,0,1,0,8,1,5,50,3,1,1,5,4,5,7,4,4,10,5,5,1,16,7,3,10,1,1,C03,7,8,1,10,2,12,,7,7,1,3,1,C03,120.715707,24.147905,2
2023,3,11,9,48,臺中市,北屯區,0,1,0,8,1,5,50,4,1,1,5,4,5,7,1,1,10,5,5,2,29,23,2,9,1,1,B03,7,9,1,8,2,1,,23,23,1,21,8,B03,120.668466,24.195411,2
2023,3,11,9,53,臺中市,大里區,0,1,0,8,1,5,30,3,1,1,5,4,5,7,4,4,10,5,5,2,16,6,3,10,1,1,C03,7,5,1,10,2,11,,6,6,1,22,9,C03,120.702346,24.09286,2
2023,3,11,9,55,臺中市,西屯區,0,1,0,8,1,5,50,14,8,1,5,4,5,7,4,4,8,4,4,1,16,7,3,10,1,4,B03,7,8,1,8,2,2,,7,7,1,4,8,B03,120.647498,24.166694,2
2023,3,11,9,59,臺中市,北區,0,0,0,8,,,50,,,,,,,,,,,,,,,16,,,,,B03,,,1,,1,,,16,,1,22,,B03,120.675726,24.17167,3
2023,3,11,10,3,臺中市,西屯區,0,0,0,8,,,1,,,,,,,,,,,,,,,12,,,,,B03,,,1,,2,,,12,12,1,10,,B03,120.642476,24.183237,3
2023,3,11,10,3,臺中市,大里區,0,0,0,8,1,5,40,14,9,1,5,4,5,7,4,4,5,5,5,1,12,45,,,,,C03,,,3,,2,,,45,45,1,22,,C03,120.696613,24.110638,3
2023,3,11,10,3,臺中市,新社區,0,1,0,8,1,5,50,11,9,1,5,4,5,7,4,4,4,3,5,1,29,23,2,9,1,1,C03,7,9,1,10,2,11,,23,23,1,22,9,C03,120.79964,24.26033,2
2023,3,11,10,4,臺中市,清水區,0,0,0,8,,,30,,,,,,,,,,,,,,,23,,,,,B03,,,1,,1,,,23,,1,21,,B03,120.549791,24.285255,3
2023,3,11,10,7,臺中市,南屯區,0,0,0,8,1,5,50,14,8,1,5,4,5,7,1,1,3,4,4,2,12,6,,,,,B03,,,1,,1,,,6,,1,5,,B03,120.640641,24.142577,3
2023,3,11,10,20,臺中市,烏日區,0,1,0,8,1,5,50,4,1,1,5,4,5,7,1,3,5,4,5,1,16,6,3,10,1,1,B03,7,5,1,8,2,2,,6,6,1,21,8,B03,120.631953,24.045293,2
2023,3,11,10,25,臺中市,北區,0,1,0,8,1,5,50,14,7,1,5,4,5,7,4,4,1,4,4,2,12,23,2,9,1,1,F02,7,9,8,20,2,16,,23,23,1,20,8,F02,120.699566,24.158414,2
2023,3,11,10,27,臺中市,西屯區,0,0,0,8,,,50,,,,,,,,,,,,,,,6,,,,,B03,,,1,,1,,,6,6,1,22,,B03,120.643166,24.185158,3
2023,3,11,10,27,臺中市,東勢區,0,0,0,8,,,30,,,,,,,,,,,,,,,42,,,,,B03,,,1,,2,,,42,42,1,22,,B03,120.8629,24.165777,3
2023,3,11,10,28,臺中市,南屯區,0,0,0,8,1,5,50,3,2,1,5,4,5,7,4,4,5,4,5,2,16,26,3,10,1,1,B03,7,7,1,8,2,8,,26,26,1,22,8,B03,120.634119,24.144873,3
2023,3,11,10,33,臺中市,北屯區,0,0,0,8,,,40,,,,,,,,,,,,,,,23,,,,,A12,,,1,,2,,,23,,1,10,,A12,120.688406,24.201228,3
2023,3,11,10,33,臺中市,西屯區,0,0,0,8,,,50,,,,,,,,,,,,,,,26,,,,,B03,,,1,,1,,,26,26,1,22,,B03,120.653182,24.19556,3
2023,3,11,10,37,臺中市,北屯區,0,0,0,,,,50,,,,,,,,,,,,,,,7,,,,,A12,,,1,,1,,,7,,1,21,,A12,120.691111,24.182657,3
2023,3,11,10,39,臺中市,南區,0,2,0,8,1,5,50,4,1,1,5,4,5,7,1,1,10,5,5,2,15,25,2,9,1,1,C03,7,9,1,10,2,12,,25,42,1,22,9,C03,120.690901,24.134703,2
2023,3,11,10,40,臺中市,大里區,0,0,0,8,,,30,,,,,,,,,,,,,,,43,,,,,B03,,,1,,2,,,43,43,1,19,,B03,120.688456,24.09978,3
2023,3,11,10,40,臺中市,東勢區,0,0,0,8,,,50,,,,,,,,,,,,,,,23,,,,,C03,,,1,,1,,,23,,1,22,,C03,120.830419,24.253669,3
2023,3,11,10,41,臺中市,太平區,0,0,0,8,,,50,,,,,,,,,,,,,,,12,,,,,A11,,,1,,2,,,12,,1,22,,A11,120.713057,24.138575,3
2023,3,11,10,42,臺中市,沙鹿區,0,0,0,8,,,50,,,,,,,,,,,,,,,7,,,,,B03,,,1,,2,,,7,,1,22,,B03,120.569381,24.219812,3
2023,3,11,10,42,臺中市,豐原區,0,1,0,8,1,5,30,14,8,1,5,4,5,7,1,1,8,3,4,1,18,43,2,9,1,4,C03,7,9,1,10,2,12,,43,43,1,22,5,C03,120.705016,24.246795,2
2023,3,11,10,43,臺中市,霧峰區,0,1,0,8,1,5,40,14,9,1,5,4,5,7,4,4,9,5,5,1,16,23,3,10,3,4,B03,7,9,1,8,2,2,,23,23,1,3,8,B03,120.689527,24.06614,2
2023,3,11,10,46,臺中市,南區,0,1,0,8,1,5,50,4,1,1,5,4,5,6,1,1,5,4,4,2,12,8,2,9,1,1,C03,7,5,1,10,2,14,,8,8,1,22,8,C03,120.653621,24.122615,2
2023,3,11,10,51,臺中市,南屯區,0,1,0,8,1,5,50,3,1,1,5,4,5,7,2,1,10,5,5,2,16,9,3,10,1,1,B03,7,6,1,8,2,5,,9,9,1,5,8,B03,120.640839,24.141282,2
2023,3,11,10,57,臺中市,南屯區,0,1,0,8,1,5,50,14,9,1,5,4,5,7,4,4,5,4,5,2,16,9,3,10,3,4,B03,7,6,1,8,2,2,,9,9,1,22,9,B03,120.647151,24.137435,2
2023,3,11,10,58,臺中市,北屯區,0,0,0,8,,,50,,,,,,,,,,,,,,,23,,,,,B03,,,1,,1,,,23,,1,21,,B03,120.682689,24.192253,3
2023,3,11,10,59,臺中市,西屯區,0,0,0,8,,,,,,,,,,,,,,,,,,43,,,,,,,,,,,,,43,,1,,,,120.661614,24.172533,3
2023,3,11,11,0,臺中市,北屯區,0,2,0,8,1,5,50,5,1,1,5,4,5,7,1,1,10,5,5,2,16,6,3,10,1,1,B03,7,6,1,8,2,5,,6,6,1,21,8,B03,120.686582,24.201323,2
2023,3,11,11,0,臺中市,太平區,0,0,0,8,,,40,,,,,,,,,,,,,,,12,,,,,B12,,,1,,2,,,12,,1,22,,B12,120.713311,24.159526,3
2023,3,11,11,1,臺中市,北區,0,1,0,8,1,5,50,4,1,1,5,4,5,7,3,1,10,5,5,2,15,6,3,10,1,1,B03,7,9,1,8,2,8,,6,6,1,20,8,B03,120.697361,24.156714,2
2023,3,11,11,4,臺中市,梧棲區,0,0,0,8,,,30,,,,,,,,,,,,,,,23,,,,,C03,,,1,,1,,,23,,1,5,,C03,120.558475,24.242886,3