年,月,日,時,分,縣市,區,死,受傷,2-30,天候,光線,道路類別,速限,道路型態,事故位置,路面鋪裝,路面狀態,路面缺陷,障礙物,視距,號誌種類,號誌動作,分向設施,快車道或一般車道間,快慢車道間,路面邊線,事故類型及型態,主要肇因,受傷程度,主要傷處,保護裝備,行動電話,當事者區分,車輛用途,當事者行動狀態,駕駛資格情形,駕駛執照種類,飲酒情形,車輛撞擊部位最初,車輛撞擊部位其他,肇事因素個別,肇事因素主要,肇事逃逸,職業,旅次目的,車種,GPS緯度,GPS經度,事故類別
2023,3,11,11,8,臺中市,后里區,0,0,0,8,1,5,60,14,9,1,5,4,5,7,4,4,1,4,5,1,13,23,3,10,1,1,B03,7,9,1,8,2,1,,23,23,1,21,8,B03,120.678376,24.30362,3
2023,3,11,11,13,臺中市,西區,0,3,0,8,1,5,50,4,1,1,5,4,5,7,4,4,10,5,5,2,15,6,2,9,1,1,B03,7,9,1,8,2,1,,6,6,1,20,8,B03,120.667419,24.138836,2
2023,3,11,11,13,臺中市,北屯區,0,2,0,8,1,5,50,14,7,1,5,4,5,7,4,4,4,3,4,2,13,23,2,9,1,1,C03,7,9,1,10,1,11,,23,23,1,21,8,C03,120.691126,24.176768,2
2023,3,11,11,15,臺中市,太平區,0,1,0,8,1,5,50,14,9,1,5,4,5,7,4,4,10,5,4,2,16,26,3,10,1,1,B03,7,5,1,8,2,8,,26,26,1,9,8,B03,120.721786,24.119002,2
2023,3,11,11,15,臺中市,清水區,0,0,0,8,,,50,,,,,,,,,,,,,,,9,,,,,B03,,,1,,2,,,9,,1,22,,B03,120.577882,24.276632,3
2023,3,11,11,20,臺中市,外埔區,0,0,0,,,,40,,,,,,,,,,,,,,,12,,,,,A12,,,1,,1,,,12,,1,10,,A12,120.67136,24.319968,3
2023,3,11,11,21,臺中市,北屯區,0,0,0,8,,,50,,,,,,,,,,,,,,,23,,,,,B12,,,1,,1,,,23,,1,21,,B12,120.670216,24.17626,3
2023,3,11,11,25,臺中市,大雅區,0,1,0,8,1,5,50,14,9,1,5,4,5,7,4,4,1,4,4,1,17,6,3,10,1,1,B03,7,6,1,8,2,2,,6,6,1,21,8,B03,120.646738,24.222107,2
2023,3,11,11,25,臺中市,大里區,0,1,0,8,1,5,40,3,1,1,5,4,5,7,4,4,10,5,5,2,12,6,3,10,1,1,B03,7,6,1,8,2,5,,6,6,1,9,8,B03,120.67947,24.11745,2
2023,3,11,11,26,臺中市,外埔區,0,0,0,8,1,5,30,3,1,1,5,4,5,7,4,4,10,5,5,2,16,6,3,10,1,1,B03,7,5,1,8,1,1,,6,6,1,21,8,B03,120.639645,24.343564,3
2023,3,11,11,27,臺中市,大里區,0,0,0,8,1,5,60,5,2,1,5,4,5,7,1,1,1,5,5,1,13,23,,,,,B03,,,1,,2,,,23,,1,22,,B03,120.686075,24.095531,3
2023,3,11,11,28,臺中市,霧峰區,0,0,0,8,1,5,60,3,1,1,5,4,5,7,4,4,10,5,5,2,16,4,,,,,B03,,,1,,2,,,4,,1,19,,B03,120.692094,24.044218,3
2023,3,11,11,29,臺中市,南屯區,0,1,0,8,1,5,50,14,9,1,5,4,5,7,4,4,5,5,5,2,16,26,3,10,1,1,B01,7,5,1,4,2,4,,26,26,1,10,8,B01,120.620055,24.12412,2
2023,3,11,11,30,臺中市,南區,0,0,0,,,,50,,,,,,,,,,,,,,,42,,,,,C02,,,1,,11,,,42,,1,22,,C02,120.668246,24.115016,3
2023,3,11,11,30,臺中市,東區,0,2,0,8,1,5,50,4,1,1,5,4,5,7,2,1,10,5,5,2,17,23,3,10,1,1,B01,7,15,1,4,2,5,,23,23,1,21,8,B01,120.687683,24.13706,2
2023,3,11,11,31,臺中市,烏日區,0,0,0,8,1,5,40,14,16,1,5,4,5,7,4,4,10,5,5,1,13,16,3,10,3,4,B03,7,12,1,8,2,1,,16,16,1,21,9,B03,120.617555,24.118271,3
2023,3,11,11,32,臺中市,西屯區,0,1,0,8,1,5,50,4,8,1,5,4,5,7,1,1,8,4,4,1,16,6,3,10,1,4,B03,7,6,1,8,2,2,,6,6,1,4,8,B03,120.634846,24.164745,2
2023,3,11,11,37,臺中市,北屯區,0,0,0,8,,,30,,,,,,,,,,,,,,,12,,,,,B03,,,1,,2,,,12,,1,21,,B03,120.702899,24.167959,3
2023,3,11,11,38,臺中市,北屯區,0,0,0,6,,,50,,,,,,,,,,,,,,,25,,,,,C03,,,1,10,1,12,,25,25,1,4,8,C03,120.694135,24.164934,3
2023,3,11,11,38,臺中市,太平區,0,1,0,8,1,5,50,14,9,1,5,4,5,7,4,4,5,5,5,1,16,10,2,1,3,4,B03,7,11,1,8,2,4,,10,10,1,9,8,B03,120.710546,24.122275,2
2023,3,11,11,38,臺中市,龍井區,0,1,0,8,1,5,50,3,1,1,5,4,5,7,1,1,10,5,5,2,17,44,3,10,3,4,B03,7,6,1,8,2,5,,27,44,1,19,6,B03,120.54623,24.192631,2
2023,3,11,11,38,臺中市,豐原區,0,0,0,8,,,50,,,,,,,,,,,,,,,23,,,,,B03,,,1,,2,,,23,,1,22,,B03,120.714241,24.251133,3
2023,3,11,11,39,臺中市,太平區,0,0,0,8,,,80,,,,,,,,,,,,,,,16,,,,,B03,,,1,,2,,,16,,1,9,,B03,120.717204,24.156015,3
2023,3,11,11,40,臺中市,大里區,0,0,0,8,1,5,50,4,2,1,5,4,5,7,1,1,1,4,4,1,14,12,,,,,B12,,,1,,2,,,12,,1,22,,B12,120.682425,24.104333,3
2023,3,11,11,40,臺中市,梧棲區,0,0,0,8,,,30,,,,,,,,,,,,,,,19,,,,,C03,,,1,,1,,,19,19,1,3,,C03,120.547788,24.242429,3
2023,3,11,11,42,臺中市,西區,0,1,0,8,1,5,50,4,1,1,5,4,5,7,4,4,10,5,5,2,15,6,2,9,1,1,C03,7,9,1,10,2,11,,6,6,1,5,8,C03,120.660188,24.141246,2
2023,3,11,11,43,臺中市,龍井區,0,0,0,,,,50,,,,,,,,,,,,,,,40,,,,,B02,,,1,,1,,,44,40,1,5,,B02,120.594744,24.18595,3
2023,3,11,11,43,臺中市,沙鹿區,0,0,0,8,,,50,,,,,,,,,,,,,,,26,,,,,B03,,,1,,2,,,26,,1,21,,B03,120.561329,24.238787,3
2023,3,11,11,45,臺中市,北區,0,2,0,8,1,5,50,5,9,1,5,4,5,7,1,1,5,5,5,2,17,6,2,7,1,1,C03,7,6,1,10,2,11,,6,6,1,22,9,C03,120.674295,24.156093,2
2023,3,11,11,45,臺中市,沙鹿區,0,0,0,8,,,50,,,,,,,,,,,,,,,6,,,,,B03,,,1,,2,,,6,,1,21,,B03,120.56555,24.23713,3
2023,3,11,11,46,臺中市,龍井區,0,0,0,,,,30,,,,,,,,,,,,,,,12,,,,,B03,,,1,,2,,,12,,1,22,,B03,120.592873,24.19007,3
2023,3,11,11,48,臺中市,西區,0,2,0,8,1,5,50,4,1,1,5,4,4,7,1,1,10,5,5,2,16,26,2,9,1,1,C03,7,5,1,10,2,14,,26,26,1,5,5,C03,120.65296,24.152334,2
2023,3,11,11,48,臺中市,西屯區,0,2,0,8,1,5,50,3,1,1,5,4,5,7,1,1,1,3,5,2,13,23,2,1,1,1,C03,7,6,1,10,2,11,,23,23,1,22,9,C03,120.669415,24.177239,2
2023,3,11,11,49,臺中市,龍井區,0,0,0,,,,50,,,,,,,,,,,,,,,6,,,,,C03,,,1,,2,,,23,6,1,18,,C03,120.59168,24.18127,4
2023,3,11,11,51,臺中市,沙鹿區,0,0,0,8,,,50,,,,,,,,,,,,,,,25,,,,,F03,,,,,,,,25,,1,22,,F03,120.579912,24.215449,3
2023,3,11,11,52,臺中市,北屯區,0,0,0,8,,,80,,,,,,,,,,,,,,,23,,,,,B03,,,1,,1,,,23,,1,21,,B03,120.69183,24.201194,3
2023,3,11,11,57,臺中市,南區,0,2,0,8,1,5,40,14,9,1,5,4,5,7,4,4,1,4,4,2,12,23,2,9,1,1,C03,7,9,1,10,2,11,,23,23,1,5,8,C03,120.681898,24.128213,2
2023,3,11,12,0,臺中市,大雅區,0,1,0,8,1,5,50,14,9,1,5,4,5,7,4,4,5,5,5,1,17,40,3,10,3,4,B03,7,15,1,8,2,15,,40,40,1,22,9,B03,120.650264,24.225442,2
2023,3,11,12,0,臺中市,新社區,0,0,0,8,,,50,,,,,,,,,,,,,,,26,,,,,A05,,,1,,2,,,26,26,1,10,,A05,120.82358,24.170577,3
2023,3,11,12,4,臺中市,北屯區,0,0,0,8,,,30,,,,,,,,,,,,,,,6,,,,,B03,,,1,,1,,,6,,1,4,,B03,120.665251,24.178865,3
2023,3,11,12,9,臺中市,南屯區,0,0,0,8,1,5,40,14,16,1,5,4,5,7,4,4,10,5,5,2,12,7,3,10,1,1,B03,7,7,1,8,1,4,,7,7,1,22,8,B03,120.646375,24.137608,3
2023,3,11,12,13,臺中市,北屯區,0,0,0,8,,,50,,,,,,,,,,,,,,,26,,,,,B03,,,7,,1,,,26,,1,21,,B03,120.721655,24.162953,3
2023,3,11,12,16,臺中市,西區,0,2,0,8,1,5,50,4,1,1,5,4,5,7,2,1,10,5,5,2,16,6,3,10,1,1,B03,7,6,1,8,2,2,,6,6,1,20,8,B03,120.667054,24.136577,2
2023,3,11,12,16,臺中市,龍井區,0,1,0,8,1,5,50,4,1,1,5,4,5,7,1,1,10,5,5,2,17,25,3,10,3,4,B12,7,9,1,8,2,2,,25,25,1,4,8,B12,120.547473,24.201338,2
2023,3,11,12,18,臺中市,南屯區,0,0,0,8,,,50,,,,,,,,,,,,,,,26,,,,,B03,,,1,,1,,,26,,1,22,,B03,120.622238,24.150186,3
2023,3,11,12,18,臺中市,太平區,0,1,0,8,1,5,50,4,9,1,5,4,5,7,2,1,1,4,5,1,18,42,2,9,1,1,C03,7,12,1,10,2,12,,42,42,1,22,8,C03,120.723074,24.149597,2
2023,3,11,12,18,臺中市,東勢區,0,0,0,8,,,50,,,,,,,,,,,,,,,6,,,,,C03,,,1,,1,,,6,,1,22,,C03,120.830056,24.251612,3
2023,3,11,12,25,臺中市,大雅區,0,0,0,8,,,50,,,,,,,,,,,,,,,43,,,,,B12,,,1,,2,,,43,,1,21,,B12,120.645263,24.225553,3
2023,3,11,12,25,臺中市,北屯區,0,0,0,8,,,50,,,,,,,,,,,,,,,43,,,,,B03,,,1,,2,,,43,,1,21,,B03,120.68378,24.177656,3
2023,3,11,12,26,臺中市,北屯區,0,3,0,8,1,5,40,14,8,1,5,4,5,7,1,1,4,3,4,2,13,16,2,9,1,1,C03,7,9,1,10,2,11,,16,16,1,21,8,C03,120.688934,24.165008,2
2023,3,11,12,29,臺中市,南屯區,0,0,0,8,,,50,,,,,,,,,,,,,,,19,,,,,B02,,,1,,1,,,19,,1,5,,B02,120.644115,24.137199,3
2023,3,11,12,35,臺中市,南屯區,0,1,0,8,1,5,50,14,7,1,5,4,5,7,1,1,5,5,4,2,12,6,3,10,1,1,B03,7,6,1,8,2,2,,6,6,1,5,1,B03,120.610334,24.135676,2
2023,3,11,12,35,臺中市,霧峰區,0,1,0,8,1,5,40,14,9,1,5,4,5,7,4,4,7,2,5,1,18,23,2,9,1,1,C03,7,9,1,10,2,14,,23,23,1,22,9,C03,120.692886,24.051189,2
2023,3,11,12,36,臺中市,西屯區,0,0,0,8,,,50,,,,,,,,,,,,,,,16,,,,,B03,,,1,,1,,,16,,1,22,,B03,120.617152,24.181867,3
2023,3,11,12,36,臺中市,沙鹿區,0,0,0,8,,,50,,,,,,,,,,,,,,,17,,,,,B03,,,1,,2,,,17,,1,4,,B03,120.569922,24.244434,3
2023,3,11,12,37,臺中市,北屯區,0,0,0,8,,,30,,,,,,,,,,,,,,,6,,,,,B03,,,1,,1,,,6,,1,21,,B03,120.689165,24.176065,3
2023,3,11,12,38,臺中市,東區,0,1,0,8,1,5,50,14,9,1,5,4,5,7,4,4,5,4,5,2,16,26,3,10,1,1,C03,7,5,1,10,2,14,,26,26,1,5,8,C03,120.687729,24.139791,2
2023,3,11,12,40,臺中市,西屯區,0,0,0,8,,,50,,,,,,,,,,,,,,,23,,,,,B03,,,1,,1,,,23,,1,4,,B03,120.6182,24.188053,3
2023,3,11,12,42,臺中市,南屯區,0,0,0,8,1,5,50,14,9,1,5,4,5,7,4,4,9,4,5,2,17,19,3,10,1,1,B03,7,1,1,8,2,1,,19,19,1,22,8,B03,120.642004,24.146861,3
2023,3,11,12,44,臺中市,西屯區,0,0,0,8,,,50,,,,,,,,,,,,,,,7,,,,,B03,,,1,,2,,,7,,1,4,,B03,120.646915,24.196376,3
2023,3,11,12,44,臺中市,西屯區,0,1,0,8,1,5,50,3,18,1,5,4,5,7,3,1,5,4,5,2,3,15,3,10,1,1,C03,7,9,1,10,1,14,,15,15,1,5,8,C03,120.648116,24.182036,2
2023,3,11,12,49,臺中市,西區,0,0,0,8,,,40,,,,,,,,,,,,,,,42,,,,,C03,,,1,,2,,,42,,1,5,,C03,120.661931,24.136207,3
2023,3,11,12,53,臺中市,南區,0,4,0,8,1,5,50,4,1,1,5,4,5,7,2,1,10,5,5,2,17,23,2,9,1,1,C03,7,1,1,10,2,13,,23,23,1,21,8,C03,120.648654,24.119707,2
2023,3,11,12,55,臺中市,大里區,0,0,0,8,,,40,,,,,,,,,,,,,,,12,,,,,B01,,,1,,2,,,12,,1,10,,B01,120.693035,24.091168,3
2023,3,11,13,1,臺中市,北屯區,0,0,0,8,,,50,,,,,,,,,,,,,,,23,,,,,B12,,,1,,1,,,44,23,1,22,,B12,120.691719,24.163026,3
2023,3,11,13,1,臺中市,沙鹿區,0,2,0,8,1,5,30,12,9,1,5,4,5,7,4,4,10,5,5,2,17,5,2,9,3,4,C03,7,9,1,10,2,11,,5,5,1,22,8,C03,120.570549,24.251272,2
2023,3,11,13,9,臺中市,梧棲區,0,1,0,8,1,5,50,4,1,1,5,4,5,7,1,1,10,5,5,1,23,23,2,9,3,4,B03,7,5,1,8,2,1,,23,23,1,22,8,B03,120.52782,24.244424,2
2023,3,11,13,12,臺中市,大雅區,0,1,0,8,1,5,50,4,1,1,5,4,1,7,1,1,4,5,5,1,17,23,3,10,1,1,C02,7,9,1,9,11,15,,23,23,2,21,8,C02,120.645263,24.225553,2
2023,3,11,13,18,臺中市,北屯區,0,0,0,8,,,50,,,,,,,,,,,,,,,7,,,,,B03,,,1,,1,,,7,,1,21,,B03,120.719478,24.18209,3
2023,3,11,13,20,臺中市,北區,0,0,0,8,,,50,,,,,,,,,,,,,,,19,,,,,B03,,,1,,1,,,19,,1,5,,B03,120.688386,24.151726,3
2023,3,11,13,21,臺中市,南屯區,0,0,0,8,,,50,,,,,,,,,,,,,,,23,,,,,C03,,,1,,1,,,23,,1,4,,C03,120.595193,24.138377,3
2023,3,11,13,21,臺中市,大肚區,0,1,0,8,1,5,50,14,9,1,5,4,5,7,4,4,1,4,4,1,12,23,3,10,1,1,B12,7,4,1,8,2,6,,23,23,2,21,8,B12,120.555781,24.128766,2
2023,3,11,13,22,臺中市,北屯區,0,0,0,8,,,50,,,,,,,,,,,,,,,23,,,,,B03,,,1,,1,,,23,,1,4,,B03,120.723146,24.176288,3
2023,3,11,13,23,臺中市,太平區,0,0,0,8,,,50,,,,,,,,,,,,,,,16,,,,,C03,,,1,,2,,,16,,1,22,,C03,120.709963,24.134979,3
2023,3,11,13,25,臺中市,南屯區,0,1,0,8,1,5,50,4,2,1,5,4,5,7,1,1,5,5,4,2,12,42,3,10,3,4,B12,7,9,1,8,2,2,,42,42,1,22,8,B12,120.649727,24.138894,2
2023,3,11,13,29,臺中市,東區,0,0,0,,,,50,,,,,,,,,,,,,,,12,,,,,B03,,,1,,11,,,12,,1,22,,B03,120.703221,24.138783,3
2023,3,11,13,35,臺中市,北區,0,1,0,8,1,5,50,14,9,1,5,4,5,7,4,4,1,4,5,2,17,7,3,10,1,1,B03,7,7,1,8,2,8,,7,7,1,5,8,B03,120.688549,24.153598,2
2023,3,11,13,35,臺中市,西屯區,0,0,0,8,,,40,,,,,,,,,,,,,,,42,,,,,A12,,,1,,2,,,42,,1,4,,A12,120.64634,24.155806,3
2023,3,11,13,43,臺中市,西區,0,0,0,8,,,50,,,,,,,,,,,,,,,23,,,,,B02,,,1,,1,,,23,,1,21,,B02,120.661498,24.151849,3
2023,3,11,13,44,臺中市,西區,0,3,0,8,1,5,50,4,1,1,5,4,5,7,2,1,10,5,5,2,16,8,2,9,1,1,C03,7,5,1,10,2,12,,8,8,1,5,5,C03,120.658486,24.150862,2
2023,3,11,13,48,臺中市,豐原區,0,0,0,8,,,30,,,,,,,,,,,,,,,17,,,,,B03,,,1,,2,,,17,,1,4,,B03,120.72438,24.247002,3
2023,3,11,13,49,臺中市,西屯區,0,2,0,8,1,5,50,4,1,1,5,4,5,7,1,1,5,4,5,2,13,23,2,8,1,1,C03,7,9,1,10,2,11,,23,23,1,22,8,C03,120.660622,24.172816,2
2023,3,11,13,53,臺中市,霧峰區,0,0,0,8,1,5,30,14,9,1,5,4,5,7,4,4,10,5,5,2,14,12,,,,,G03,,,8,,2,,,12,,1,7,,G03,120.701048,24.052015,3
2023,3,11,13,57,臺中市,西屯區,0,0,0,8,,,30,,,,,,,,,,,,,,,42,,,,,B03,,,1,,1,,,42,,1,22,,B03,120.643024,24.177597,3
2023,3,11,14,0,臺中市,北屯區,0,0,0,8,,,50,,,,,,,,,,,,,,,26,,,,,A41,,,1,,1,,,26,,1,5,,A41,120.719366,24.162943,3
2023,3,11,14,0,臺中市,北屯區,0,1,0,8,1,5,50,14,8,1,5,4,5,7,4,4,1,5,4,2,17,23,2,8,1,1,C03,7,9,1,10,2,11,,23,23,1,21,8,C03,120.668412,24.178812,2
2023,3,11,14,0,臺中市,西屯區,0,0,0,,,,30,,,,,,,,,,,,,,,43,,,,,B03,,,1,,10,,,43,,1,22,,B03,120.661421,24.164248,3
2023,3,11,14,1,臺中市,北區,0,0,0,8,,,50,,,,,,,,,,,,,,,23,,,,,B03,,,1,,1,,,23,,1,22,,B03,120.66463,24.157513,3
2023,3,11,14,5,臺中市,南屯區,0,2,0,8,1,5,50,3,1,1,5,4,5,7,1,1,10,5,5,2,13,23,2,8,1,1,C03,7,9,1,10,2,11,,23,23,1,4,8,C03,120.609883,24.140483,2
2023,3,11,14,9,臺中市,南區,0,1,0,8,1,5,50,3,1,1,5,4,5,7,2,1,5,4,4,2,12,23,2,9,1,1,C03,7,9,1,10,2,12,,23,23,1,5,8,C03,120.651935,24.120336,2
2023,3,11,14,14,臺中市,北屯區,0,0,0,8,,,50,,,,,,,,,,,,,,,16,,,,,B01,,,1,,1,,,16,,1,10,,B01,120.67841,24.201268,3
2023,3,11,14,23,臺中市,西區,0,0,0,8,,,60,,,,,,,,,,,,,,,16,,,,,B03,,,1,,2,,,16,,1,5,,B03,120.662609,24.155678,3
2023,3,11,14,25,臺中市,大雅區,0,1,0,8,1,5,30,14,9,1,5,4,5,7,4,4,10,5,5,2,17,44,3,10,1,1,B03,7,9,1,8,2,15,,44,44,1,22,9,B03,120.628644,24.239724,2
2023,3,11,14,25,臺中市,大安區,0,0,0,8,,,30,,,,,,,,,,,,,,,12,,,,,B12,,,1,,2,,,12,,1,22,,B12,120.583725,24.351108,3
2023,3,11,14,26,臺中市,南屯區,0,0,0,8,,,50,,,,,,,,,,,,,,,7,,,,,B03,,,1,,1,,,7,,1,22,,B03,120.634702,24.154181,3
2023,3,11,14,32,臺中市,東區,0,0,0,,,,50,,,,,,,,,,,,,,,16,,,,,B12,,,1,,2,,,16,,1,5,,B12,120.694671,24.133016,3
2023,3,11,14,32,臺中市,南屯區,0,0,0,8,,,50,,,,,,,,,,,,,,,12,,,,,B03,,,1,,1,,,12,,1,4,,B03,120.637211,24.14065,3
2023,3,11,14,33,臺中市,新社區,0,0,0,8,,,30,,,,,,,,,,,,,,,17,,,,,B03,,,1,,2,,,17,,1,22,,B03,120.787947,24.218698,3
2023,3,11,14,34,臺中市,太平區,0,0,0,8,,,50,,,,,,,,,,,,,,,16,,,,,B12,,,1,,1,,,16,,1,9,,B12,120.716745,24.133619,3
2023,3,11,14,35,臺中市,太平區,0,0,0,8,,,40,,,,,,,,,,,,,,,16,,,,,B03,,,1,,2,,,16,,1,22,,B03,120.714075,24.149496,3
2023,3,11,14,37,臺中市,石岡區,0,0,0,8,1,5,60,3,9,1,5,4,5,7,2,1,5,5,5,1,13,23,,,,,B03,,,1,,2,,,23,,1,22,,B03,120.763995,24.277198,3
2023,3,11,14,50,臺中市,南區,0,0,0,8,,,50,,,,,,,,,,,,,,,67,,,,,,,,,,,,,67,,1,,,,120.651146,24.111915,3
2023,3,11,14,53,臺中市,北屯區,0,0,0,8,,,80,,,,,,,,,,,,,,,7,,,,,B03,,,1,,1,,,7,,1,22,,B03,120.694158,24.164028,3
2023,3,11,14,55,臺中市,西區,0,1,0,8,1,5,50,4,1,1,5,4,5,7,2,1,10,5,5,2,16,25,2,9,1,1,C03,7,9,1,10,2,12,,25,25,1,5,5,C03,120.661678,24.136547,2
2023,3,11,14,57,臺中市,西屯區,0,1,0,8,1,5,50,3,1,1,5,4,5,7,1,1,1,4,5,2,23,23,2,8,1,1,B03,7,9,1,8,2,8,,23,23,1,22,8,B03,120.651723,24.189397,2
2023,3,11,14,57,臺中市,豐原區,0,0,0,,,,50,,,,,,,,,,,,,,,6,,,,,C03,,,1,,2,,,6,,1,22,,C03,120.719867,24.253543,3
2023,3,11,14,58,臺中市,西區,0,0,0,8,,,50,,,,,,,,,,,,,,,19,,,,,B03,,,1,,1,,,19,,1,21,,B03,120.665287,24.150867,3
2023,3,11,14,59,臺中市,烏日區,0,0,0,8,1,5,30,14,9,1,5,4,5,7,4,4,10,5,5,2,16,12,3,9,3,4,B03,7,2,1,8,2,2,,12,12,1,21,7,B03,120.650276,24.05557,3
2023,3,11,15,0,臺中市,西屯區,0,1,0,8,1,5,30,14,9,1,5,4,5,7,4,4,10,4,5,2,16,6,2,9,1,4,C03,7,5,1,10,2,12,,6,6,1,22,8,C03,120.615106,24.179523,2
2023,3,11,15,10,臺中市,中區,0,0,0,,,,50,,,,,,,,,,,,,,,42,,,,,B03,,,1,,9,,,42,,1,5,,B03,120.67505,24.143589,3
2023,3,11,15,10,臺中市,北區,0,2,0,8,1,5,50,4,1,1,5,4,5,7,3,1,5,5,5,2,13,6,2,9,1,1,C03,7,9,1,10,2,12,,6,6,1,21,8,C03,120.697351,24.155613,2
2023,3,11,15,14,臺中市,烏日區,0,1,0,8,1,5,50,4,1,1,5,4,5,7,1,1,9,4,5,1,16,25,3,10,1,1,C03,7,9,1,10,3,12,,25,25,1,22,8,C03,120.641442,24.094274,2
2023,3,11,15,15,臺中市,太平區,0,0,0,8,,,40,,,,,,,,,,,,,,,16,,,,,B03,,,1,,1,,,16,,1,22,,B03,120.713004,24.149754,3
2023,3,11,15,17,臺中市,西區,0,1,0,8,1,5,50,4,1,1,5,4,5,7,1,1,10,5,5,2,16,6,3,10,1,1,B03,7,5,1,8,2,5,,6,6,1,21,8,B03,120.653874,24.150853,2
2023,3,11,15,18,臺中市,西屯區,0,1,0,8,1,5,40,14,8,1,5,4,5,7,4,4,5,4,4,2,16,23,2,9,3,4,C03,7,9,1,10,11,11,,23,23,1,22,8,C03,120.66387,24.167931,2
2023,3,11,15,19,臺中市,北屯區,0,0,0,8,,,40,,,,,,,,,,,,,,,42,,,,,B03,,,1,8,1,,,42,42,1,21,,B03,120.684273,24.170948,3
2023,3,11,15,20,臺中市,大里區,0,1,0,8,1,5,50,4,1,1,5,4,5,7,1,1,5,4,5,1,17,8,3,10,1,1,C03,7,5,1,10,2,14,,8,8,1,22,8,C03,120.677834,24.114995,2
2023,3,11,15,21,臺中市,南屯區,0,1,0,8,1,5,50,14,20,4,5,4,3,7,4,4,1,4,5,2,18,26,2,9,3,4,F01,7,8,8,20,2,16,,26,26,1,22,8,F01,120.64663,24.151719,2
2023,3,11,15,21,臺中市,西屯區,0,1,0,8,1,5,50,14,9,1,5,4,5,7,4,4,1,4,5,2,16,19,3,10,1,1,C03,7,1,1,10,2,13,,19,19,1,4,8,C03,120.653064,24.166915,2
2023,3,11,15,24,臺中市,中區,0,0,0,8,,,50,,,,,,,,,,,,,,,19,,,,,B02,,,1,,1,,,19,,1,5,,B02,120.685055,24.139168,3
2023,3,11,15,25,臺中市,潭子區,0,1,0,8,1,5,50,4,2,1,5,4,5,7,4,4,5,4,4,2,11,1,2,9,1,1,C03,7,4,1,10,2,14,,1,1,1,22,8,C03,120.692053,24.219158,2
2023,3,11,15,28,臺中市,南屯區,0,2,0,8,1,5,50,4,1,1,5,4,5,7,4,4,10,5,5,2,17,19,2,9,1,1,C03,7,1,1,10,2,14,,19,19,1,4,8,C03,120.647211,24.129333,2
2023,3,11,15,29,臺中市,太平區,0,0,0,8,,,80,,,,,,,,,,,,,,,7,,,,,B02,,,1,,1,,,7,,1,9,,B02,120.717431,24.157512,3
2023,3,11,15,29,臺中市,大甲區,0,0,0,8,,,50,,,,,,,,,,,,,,,23,,,,,B12,,,1,,1,,,23,,1,22,,B12,120.629606,24.344941,3
2023,3,11,15,30,臺中市,西區,0,0,0,8,,,50,,,,,,,,,,,,,,,23,,,,,B03,,,1,,1,,,23,,1,21,,B03,120.667923,24.142103,3
2023,3,11,15,34,臺中市,西屯區,0,0,0,8,,,50,,,,,,,,,,,,,,,23,,,,,B03,,,1,,1,,,23,,1,22,,B03,120.656661,24.189423,3
2023,3,11,15,36,臺中市,西區,0,0,0,8,,,50,,,,,,,,,,,,,,,23,,,,,B03,,,1,,1,,,23,,1,21,,B03,120.667923,24.142103,3
2023,3,11,15,43,臺中市,北區,0,0,0,8,,,50,,,,,,,,,,,,,,,23,,,,,C03,,,1,,1,,,23,,1,21,,C03,120.686252,24.15482,3
2023,3,11,15,45,臺中市,清水區,0,1,0,8,1,5,70,4,1,1,5,4,5,7,1,1,10,5,5,2,16,25,3,10,1,1,B03,7,9,3,18,2,8,,25,25,1,5,5,B03,120.59495,24.300768,2
2023,3,11,15,45,臺中市,東勢區,0,1,0,8,1,5,50,14,9,1,5,4,5,7,4,4,5,4,4,1,16,26,3,10,1,1,B03,7,5,1,8,2,5,,26,26,1,22,9,B03,120.82397,24.261603,2
2023,3,11,15,47,臺中市,西區,0,2,0,8,1,5,50,4,1,1,5,4,5,7,1,1,10,5,5,2,13,23,2,9,1,1,C03,7,9,1,10,2,11,,23,23,1,21,8,C03,120.682212,24.135899,2
2023,3,11,15,47,臺中市,北區,0,1,0,8,1,5,50,14,7,1,5,4,5,7,4,4,3,4,4,2,17,43,2,9,1,1,C03,7,21,1,10,2,15,,43,43,1,22,9,C03,120.6724,24.169041,2
2023,3,11,15,47,臺中市,大甲區,0,0,0,,,,40,,,,,,,,,,,,,,,6,,,,,B11,,,1,,1,,,6,42,1,9,,B11,120.594398,24.335092,3
2023,3,11,15,50,臺中市,西屯區,0,2,0,8,1,5,50,4,1,1,5,4,5,7,1,1,4,3,4,2,16,42,3,10,1,1,B12,7,14,1,8,1,1,,42,42,1,22,8,B12,120.642725,24.198431,2
2023,3,11,15,51,臺中市,東勢區,0,1,0,8,1,5,50,4,1,1,5,4,5,7,1,1,10,5,5,2,17,26,2,9,1,1,C04,7,9,1,10,2,11,,26,26,1,21,9,C04,120.831445,24.256248,2