年,月,日,時,分,縣市,區,死,受傷,2-30,天候,光線,道路類別,速限,道路型態,事故位置,路面鋪裝,路面狀態,路面缺陷,障礙物,視距,號誌種類,號誌動作,分向設施,快車道或一般車道間,快慢車道間,路面邊線,事故類型及型態,主要肇因,受傷程度,主要傷處,保護裝備,行動電話,當事者區分,車輛用途,當事者行動狀態,駕駛資格情形,駕駛執照種類,飲酒情形,車輛撞擊部位最初,車輛撞擊部位其他,肇事因素個別,肇事因素主要,肇事逃逸,職業,旅次目的,車種,GPS緯度,GPS經度,事故類別
2023,3,12,0,1,臺中市,豐原區,0,2,0,8,3,5,50,4,1,1,5,4,5,7,1,1,1,2,5,2,16,23,2,9,1,1,C03,7,11,1,10,2,14,,10,23,1,22,8,C03,120.725262,24.254928,2
2023,3,12,0,29,臺中市,中區,0,1,0,8,3,5,50,4,7,1,5,4,5,7,1,1,5,4,4,2,16,6,3,10,1,1,B03,7,5,1,8,2,1,,6,6,1,22,9,B03,120.679881,24.146232,2
2023,3,12,0,37,臺中市,西屯區,0,1,0,8,3,5,50,3,2,1,5,4,5,7,4,4,1,4,5,2,12,7,3,10,1,1,B12,7,8,3,18,2,2,6,7,7,1,3,5,B12,120.61579,24.186011,2
2023,3,12,1,10,臺中市,北區,0,1,0,8,3,5,50,4,1,1,5,4,5,7,1,1,5,4,4,2,16,27,3,10,1,1,B03,7,6,1,8,2,6,,27,27,1,22,8,B03,120.679925,24.159241,2
2023,3,12,1,29,臺中市,西屯區,0,1,0,8,3,5,50,14,9,1,5,4,5,7,4,4,9,4,5,2,18,42,2,9,3,4,C03,7,9,1,10,2,14,,42,42,1,22,8,C03,120.653923,24.156261,2
2023,3,12,1,39,臺中市,烏日區,0,1,0,8,1,5,40,14,9,1,5,4,5,7,4,4,5,5,5,2,17,42,2,9,1,1,F03,7,9,8,20,2,16,,42,42,1,21,8,F03,120.647596,24.053951,2
2023,3,12,2,33,臺中市,龍井區,0,1,0,8,3,5,50,14,9,1,5,4,5,7,4,4,9,5,5,2,20,23,2,1,1,4,C03,7,9,2,18,2,11,,23,23,1,22,9,C03,120.573872,24.192041,2
2023,3,12,2,37,臺中市,大雅區,0,1,0,8,3,5,50,4,2,1,5,4,5,7,1,1,1,4,5,1,16,16,2,8,1,1,C03,7,9,1,10,2,14,,16,16,1,22,9,C03,120.646755,24.222637,2
2023,3,12,2,58,臺中市,北屯區,0,2,0,8,3,5,50,4,1,1,5,4,5,7,2,1,10,5,5,2,13,26,2,1,1,1,B03,7,9,1,7,7,8,,26,26,1,21,8,B03,120.701831,24.182039,2
2023,3,12,4,39,臺中市,北屯區,0,0,0,8,,,50,,,,,,,,,,,,,,,23,,,,,C03,,,1,,2,,,23,,1,22,,C03,120.688289,24.181779,3
2023,3,12,4,44,臺中市,東勢區,0,0,0,8,3,5,60,14,9,1,5,4,5,7,4,4,1,5,5,1,17,23,,,,,B12,,,1,,9,,,23,,1,22,,B12,120.833595,24.241401,3
2023,3,12,5,2,臺中市,太平區,0,0,0,8,,,40,,,,,,,,,,,,,,,23,,,,,B03,,,1,,11,,,23,,1,5,,B03,120.715303,24.149011,3
2023,3,12,5,15,臺中市,北區,0,0,0,,,,30,,,,,,,,,,,,,,,23,,,,,B03,,,1,,2,,,23,,1,21,,B03,120.695507,24.152649,3
2023,3,12,6,30,臺中市,西區,0,1,0,8,1,5,50,4,1,1,5,4,5,7,1,1,10,5,5,2,23,42,2,9,1,1,C03,7,9,1,10,2,14,,42,42,1,22,9,C03,120.668365,24.129905,2
2023,3,12,6,30,臺中市,烏日區,0,1,0,8,1,5,50,4,1,1,5,4,5,7,3,1,10,5,5,2,16,6,2,9,1,1,F01,7,9,8,20,2,16,,6,6,1,21,8,F01,120.61865,24.103128,2
2023,3,12,7,5,臺中市,潭子區,0,1,0,8,1,5,30,3,2,1,5,4,5,7,4,4,10,4,5,1,17,23,2,9,1,1,C03,7,6,1,10,2,12,,23,23,1,22,8,C03,120.728255,24.202859,2
2023,3,12,7,6,臺中市,西屯區,0,1,0,8,1,5,1,14,9,1,5,4,5,7,4,4,5,4,5,1,12,23,2,9,1,1,C03,7,9,1,10,2,12,14,23,23,1,22,8,C03,120.621343,24.190175,2
2023,3,12,7,18,臺中市,北屯區,0,0,0,8,,,50,,,,,,,,,,,,,,,17,,,,,B03,,,1,,2,,,17,,1,21,,B03,120.686415,24.189273,3
2023,3,12,7,27,臺中市,梧棲區,0,0,0,8,,,30,,,,,,,,,,,,,,,6,,,,,C03,,,1,,2,,,6,6,1,3,,C03,120.557992,24.258411,3
2023,3,12,7,45,臺中市,外埔區,0,2,0,8,1,5,30,3,2,1,5,4,4,2,4,4,5,4,5,2,16,23,2,9,1,1,C03,7,9,1,10,2,14,,23,23,1,4,8,C03,120.621332,24.335543,2
2023,3,12,7,48,臺中市,沙鹿區,0,0,0,8,1,5,40,14,8,1,5,4,5,7,4,4,1,4,1,1,18,42,2,9,1,1,C03,7,9,1,10,2,12,,42,42,1,22,8,C03,120.580769,24.198313,3
2023,3,12,8,5,臺中市,北區,0,1,0,8,1,5,50,4,1,1,5,4,5,7,1,1,10,5,5,2,18,43,2,9,1,1,C01,7,6,1,9,2,12,,43,43,1,22,9,C01,120.699678,24.160396,2
2023,3,12,8,15,臺中市,清水區,0,0,0,8,,,30,,,,,,,,,,,,,,,23,,,,,B12,,,1,,9,,,23,,1,4,,B12,120.598816,24.273329,3
2023,3,12,8,21,臺中市,南屯區,0,0,0,8,,,50,,,,,,,,,,,,,,,23,,,,,B03,,,1,,1,,,23,,1,22,,B03,120.617338,24.153381,3
2023,3,12,8,30,臺中市,清水區,0,1,0,8,1,5,50,14,9,1,5,4,5,7,4,4,9,5,5,2,16,23,2,9,1,1,C03,7,9,1,10,2,14,,23,23,1,21,8,C03,120.537127,24.267858,2
2023,3,12,8,33,臺中市,大雅區,0,0,0,8,,,30,,,,,,,,,,,,,,,6,,,,,B11,,,1,,2,,,6,,1,21,,B11,120.66159,24.226524,3
2023,3,12,8,33,臺中市,龍井區,0,1,0,8,1,5,30,14,9,1,5,4,5,7,4,4,10,5,5,2,18,44,2,9,3,4,C03,7,9,1,10,2,12,,44,44,1,19,6,C03,120.547623,24.192336,2
2023,3,12,8,38,臺中市,北屯區,0,2,0,8,1,5,50,3,2,1,5,4,5,7,2,1,10,5,5,2,16,1,3,10,1,1,B03,7,4,1,8,2,2,,1,1,1,21,8,B03,120.733753,24.169825,2
2023,3,12,8,42,臺中市,烏日區,0,1,0,8,1,5,50,14,9,1,5,4,5,7,4,4,9,5,5,1,16,26,3,10,1,1,B03,7,11,1,8,2,6,,26,26,1,22,8,B03,120.607929,24.117784,2
2023,3,12,8,48,臺中市,潭子區,0,0,0,8,,,30,,,,,,,,,,,,,,,23,,,,,B03,,,1,,2,,,23,,1,22,,B03,120.699746,24.199172,3
2023,3,12,8,48,臺中市,沙鹿區,0,0,0,8,,,50,,,,,,,,,,,,,,,23,,,,,B03,,,1,,2,,,23,,1,21,,B03,120.553262,24.217627,3
2023,3,12,8,55,臺中市,北區,0,1,0,8,1,5,50,3,2,1,5,4,5,7,4,4,7,5,5,2,18,9,2,9,3,4,C03,7,6,1,10,2,14,,9,9,1,22,9,C03,120.693183,24.157819,2
2023,3,12,8,55,臺中市,霧峰區,0,0,0,8,,,80,,,,,,,,,,,,,,,23,,,,,B03,,,1,,2,,,23,,1,18,,B03,120.684952,24.055141,3
2023,3,12,9,0,臺中市,大雅區,0,2,0,8,1,5,50,14,9,1,5,4,5,7,4,4,1,5,5,1,17,43,2,8,1,1,C03,7,9,1,10,2,14,,43,43,1,21,8,C03,120.668527,24.236426,2
2023,3,12,9,0,臺中市,大雅區,0,1,0,8,1,5,50,5,1,1,5,4,5,7,1,1,1,4,4,1,12,7,2,9,1,1,C03,7,7,1,10,2,11,,7,7,1,21,8,C03,120.666098,24.216898,2
2023,3,12,9,11,臺中市,中區,0,1,0,8,1,5,50,5,1,1,5,4,5,7,2,1,10,5,5,2,13,23,3,10,1,1,B03,7,9,1,8,2,5,,23,23,1,5,5,B03,120.681796,24.144577,2
2023,3,12,9,12,臺中市,北屯區,0,0,0,8,,,40,,,,,,,,,,,,,,,23,,,,,B11,,,1,,2,,,23,,1,22,,B11,120.686582,24.201323,3
2023,3,12,9,19,臺中市,沙鹿區,0,1,0,8,1,5,40,3,2,1,5,4,5,7,4,4,1,4,5,2,17,42,3,10,1,1,B03,7,15,1,8,2,1,,42,42,1,19,8,B03,120.580394,24.216074,2
2023,3,12,9,20,臺中市,豐原區,0,1,0,8,1,5,50,14,7,1,5,4,5,7,4,4,1,3,4,1,12,6,3,10,1,1,B12,7,6,1,8,1,3,,6,6,1,22,8,B12,120.748357,24.267051,2
2023,3,12,9,22,臺中市,西屯區,0,0,0,8,,,50,,,,,,,,,,,,,,,23,,,,,B02,,,1,,1,,,23,,1,22,,B02,120.656533,24.200724,3
2023,3,12,9,23,臺中市,龍井區,0,0,0,8,,,50,,,,,,,,,,,,,,,15,,,,,B03,,,1,,2,,,15,15,1,10,,B03,120.546041,24.192283,3
2023,3,12,9,25,臺中市,東區,0,2,0,8,1,5,50,14,7,1,5,4,5,7,4,4,9,4,4,2,16,16,2,8,1,1,C03,7,9,1,10,2,12,,16,16,1,22,8,C03,120.686927,24.129738,2
2023,3,12,9,40,臺中市,西屯區,0,1,0,8,1,5,50,4,1,1,5,4,5,7,2,1,10,5,5,2,12,7,3,10,1,1,B03,7,8,1,8,2,2,,7,7,1,22,8,B03,120.624776,24.181814,2
2023,3,12,9,49,臺中市,大里區,0,0,0,8,,,40,,,,,,,,,,,,,,,23,,,,,C03,,,1,,2,,,23,,1,3,,C03,120.703847,24.097263,3
2023,3,12,9,50,臺中市,西屯區,0,1,0,8,1,5,50,4,1,1,5,4,5,7,1,1,8,4,5,1,16,6,2,8,1,4,F01,7,5,8,20,1,16,,6,6,1,4,8,F01,120.640939,24.170539,2
2023,3,12,9,51,臺中市,西屯區,0,1,0,8,1,5,50,4,1,1,5,4,5,7,1,1,10,5,5,2,17,6,3,10,3,4,B12,7,6,1,8,2,5,,6,6,1,22,9,B12,120.642998,24.176988,2
2023,3,12,9,55,臺中市,大甲區,0,1,0,8,1,5,70,14,8,1,5,4,5,7,4,4,1,4,4,1,13,23,3,10,1,1,C03,7,9,1,10,2,12,,23,17,1,22,9,C03,120.605992,24.319532,2
2023,3,12,9,56,臺中市,南區,0,0,0,8,,,50,,,,,,,,,,,,,,,9,,,,,B03,,,1,,2,,,9,6,1,5,,B03,120.657348,24.13381,3
2023,3,12,9,57,臺中市,南區,0,3,0,8,1,5,50,4,1,1,5,4,5,7,1,1,10,5,5,2,16,25,2,9,1,1,C03,7,9,2,18,2,12,,25,25,1,22,9,C03,120.659055,24.113813,2
2023,3,12,10,3,臺中市,西屯區,1,0,0,8,1,5,50,4,1,1,5,4,5,7,1,1,1,4,5,2,21,42,1,1,1,1,C03,7,15,1,10,2,12,,42,42,1,22,8,C03,120.651823,24.17715,1
2023,3,12,10,5,臺中市,西屯區,0,0,0,8,,,50,,,,,,,,,,,,,,,7,,,,,C03,,,1,,1,,,7,,1,22,,C03,120.637918,24.180886,3
2023,3,12,10,15,臺中市,太平區,0,0,0,8,,,50,,,,,,,,,,,,,,,19,,,,,B03,,,1,,2,,,19,,1,21,,B03,120.726692,24.153705,3
2023,3,12,10,15,臺中市,后里區,0,2,0,8,1,5,30,4,2,1,5,4,5,7,4,4,4,4,5,2,16,6,2,9,1,1,C03,7,9,1,10,2,14,,6,6,1,4,8,C03,120.711749,24.305063,2
2023,3,12,10,17,臺中市,東區,0,0,0,,,,50,,,,,,,,,,,,,,,1,,,,,C03,,,1,,2,,,1,,1,5,,C03,120.692453,24.144146,3
2023,3,12,10,19,臺中市,北屯區,0,0,0,8,,,50,,,,,,,,,,,,,,,23,,,,,B03,,,1,,1,,,23,,1,22,,B03,120.680537,24.200824,3
2023,3,12,10,24,臺中市,南區,0,1,0,8,1,7,30,14,22,1,5,4,5,7,4,4,10,5,5,2,12,23,2,9,1,1,F01,7,9,8,20,2,16,,23,23,1,5,1,F01,120.656165,24.123649,2
2023,3,12,10,30,臺中市,西區,0,1,0,8,1,5,50,14,9,1,5,4,5,7,4,4,9,5,5,2,18,23,2,9,1,1,C03,7,9,1,10,2,14,,23,23,1,21,8,C03,120.668296,24.136997,2
2023,3,12,10,30,臺中市,北屯區,0,0,0,8,,,50,,,,,,,,,,,,,,,23,,,,,C03,,,1,,2,,,23,,1,22,,C03,120.702373,24.169853,3
2023,3,12,10,30,臺中市,烏日區,0,1,0,8,1,5,50,3,1,1,5,4,5,7,1,1,1,4,4,2,16,25,2,1,1,1,B12,7,5,1,8,2,5,,25,25,1,21,8,B12,120.641611,24.115441,2
2023,3,12,10,37,臺中市,南屯區,0,0,0,8,,,40,,,,,,,,,,,,,,,23,,,,,B12,,,1,,2,,,23,,1,5,,B12,120.615157,24.148464,3
2023,3,12,10,41,臺中市,霧峰區,0,1,0,8,1,5,30,14,9,1,5,4,5,7,4,4,10,5,5,1,17,19,3,10,3,4,B03,7,1,1,8,2,4,,19,19,1,12,8,B03,120.686493,24.038906,2
2023,3,12,10,42,臺中市,東區,0,0,0,,,,50,,,,,,,,,,,,,,,6,,,,,B03,,,1,,2,,,6,6,1,22,,B03,120.690005,24.133335,3
2023,3,12,10,42,臺中市,新社區,0,0,0,8,,,50,,,,,,,,,,,,,,,23,,,,,B03,,,1,,2,,,23,,1,22,,B03,120.798009,24.261409,3
2023,3,12,10,50,臺中市,西屯區,0,1,0,8,1,5,50,4,1,1,5,4,5,7,4,4,5,4,5,2,15,6,2,9,1,1,C03,7,9,1,10,2,11,,6,6,1,22,8,C03,120.612089,24.185346,2
2023,3,12,10,50,臺中市,霧峰區,0,1,0,7,1,5,40,14,8,1,5,4,5,7,1,1,1,5,1,1,23,23,2,9,1,1,C03,7,9,1,10,2,14,,23,23,1,22,8,C03,120.666573,24.083295,2
2023,3,12,10,58,臺中市,大肚區,0,0,0,8,,,50,,,,,,,,,,,,,,,26,,,,,C03,,,3,,2,,,26,,1,19,,C03,120.545719,24.15009,3
2023,3,12,10,59,臺中市,太平區,0,0,0,8,,,50,,,,,,,,,,,,,,,16,,,,,B03,,,1,,1,,,16,,1,22,,B03,120.714406,24.149378,3
2023,3,12,11,5,臺中市,烏日區,0,1,0,8,1,5,50,14,8,1,5,4,5,7,4,4,1,4,4,1,18,16,2,9,1,1,C03,7,9,1,10,2,15,,16,16,1,22,8,C03,120.640729,24.107507,2
2023,3,12,11,5,臺中市,清水區,0,1,0,8,1,5,50,3,7,1,5,4,5,7,4,4,5,5,4,2,16,26,3,10,1,1,B12,7,11,1,8,2,4,,26,26,1,21,8,B12,120.559168,24.280255,2
2023,3,12,11,6,臺中市,北屯區,0,0,0,,,,50,,,,,,,,,,,,,,,23,,,,,B03,,,1,,1,,,23,,1,22,,B03,120.675406,24.177081,3
2023,3,12,11,9,臺中市,北屯區,0,2,0,8,1,5,50,14,9,1,5,4,5,7,4,4,1,4,5,2,17,7,3,10,1,1,C03,7,7,1,10,2,13,,7,7,1,21,8,C03,120.670553,24.173924,2
2023,3,12,11,10,臺中市,大里區,0,0,0,8,,,40,,,,,,,,,,,,,,,23,,,,,B03,,,1,,2,,,23,,1,21,,B03,120.671663,24.102049,3
2023,3,12,11,10,臺中市,神岡區,0,1,0,8,1,5,50,3,1,1,5,4,3,5,4,4,10,5,5,2,16,6,3,10,1,1,B03,7,5,1,8,2,1,,6,6,1,22,9,B03,120.682246,24.251225,2
2023,3,12,11,13,臺中市,大甲區,0,0,0,8,,,30,,,,,,,,,,,,,,,12,,,,,B03,,,1,,1,,,12,12,1,22,,B03,120.653167,24.391124,3
2023,3,12,11,19,臺中市,北區,0,0,0,,,,50,,,,,,,,,,,,,,,42,,,,,B03,,,1,,11,,,42,,1,22,,B03,120.675785,24.163221,3
2023,3,12,11,19,臺中市,北屯區,0,4,0,8,1,5,50,4,1,1,5,4,5,7,2,1,10,5,5,2,16,6,2,9,1,1,B01,7,5,1,4,2,2,,6,6,1,21,8,B01,120.6683,24.198155,2
2023,3,12,11,19,臺中市,西屯區,0,1,0,8,1,5,50,14,7,1,5,4,5,7,4,4,5,4,4,2,13,16,2,7,1,1,C03,7,9,1,10,2,11,12,16,16,1,22,8,C03,120.649636,24.171148,2
2023,3,12,11,20,臺中市,大里區,0,0,0,8,,,50,,,,,,,,,,,,,,,23,,,,,C03,,,1,,1,,,23,,1,22,,C03,120.685155,24.11533,3
2023,3,12,11,21,臺中市,西區,0,0,0,,,,50,,,,,,,,,,,,,,,42,,,,,C03,,,1,,9,,,42,,1,5,,C03,120.668823,24.139266,3
2023,3,12,11,23,臺中市,豐原區,0,1,0,8,1,5,50,14,9,1,5,4,5,7,4,4,10,5,5,2,17,19,3,10,1,1,B03,7,1,1,8,2,1,,19,19,1,4,5,B03,120.71768,24.249555,2
2023,3,12,11,24,臺中市,后里區,0,1,0,8,1,5,50,4,2,1,5,4,4,7,1,1,4,3,4,1,18,23,2,9,1,1,C03,7,9,1,10,2,11,,23,23,1,4,8,C03,120.724277,24.316375,2
2023,3,12,11,30,臺中市,豐原區,0,0,0,,,,50,,,,,,,,,,,,,,,16,,,,,B03,,,1,,2,,,16,,1,22,,B03,120.755248,24.274258,3
2023,3,12,11,32,臺中市,北屯區,0,1,0,8,1,5,50,4,1,1,5,4,5,7,1,1,10,5,5,2,16,23,2,9,1,1,C03,7,9,3,18,2,14,,23,23,1,22,8,C03,120.724519,24.169472,2
2023,3,12,11,34,臺中市,西屯區,0,3,0,8,1,5,50,14,9,1,5,4,5,7,4,4,5,4,5,2,17,19,2,9,3,4,C03,7,1,1,10,2,14,,19,19,1,22,9,C03,120.625146,24.182313,2
2023,3,12,11,34,臺中市,大甲區,0,2,0,8,1,5,30,3,1,1,5,4,5,7,4,4,10,5,5,2,16,6,2,9,1,1,C03,7,5,1,10,2,11,,6,6,1,20,8,C03,120.636951,24.351777,2
2023,3,12,11,36,臺中市,南屯區,0,0,0,,,,50,,,,,,,,,,,,,,,23,,,,,B03,,,1,,1,,,23,,1,22,,B03,120.635631,24.143715,3
2023,3,12,11,37,臺中市,清水區,0,0,0,8,,,50,,,,,,,,,,,,,,,16,,,,,C03,,,1,,1,,,16,,1,21,,C03,120.560511,24.278657,3
2023,3,12,11,39,臺中市,北屯區,0,3,0,8,1,5,40,14,8,1,5,4,5,7,4,4,1,4,4,2,13,43,2,9,3,4,C03,7,9,1,10,2,11,,43,43,1,21,8,C03,120.660248,24.192245,2
2023,3,12,11,39,臺中市,太平區,0,2,0,8,1,5,50,3,1,1,5,4,5,7,4,4,10,4,5,1,16,10,2,8,1,1,C03,7,11,1,10,2,14,,10,10,1,22,5,C03,120.714409,24.126434,2
2023,3,12,11,40,臺中市,東區,0,0,0,8,,,50,,,,,,,,,,,,,,,19,,,,,C02,,,1,,1,,,19,,1,20,,C02,120.69275,24.142613,3
2023,3,12,11,42,臺中市,西屯區,0,1,0,8,1,5,50,3,1,1,5,4,5,7,1,1,10,5,5,2,12,23,3,10,1,1,C03,7,9,4,8,2,11,,23,23,1,22,8,C03,120.664281,24.173105,2
2023,3,12,11,43,臺中市,沙鹿區,0,0,0,8,1,5,30,11,9,1,5,4,5,7,4,4,7,5,5,2,18,42,2,9,1,1,C03,7,9,1,10,2,12,,42,42,1,4,8,C03,120.566339,24.240248,3
2023,3,12,11,45,臺中市,大里區,0,0,0,8,,,50,,,,,,,,,,,,,,,23,,,,,B03,,,1,,2,,,23,,1,21,,B03,120.688495,24.107932,3
2023,3,12,11,45,臺中市,太平區,0,0,0,8,,,50,,,,,,,,,,,,,,,16,,,,,B12,,,1,,2,,,16,,1,21,,B12,120.718028,24.133858,3
2023,3,12,11,49,臺中市,沙鹿區,0,0,0,8,,,40,,,,,,,,,,,,,,,19,,,,,B03,,,1,,2,,,19,,1,21,,B03,120.566482,24.251763,3
2023,3,12,11,50,臺中市,大里區,0,0,0,8,,,50,,,,,,,,,,,,,,,17,,,,,B03,,,1,,2,,,17,,1,22,,B03,120.681906,24.115103,3
2023,3,12,11,52,臺中市,潭子區,0,0,0,8,,,50,,,,,,,,,,,,,,,6,,,,,B03,,,1,,2,,,6,,1,22,,B03,120.701795,24.192054,3
2023,3,12,11,52,臺中市,豐原區,0,0,0,8,,,50,,,,,,,,,,,,,,,16,,,,,C02,,,4,,2,,,16,,1,22,,C02,120.728036,24.244769,3
2023,3,12,11,54,臺中市,西區,0,0,0,8,,,50,,,,,,,,,,,,,,,23,,,,,B03,,,1,,1,,,23,,1,21,,B03,120.672401,24.138948,3
2023,3,12,11,55,臺中市,北屯區,0,0,0,8,,,50,,,,,,,,,,,,,,,38,,,,,B12,,,1,,1,,,38,38,1,21,,B12,120.7176,24.175445,3
2023,3,12,11,57,臺中市,大甲區,0,2,0,8,1,5,50,3,1,1,5,4,5,7,4,4,9,5,5,1,3,51,2,7,4,5,H01,8,16,8,20,1,16,,51,51,1,20,8,H01,120.625286,24.348031,2
2023,3,12,11,58,臺中市,西屯區,0,1,0,8,1,5,50,3,18,1,5,4,5,7,2,1,10,5,5,2,3,15,3,10,1,1,B03,7,5,1,8,2,1,,15,15,1,22,8,B03,120.644939,24.182314,2
2023,3,12,12,7,臺中市,沙鹿區,0,0,0,8,,,50,,,,,,,,,,,,,,,12,,,,,B03,,,1,,2,,,12,,1,21,,B03,120.568972,24.228603,3
2023,3,12,12,9,臺中市,北屯區,0,0,0,8,,,50,,,,,,,,,,,,,,,23,,,,,B03,,,1,,1,,,23,,1,22,,B03,120.680633,24.173398,3
2023,3,12,12,9,臺中市,太平區,0,0,0,8,,,50,,,,,,,,,,,,,,,16,,,,,B03,,,1,,2,,,16,,1,22,,B03,120.715513,24.133527,3
2023,3,12,12,12,臺中市,北屯區,0,0,0,8,,,50,,,,,,,,,,,,,,,23,,,,,F06,,,1,,1,,,23,,1,22,,F06,120.671568,24.174201,3
2023,3,12,12,14,臺中市,西區,0,0,0,,,,50,,,,,,,,,,,,,,,23,,,,,B03,,,1,,1,,,23,,1,4,,B03,120.663931,24.1549,3
2023,3,12,12,15,臺中市,清水區,0,1,0,8,1,5,50,3,1,1,5,4,5,7,4,4,10,5,5,2,16,10,3,10,1,1,B03,7,11,1,8,2,4,,10,10,1,21,8,B03,120.569676,24.275339,2
2023,3,12,12,25,臺中市,大里區,0,1,0,8,1,5,50,4,1,1,5,4,5,7,1,1,10,5,5,2,11,6,3,10,1,1,B01,7,5,1,4,2,8,,6,6,1,10,8,B01,120.674383,24.114919,2
2023,3,12,12,25,臺中市,沙鹿區,0,1,0,8,1,5,50,4,1,1,5,4,5,7,4,4,9,5,5,2,15,6,3,10,1,1,B03,7,9,1,8,2,5,,6,6,1,4,8,B03,120.567117,24.254776,2
2023,3,12,12,27,臺中市,南屯區,0,0,0,,,,50,,,,,,,,,,,,,,,19,,,,,B03,,,1,,1,,,19,,1,22,,B03,120.625897,24.151678,3
2023,3,12,12,30,臺中市,烏日區,0,3,0,8,1,5,40,4,1,1,5,4,5,7,1,1,1,4,4,2,12,7,2,9,1,1,C03,7,7,1,10,2,14,,7,7,1,21,8,C03,120.640411,24.116672,2
2023,3,12,12,32,臺中市,南屯區,0,0,0,8,,,1,,,,,,,,,,,,,,,12,,,,,B03,,,1,,1,,,12,,1,5,,B03,120.612346,24.135524,3
2023,3,12,12,32,臺中市,南屯區,0,2,0,8,1,5,50,14,9,1,5,4,5,7,4,4,10,5,5,2,17,42,2,9,3,4,C03,7,9,1,10,2,11,,42,42,1,22,9,C03,120.63635,24.137127,2
2023,3,12,12,33,臺中市,大里區,0,2,0,8,1,5,40,3,1,1,5,4,5,7,4,4,10,5,5,2,16,23,3,10,1,1,C03,7,5,1,10,2,14,,8,23,1,3,8,C03,120.699823,24.08904,2
2023,3,12,12,34,臺中市,南屯區,0,0,0,,,,50,,,,,,,,,,,,,,,16,,,,,C03,,,1,,1,,,16,,1,22,,C03,120.637415,24.142671,3
2023,3,12,12,40,臺中市,潭子區,0,2,0,8,1,5,50,3,1,1,5,4,5,7,3,1,10,5,5,2,16,8,2,9,1,1,C03,7,5,1,10,2,12,,8,8,1,21,8,C03,120.707179,24.210329,2
2023,3,12,12,40,臺中市,潭子區,0,1,0,8,1,5,50,14,12,1,5,4,5,7,4,4,1,4,4,1,17,1,2,9,1,1,C03,7,9,1,10,2,14,,1,1,1,16,8,C03,120.704191,24.215959,2
2023,3,12,12,42,臺中市,大里區,0,1,0,8,1,5,50,14,9,1,5,4,5,7,4,4,5,5,5,1,17,19,3,10,3,4,B03,7,1,1,8,2,8,,19,19,1,12,8,B03,120.700181,24.089003,2
2023,3,12,12,44,臺中市,北屯區,0,0,0,8,,,50,,,,,,,,,,,,,,,16,,,,,C03,,,1,,1,,,16,,1,21,,C03,120.714241,24.17366,3
2023,3,12,12,46,臺中市,北屯區,0,0,0,,,,50,,,,,,,,,,,,,,,26,,,,,B12,,,1,,1,,,26,,1,21,,B12,120.708418,24.186605,3
2023,3,12,12,50,臺中市,北區,0,1,0,8,1,5,50,14,9,1,5,4,5,7,4,4,5,4,5,2,13,16,2,9,1,1,C03,7,9,1,10,2,11,,16,16,1,20,8,C03,120.681166,24.160975,2
2023,3,12,12,51,臺中市,沙鹿區,0,0,0,8,,,50,,,,,,,,,,,,,,,26,,,,,B03,,,1,,2,,,26,26,1,21,,B03,120.566712,24.203021,3
2023,3,12,12,53,臺中市,太平區,0,1,0,8,1,5,40,11,9,1,5,4,5,7,4,4,4,4,5,1,18,23,2,9,1,1,C01,7,9,1,9,2,14,,23,23,1,22,5,C01,120.808065,24.095749,2
2023,3,12,12,54,臺中市,西區,0,0,0,8,,,50,,,,,,,,,,,,,,,42,,,,,B03,,,1,,1,,,42,,1,21,,B03,120.653964,24.146718,3
2023,3,12,13,0,臺中市,大里區,0,0,0,8,,,50,,,,,,,,,,,,,,,23,,,,,B12,,,1,,2,,,23,,1,22,,B12,120.674333,24.102418,3
2023,3,12,13,1,臺中市,太平區,0,1,0,8,1,5,50,3,1,1,5,4,5,7,4,4,10,5,5,2,16,26,2,9,1,1,C03,7,9,1,10,2,11,,26,26,1,22,5,C03,120.724395,24.111417,2
2023,3,12,13,4,臺中市,西屯區,0,1,0,8,1,5,50,4,4,1,5,4,5,7,1,1,1,4,1,2,13,23,3,10,1,1,C03,7,9,1,10,2,11,,23,23,1,22,8,C03,120.621138,24.183663,2
2023,3,12,13,5,臺中市,潭子區,0,0,0,8,,,50,,,,,,,,,,,,,,,23,,,,,B03,,,1,,2,,,23,,1,22,,B03,120.702037,24.200944,3
2023,3,12,13,5,臺中市,南區,0,1,0,8,1,5,50,14,8,1,5,4,5,7,4,4,1,4,4,2,17,23,3,10,1,1,C03,7,9,6,18,2,15,,44,23,1,22,8,C03,120.652152,24.118905,2
2023,3,12,13,8,臺中市,太平區,0,1,0,8,1,5,50,3,1,1,5,4,5,7,2,1,10,5,5,2,16,6,3,10,1,1,B12,7,5,1,8,2,8,,6,6,1,21,8,B12,120.730052,24.150157,2
2023,3,12,13,9,臺中市,西區,0,1,0,8,1,5,1,14,9,1,5,4,5,7,4,4,9,5,5,2,2,60,2,7,4,5,H01,8,16,8,20,10,16,,60,60,1,22,9,H01,120.67322,24.136882,2
2023,3,12,13,9,臺中市,神岡區,0,0,0,8,,,50,,,,,,,,,,,,,,,23,,,,,B03,,,1,,2,,,23,,1,22,,B03,120.710272,24.260452,3