年,月,日,時,分,縣市,區,死,受傷,2-30,天候,光線,道路類別,速限,道路型態,事故位置,路面鋪裝,路面狀態,路面缺陷,障礙物,視距,號誌種類,號誌動作,分向設施,快車道或一般車道間,快慢車道間,路面邊線,事故類型及型態,主要肇因,受傷程度,主要傷處,保護裝備,行動電話,當事者區分,車輛用途,當事者行動狀態,駕駛資格情形,駕駛執照種類,飲酒情形,車輛撞擊部位最初,車輛撞擊部位其他,肇事因素個別,肇事因素主要,肇事逃逸,職業,旅次目的,車種,GPS緯度,GPS經度,事故類別
2023,3,14,16,0,臺中市,西屯區,0,0,0,,,,30,,,,,,,,,,,,,,,23,,,,,B03,,,1,,1,,,44,23,1,22,,B03,120.651201,24.166899,3
2023,3,14,16,0,臺中市,外埔區,0,1,0,8,1,5,30,3,2,1,5,4,5,7,4,4,5,5,5,2,13,23,3,10,1,1,A42,7,9,1,7,2,8,,23,23,1,4,8,A42,120.70193,24.353844,2
2023,3,14,16,0,臺中市,大甲區,0,0,0,,,,30,,,,,,,,,,,,,,,23,,,,,B03,,,1,,1,,,23,23,1,22,,B03,120.615414,24.356825,3
2023,3,14,16,4,臺中市,南屯區,0,0,0,8,,,50,,,,,,,,,,,,,,,12,,,,,B03,,,1,,1,,,12,,1,22,,B03,120.614173,24.148358,3
2023,3,14,16,9,臺中市,太平區,0,1,0,8,1,5,40,14,12,1,5,4,5,7,4,4,5,4,4,1,29,42,2,9,1,1,C03,7,9,1,10,2,14,11,42,42,1,22,8,C03,120.708117,24.159472,2
2023,3,14,16,10,臺中市,龍井區,0,0,0,8,,,50,,,,,,,,,,,,,,,23,,,,,B03,,,1,,2,,,23,,1,5,,B03,120.524823,24.211113,3
2023,3,14,16,13,臺中市,北區,0,0,0,8,,,50,,,,,,,,,,,,,,,16,,,,,B03,,,1,,11,,,16,,1,22,,B03,120.685395,24.152786,3
2023,3,14,16,19,臺中市,神岡區,0,1,0,8,1,5,50,3,1,1,5,3,5,7,4,4,5,5,5,1,17,26,3,10,1,1,B03,7,5,1,8,2,15,,26,26,1,21,8,B03,120.648003,24.258101,2
2023,3,14,16,20,臺中市,中區,0,1,0,8,1,5,50,4,1,1,5,4,5,7,2,1,10,5,5,2,16,6,3,10,1,1,B01,7,6,1,1,2,6,,6,6,1,10,9,B01,120.677642,24.144083,2
2023,3,14,16,26,臺中市,南屯區,0,1,0,8,1,5,50,4,2,1,5,4,5,7,2,1,1,4,5,2,16,23,2,9,1,1,C03,7,9,1,10,2,11,,23,23,1,22,8,C03,120.646712,24.150935,2
2023,3,14,16,27,臺中市,南屯區,0,0,0,,,,50,,,,,,,,,,,,,,,12,,,,,A12,,,1,,9,,,12,,1,22,,A12,120.624006,24.145505,3
2023,3,14,16,29,臺中市,豐原區,0,0,0,8,,,60,,,,,,,,,,,,,,,16,,,,,B12,,,1,,2,,,16,,1,21,,B12,120.703309,24.243145,3
2023,3,14,16,30,臺中市,霧峰區,0,0,0,8,,,60,,,,,,,,,,,,,,,44,,,,,C03,,,1,,2,,,44,,1,22,,C03,120.693629,24.049201,3
2023,3,14,16,30,臺中市,大里區,0,1,0,8,1,5,50,4,2,1,5,4,5,7,3,1,5,5,5,1,13,23,3,10,1,1,B12,7,9,1,8,2,1,,23,23,1,6,3,B12,120.666275,24.11235,2
2023,3,14,16,32,臺中市,潭子區,0,1,0,8,1,5,50,4,1,1,5,4,5,7,1,1,1,4,4,1,17,23,2,7,1,1,C03,7,4,1,10,2,12,,23,17,1,22,8,C03,120.70515,24.215575,2
2023,3,14,16,36,臺中市,后里區,0,6,0,8,1,5,50,4,1,1,5,4,5,7,1,1,1,4,5,1,16,6,2,9,1,1,B03,7,5,1,8,2,8,,6,6,1,21,8,B03,120.701905,24.324258,2
2023,3,14,16,37,臺中市,東區,0,0,0,8,,,50,,,,,,,,,,,,,,,23,,,,,C03,,,1,,2,,,23,,1,5,,C03,120.707444,24.14283,3
2023,3,14,16,38,臺中市,西屯區,0,0,0,8,,,30,,,,,,,,,,,,,,,12,,,,,B12,,,1,,2,,,12,,1,22,,B12,120.634993,24.189155,3
2023,3,14,16,39,臺中市,豐原區,0,0,0,,,,50,,,,,,,,,,,,,,,23,,,,,B03,,,1,,2,,,23,,1,22,,B03,120.73378,24.254867,3
2023,3,14,16,43,臺中市,太平區,0,2,0,8,1,5,50,14,7,1,5,4,5,7,4,4,5,5,5,1,16,19,2,8,1,1,C03,7,1,1,10,2,14,,19,19,1,10,7,C03,120.729265,24.107078,2
2023,3,14,16,46,臺中市,北區,0,0,0,,,,50,,,,,,,,,,,,,,,16,,,,,B03,,,1,,1,,,16,,1,21,,B03,120.67558,24.150015,3
2023,3,14,16,49,臺中市,西屯區,0,1,0,8,1,5,50,3,1,1,5,4,5,7,1,1,10,5,5,2,16,8,2,8,1,4,C03,7,5,1,10,2,14,,8,8,1,22,8,C03,120.590653,24.175283,2
2023,3,14,16,53,臺中市,大里區,0,0,0,8,,,50,,,,,,,,,,,,,,,16,,,,,B12,,,1,,2,,,16,,1,10,,B12,120.701568,24.096122,3
2023,3,14,16,54,臺中市,清水區,0,1,0,8,1,5,50,4,1,1,5,4,5,7,1,1,8,3,3,1,16,26,3,10,1,1,B03,7,6,1,8,2,5,,26,26,1,21,8,B03,120.558483,24.273392,2
2023,3,14,16,55,臺中市,南區,0,2,0,8,1,5,50,4,1,1,5,4,5,7,1,1,10,5,5,2,16,42,2,9,1,1,C03,7,5,1,10,2,14,,42,42,1,22,8,C03,120.646663,24.110379,2
2023,3,14,16,55,臺中市,西屯區,0,1,0,8,1,5,50,14,9,1,5,4,5,7,4,4,1,4,5,2,16,7,3,10,1,1,B03,7,7,1,8,2,4,,7,7,1,4,8,B03,120.612856,24.186883,2
2023,3,14,17,0,臺中市,西屯區,0,1,0,8,1,5,30,13,9,1,5,4,5,7,4,4,10,5,5,2,16,8,3,10,1,1,C03,7,5,1,10,2,11,,8,8,1,21,8,C03,120.648117,24.176553,2
2023,3,14,17,0,臺中市,大肚區,0,1,0,8,1,5,50,11,9,1,5,4,5,7,4,4,5,5,5,1,18,42,2,9,1,1,C03,7,6,2,18,2,12,,42,42,1,22,8,C03,120.574177,24.151738,2
2023,3,14,17,1,臺中市,太平區,0,1,0,8,1,5,50,3,1,1,5,4,5,7,4,4,5,5,5,2,16,6,3,10,1,1,B12,7,5,1,8,2,2,,6,6,1,21,8,B12,120.703455,24.113205,2
2023,3,14,17,1,臺中市,清水區,0,1,0,8,1,5,40,14,8,1,5,4,5,7,4,4,5,5,4,2,17,40,3,10,2,1,B03,7,13,1,8,2,4,,40,40,1,5,5,B03,120.575875,24.264368,2
2023,3,14,17,2,臺中市,西屯區,0,0,0,8,,,50,,,,,,,,,,,,,,,12,,,,,A12,,,1,,1,,,12,,1,22,,A12,120.625792,24.184147,3
2023,3,14,17,5,臺中市,豐原區,0,0,0,8,,,40,,,,,,,,,,,,,,,12,,,,,B03,,,1,,2,,,12,,1,22,,B03,120.724433,24.225941,3
2023,3,14,17,6,臺中市,太平區,0,2,0,8,1,5,50,4,1,1,5,4,5,7,4,4,10,5,5,2,15,6,2,9,3,4,C03,7,9,6,18,2,11,,6,6,1,9,8,C03,120.718211,24.148104,2
2023,3,14,17,8,臺中市,北屯區,0,0,0,8,,,50,,,,,,,,,,,,,,,23,,,,,C03,,,1,,1,,,23,,1,21,,C03,120.674449,24.174079,3
2023,3,14,17,10,臺中市,太平區,0,1,0,8,1,5,50,4,1,1,5,4,5,7,1,1,5,5,5,2,16,9,3,10,1,1,B03,7,6,1,8,2,4,,9,9,1,21,8,B03,120.705007,24.159455,2
2023,3,14,17,10,臺中市,豐原區,0,1,0,8,1,5,50,14,8,1,5,4,5,7,4,4,5,4,4,2,18,42,2,1,2,1,F02,7,9,8,20,1,16,,42,42,1,22,8,F02,120.707715,24.244463,2
2023,3,14,17,12,臺中市,西屯區,0,1,0,8,1,5,50,3,2,1,5,4,5,7,4,4,1,4,5,2,13,42,2,9,3,4,C03,7,12,1,10,2,11,,42,23,1,22,8,C03,120.655456,24.169543,2
2023,3,14,17,13,臺中市,豐原區,0,0,0,8,1,5,50,14,13,1,5,4,5,7,4,4,5,5,5,1,13,23,3,10,1,1,C03,7,9,1,10,2,11,,23,23,1,5,1,C03,120.731569,24.249958,3
2023,3,14,17,15,臺中市,外埔區,0,1,0,8,1,5,50,11,7,1,5,4,5,7,4,4,4,4,4,1,18,23,2,9,1,1,F01,7,9,8,20,2,16,,23,23,1,4,8,F01,120.645799,24.337471,2
2023,3,14,17,20,臺中市,北屯區,0,1,0,8,1,5,50,14,9,1,5,4,5,7,4,4,5,4,5,2,18,23,2,9,1,1,C03,7,15,1,10,2,12,,23,23,1,22,8,C03,120.709118,24.171055,2
2023,3,14,17,20,臺中市,霧峰區,0,2,0,8,1,5,40,14,9,1,5,4,5,7,4,4,5,5,5,1,17,23,2,9,1,1,C03,7,9,1,10,2,11,,23,23,1,22,8,C03,120.683765,24.065551,2
2023,3,14,17,21,臺中市,大里區,0,0,0,8,1,5,30,15,22,1,5,4,5,7,4,4,10,5,5,2,14,12,,,,,B03,,,1,,2,,,12,,1,22,,B03,120.678341,24.078405,3
2023,3,14,17,22,臺中市,龍井區,0,2,0,8,1,5,30,4,1,1,5,4,5,7,4,4,10,5,5,1,15,6,2,9,1,1,C03,7,9,1,10,2,12,,6,6,1,5,1,C03,120.540945,24.21335,2
2023,3,14,17,23,臺中市,大雅區,0,2,0,8,2,5,50,3,1,1,5,4,5,7,4,4,10,4,5,1,17,16,2,9,1,1,C03,7,4,1,10,2,11,,16,16,1,22,9,C03,120.674832,24.223317,2
2023,3,14,17,23,臺中市,南屯區,0,0,0,8,,,50,,,,,,,,,,,,,,,26,,,,,B03,,,1,,1,,,26,,1,22,,B03,120.62463,24.151191,3
2023,3,14,17,24,臺中市,北屯區,0,0,0,8,,,50,,,,,,,,,,,,,,,12,,,,,B03,,,1,,1,,,12,,1,22,,B03,120.687016,24.177602,3
2023,3,14,17,25,臺中市,南區,0,0,0,8,1,5,50,4,1,1,5,4,5,7,4,4,10,5,5,2,15,6,3,10,1,1,C03,7,9,1,10,2,12,,6,6,1,22,8,C03,120.673111,24.127394,3
2023,3,14,17,27,臺中市,東區,0,1,0,8,1,5,50,3,1,1,5,4,5,7,4,4,10,5,5,2,16,6,3,10,1,1,B03,7,9,1,8,2,2,,6,6,1,22,8,B03,120.699831,24.13671,2
2023,3,14,17,29,臺中市,太平區,0,2,0,8,1,5,30,4,1,1,5,4,5,7,4,4,10,5,5,2,15,6,2,9,3,4,C03,7,9,1,10,2,11,,6,6,1,9,8,C03,120.723067,24.151394,2
2023,3,14,17,29,臺中市,烏日區,0,1,0,8,1,5,50,14,8,1,5,4,5,7,1,1,1,4,1,1,17,44,2,9,1,1,C03,7,9,1,10,2,13,,44,7,1,22,8,C03,120.587287,24.113192,2
2023,3,14,17,30,臺中市,南區,0,2,0,8,1,5,50,14,7,1,5,4,4,7,4,4,5,4,5,2,12,19,2,9,1,1,C03,7,1,1,10,2,11,,19,19,1,22,8,C03,120.666601,24.119779,2
2023,3,14,17,30,臺中市,南屯區,0,1,0,8,1,5,40,14,8,1,5,4,5,7,4,4,5,4,4,2,12,40,3,10,1,1,B03,7,13,1,8,2,4,,40,40,1,22,9,B03,120.611629,24.147741,2
2023,3,14,17,30,臺中市,北屯區,0,1,0,8,1,5,50,3,1,1,5,4,5,7,1,1,10,5,5,2,16,6,3,10,1,1,B03,7,6,1,8,2,5,,6,6,1,21,8,B03,120.688563,24.183741,2
2023,3,14,17,30,臺中市,北屯區,0,3,0,8,1,5,50,4,2,1,5,4,5,7,1,1,5,5,5,2,13,23,2,9,1,1,C03,7,9,1,10,2,11,,23,23,1,21,8,C03,120.658774,24.178095,2
2023,3,14,17,30,臺中市,神岡區,0,2,0,8,1,5,40,14,7,1,5,3,3,7,4,4,5,5,4,2,16,19,2,8,1,1,C03,7,1,1,10,2,14,,19,19,1,22,8,C03,120.703775,24.262101,2
2023,3,14,17,31,臺中市,西區,0,1,0,8,1,5,50,5,9,1,5,4,5,7,2,1,1,4,5,2,16,23,2,9,1,1,C03,7,9,1,10,2,11,,23,23,1,5,8,C03,120.672019,24.131402,2
2023,3,14,17,34,臺中市,北屯區,0,1,0,8,1,5,50,14,9,1,5,4,3,7,4,4,5,4,5,2,17,23,2,9,3,4,C03,7,14,1,10,2,15,,44,23,1,18,8,C03,120.709168,24.170988,2
2023,3,14,17,36,臺中市,南屯區,0,1,0,8,1,5,50,14,9,1,5,4,5,7,4,4,1,4,5,2,17,23,3,10,1,1,B03,7,6,1,8,2,15,,42,23,1,22,8,B03,120.646327,24.135376,2
2023,3,14,17,38,臺中市,東區,0,0,0,8,,,50,,,,,,,,,,,,,,,43,,,,,B03,,,1,,2,,,44,43,1,22,,B03,120.699913,24.150743,3
2023,3,14,17,39,臺中市,南區,0,1,0,8,2,5,50,4,2,1,5,4,5,7,1,1,10,5,5,2,3,51,2,7,4,5,H01,8,16,8,20,11,16,,51,51,1,22,8,H01,120.648907,24.119279,2
2023,3,14,17,39,臺中市,太平區,0,1,0,8,1,5,50,3,1,1,5,4,5,7,4,4,10,5,5,2,13,16,2,9,1,1,C03,7,9,1,10,2,11,,16,16,1,19,7,C03,120.711233,24.152184,2
2023,3,14,17,44,臺中市,南屯區,0,1,0,8,1,5,30,11,9,1,5,4,5,7,4,4,10,5,5,2,18,23,2,9,1,1,C03,7,9,1,10,2,14,,23,23,1,22,8,C03,120.599641,24.143762,2
2023,3,14,17,45,臺中市,大雅區,0,2,0,8,2,5,30,4,1,1,5,4,5,7,3,1,10,5,5,1,15,6,2,8,1,1,C03,7,9,1,10,2,14,,6,6,1,22,9,C03,120.630991,24.220079,2
2023,3,14,17,45,臺中市,大里區,0,0,0,8,,,50,,,,,,,,,,,,,,,16,,,,,C03,,,1,,1,,,16,,1,5,,C03,120.679841,24.115802,3
2023,3,14,17,45,臺中市,大里區,0,0,0,8,,,30,,,,,,,,,,,,,,,5,,,,,C03,,,1,,2,,,5,,1,5,,C03,120.666292,24.104838,3
2023,3,14,17,47,臺中市,潭子區,0,1,0,8,2,5,50,10,9,1,5,4,5,7,4,4,1,4,5,1,13,16,2,8,1,1,C03,7,9,1,10,2,11,,16,16,1,22,8,C03,120.712866,24.20065,2
2023,3,14,17,47,臺中市,大甲區,0,0,0,,,,60,,,,,,,,,,,,,,,23,,,,,B03,,,1,,1,,,23,23,1,21,,B03,120.651184,24.374654,3
2023,3,14,17,50,臺中市,沙鹿區,0,1,0,8,1,5,50,4,1,1,5,4,5,7,4,4,10,5,5,2,16,6,2,8,1,1,C03,7,5,1,10,2,11,,6,6,1,10,9,C03,120.560901,24.241563,2
2023,3,14,17,53,臺中市,西屯區,0,1,0,8,2,5,40,4,1,1,5,4,5,7,2,1,10,5,5,2,13,16,2,9,1,1,C03,7,9,1,10,1,11,,16,16,1,22,8,C03,120.639015,24.165046,2
2023,3,14,17,53,臺中市,西屯區,0,2,0,8,2,5,40,14,7,1,5,4,5,7,4,4,5,5,3,2,14,12,3,10,1,1,C03,7,2,1,10,1,15,,12,12,1,4,8,C03,120.660311,24.164642,2
2023,3,14,17,55,臺中市,北區,0,1,0,8,1,5,50,3,1,1,5,4,5,7,1,1,5,4,5,2,17,8,3,10,1,1,B03,7,5,1,8,2,15,,8,8,1,22,8,B03,120.680855,24.163191,2
2023,3,14,17,55,臺中市,西屯區,0,0,0,8,,,50,,,,,,,,,,,,,,,42,,,,,B03,,,1,,1,,,42,,1,22,,B03,120.651798,24.176718,3
2023,3,14,17,55,臺中市,豐原區,0,1,0,8,3,5,50,14,9,1,5,4,5,7,4,4,4,3,5,1,13,16,2,9,1,1,C03,7,9,1,10,2,14,,16,16,1,22,8,C03,120.724156,24.223186,2
2023,3,14,17,57,臺中市,西屯區,0,1,0,8,1,5,50,4,1,1,5,4,5,7,4,4,10,5,5,2,16,6,3,10,1,1,B03,7,5,1,8,2,2,,6,6,1,4,8,B03,120.584398,24.173167,2
2023,3,14,17,58,臺中市,太平區,0,0,0,8,,,50,,,,,,,,,,,,,,,19,,,,,B03,,,1,,2,,,19,,1,9,,B03,120.714743,24.12482,3
2023,3,14,18,0,臺中市,南屯區,0,0,0,8,,,50,,,,,,,,,,,,,,,6,,,,,B03,,,1,,1,,,6,6,1,22,,B03,120.646982,24.141837,3
2023,3,14,18,2,臺中市,大里區,0,0,0,8,,,50,,,,,,,,,,,,,,,6,,,,,B03,,,1,,2,,,6,,1,4,,B03,120.688741,24.091448,3
2023,3,14,18,4,臺中市,太平區,0,1,0,8,1,5,50,3,1,1,5,4,5,7,4,4,10,5,5,2,18,43,2,9,1,1,C03,7,9,1,10,1,14,,43,43,1,22,1,C03,120.728458,24.114211,2
2023,3,14,18,5,臺中市,潭子區,0,0,0,8,,,80,,,,,,,,,,,,,,,7,,,,,B03,,,1,,2,,,7,,1,22,,B03,120.696555,24.201,3
2023,3,14,18,5,臺中市,北屯區,0,0,0,8,,,50,,,,,,,,,,,,,,,18,,,,,B03,,,1,,1,,,18,,1,22,,B03,120.683965,24.174666,3
2023,3,14,18,6,臺中市,大里區,0,0,0,8,,,50,,,,,,,,,,,,,,,10,,,,,B03,,,1,,1,,,10,,1,22,,B03,120.685806,24.108945,3
2023,3,14,18,7,臺中市,東區,0,1,0,8,2,5,50,4,1,1,5,4,5,7,1,1,10,5,5,2,16,8,3,10,1,1,B03,7,5,1,8,2,2,,8,8,1,9,8,B03,120.699713,24.14458,2
2023,3,14,18,8,臺中市,潭子區,0,1,0,8,2,5,60,4,1,1,5,4,5,7,1,1,10,5,5,2,12,16,2,9,1,1,C03,7,9,1,10,2,11,,16,16,1,22,8,C03,120.70515,24.215575,2
2023,3,14,18,9,臺中市,西屯區,0,1,0,8,3,5,70,3,7,1,5,4,5,7,2,1,1,2,1,2,13,23,3,10,1,1,B03,7,9,1,8,1,1,,23,23,1,22,8,B03,120.615268,24.182938,2
2023,3,14,18,10,臺中市,大雅區,0,0,0,8,,,60,,,,,,,,,,,,,,,23,,,,,B03,,,1,,2,,,23,,1,22,,B03,120.6347,24.236528,3
2023,3,14,18,16,臺中市,南屯區,0,0,0,8,,,50,,,,,,,,,,,,,,,17,,,,,B03,,,1,,1,,,17,,1,22,,B03,120.647541,24.129618,3
2023,3,14,18,17,臺中市,南屯區,0,0,0,,,,50,,,,,,,,,,,,,,,26,,,,,B03,,,1,,1,,,26,,1,22,,B03,120.626061,24.148516,3
2023,3,14,18,17,臺中市,西屯區,0,0,0,8,,,30,,,,,,,,,,,,,,,23,,,,,B03,,,1,,1,,,23,,1,22,,B03,120.64823,24.182586,3
2023,3,14,18,18,臺中市,西區,0,2,0,8,1,5,50,4,1,1,5,4,5,7,3,1,10,5,5,2,16,6,2,9,1,1,C03,7,5,1,10,2,12,,6,6,1,4,5,C03,120.665098,24.132138,2
2023,3,14,18,18,臺中市,西屯區,0,0,0,8,,,50,,,,,,,,,,,,,,,16,,,,,C03,,,1,,1,,,16,,1,22,,C03,120.652745,24.159744,3
2023,3,14,18,19,臺中市,西區,0,0,0,8,,,50,,,,,,,,,,,,,,,23,,,,,B02,,,1,,1,,,23,23,1,4,,B02,120.666907,24.153208,3
2023,3,14,18,23,臺中市,西屯區,0,3,0,8,3,5,50,4,1,1,5,4,5,7,2,1,10,5,5,2,16,6,2,8,1,1,C03,7,5,1,10,2,11,,6,6,1,22,8,C03,120.652392,24.166566,2
2023,3,14,18,25,臺中市,沙鹿區,0,1,0,8,3,5,40,14,8,1,5,4,5,7,4,4,1,4,1,1,17,19,3,10,1,1,B03,7,1,1,8,2,8,,19,19,1,3,5,B03,120.572113,24.232797,2
2023,3,14,18,29,臺中市,清水區,0,2,0,8,2,5,30,4,1,1,5,4,5,7,4,4,9,5,5,2,15,6,2,9,1,1,C03,7,9,1,10,2,11,,6,6,1,21,8,C03,120.573264,24.269988,2
2023,3,14,18,30,臺中市,大里區,0,1,0,8,3,5,50,4,1,1,5,4,5,7,1,1,10,5,5,2,16,9,3,10,1,1,B03,7,6,1,8,2,6,,9,9,1,5,1,B03,120.674966,24.1033,2
2023,3,14,18,32,臺中市,西區,0,0,0,8,,,50,,,,,,,,,,,,,,,23,,,,,B03,,,1,,1,,,23,,1,2,,B03,120.672847,24.148184,3
2023,3,14,18,40,臺中市,南區,0,1,0,8,3,5,50,4,1,1,5,4,5,7,1,1,10,5,5,2,17,23,3,10,1,1,B03,7,6,1,8,2,1,,23,23,1,22,8,B03,120.670095,24.119043,2
2023,3,14,18,40,臺中市,西屯區,0,0,0,8,,,40,,,,,,,,,,,,,,,42,,,,,C03,,,1,,1,,,42,,1,4,,C03,120.64442,24.165269,3
2023,3,14,18,46,臺中市,東區,0,2,0,8,3,5,50,14,22,1,5,4,5,7,4,4,9,5,5,2,9,42,2,9,1,1,C03,7,9,1,10,2,11,,42,23,1,22,8,C03,120.709488,24.149056,2
2023,3,14,18,53,臺中市,太平區,0,1,0,8,3,5,80,10,7,1,5,4,5,7,4,4,2,4,5,1,13,16,2,1,3,4,B03,7,9,1,8,2,8,,16,16,1,5,8,B03,120.717498,24.158169,2
2023,3,14,18,54,臺中市,南屯區,0,1,0,8,3,5,50,4,1,1,5,4,5,7,1,1,10,5,5,2,17,23,3,10,1,1,B03,7,6,1,8,2,8,,23,23,1,5,8,B03,120.640646,24.141801,2
2023,3,14,19,3,臺中市,東區,0,1,0,8,3,5,50,4,1,1,5,4,5,7,1,1,10,5,5,2,16,6,3,10,1,1,C04,7,5,1,10,2,11,,6,6,1,3,8,C04,120.697961,24.135211,2
2023,3,14,19,5,臺中市,北屯區,0,1,0,8,3,5,50,3,1,1,5,4,5,7,1,1,10,5,5,2,13,16,2,9,1,1,C03,7,9,1,10,2,11,,16,16,1,22,8,C03,120.681111,24.176377,2
2023,3,14,19,5,臺中市,大里區,0,1,0,8,3,5,50,11,13,1,5,4,5,7,4,4,1,4,5,1,16,7,3,10,1,1,B03,7,8,1,8,2,5,,7,7,1,22,1,B03,120.689725,24.120706,2
2023,3,14,19,7,臺中市,西區,0,0,0,8,,,50,,,,,,,,,,,,,,,23,,,,,B03,,,1,,1,,,23,,1,4,,B03,120.664686,24.150863,3
2023,3,14,19,8,臺中市,西屯區,0,0,0,8,,,50,,,,,,,,,,,,,,,23,,,,,B03,,,1,,1,,,23,,1,22,,B03,120.6438,24.195285,3
2023,3,14,19,9,臺中市,北區,0,2,0,8,3,5,50,3,1,1,5,4,5,7,1,1,10,5,5,2,20,42,2,9,1,1,C03,7,5,1,10,2,11,,42,23,1,22,8,C03,120.664943,24.165071,2
2023,3,14,19,23,臺中市,石岡區,0,1,0,8,3,5,40,14,9,1,5,4,5,7,4,4,1,4,4,1,27,23,2,9,1,1,C03,7,9,1,10,2,11,,23,23,1,22,9,C03,120.80205,24.268406,2
2023,3,14,19,24,臺中市,南屯區,0,0,0,,,,50,,,,,,,,,,,,,,,23,,,,,B03,,,1,,2,,,23,,1,4,,B03,120.646336,24.134759,3
2023,3,14,19,27,臺中市,大里區,0,1,0,8,3,5,50,4,1,1,5,4,5,7,1,1,1,4,4,2,16,6,3,10,1,1,B03,7,6,1,8,2,2,,6,6,1,22,9,B03,120.694594,24.089315,2
2023,3,14,19,28,臺中市,西屯區,0,1,0,8,3,5,50,4,1,1,5,4,5,7,2,1,1,4,1,2,3,15,3,10,3,4,B03,7,5,1,8,2,1,,15,15,1,22,8,B03,120.626815,24.159568,2
2023,3,14,19,29,臺中市,南區,0,3,0,7,3,5,50,4,1,1,5,4,5,7,1,1,10,5,5,2,16,25,2,9,1,1,C03,7,9,1,10,2,11,,25,25,1,22,8,C03,120.659937,24.126313,2
2023,3,14,19,30,臺中市,西區,0,0,0,8,,,30,,,,,,,,,,,,,,,44,,,,,B03,,,8,,10,,,44,,1,4,,B03,120.656768,24.147276,3
2023,3,14,19,30,臺中市,西屯區,0,1,0,8,3,5,50,14,9,1,5,4,5,7,2,1,5,4,5,2,12,26,3,10,1,1,B03,7,5,1,8,2,8,,26,26,1,22,8,B03,120.624326,24.194282,2
2023,3,14,19,33,臺中市,南屯區,0,1,0,8,3,5,50,4,1,1,5,4,5,7,1,1,4,3,4,2,17,23,2,9,1,1,C03,7,9,1,9,2,12,,23,23,1,22,8,C03,120.642931,24.148703,2
2023,3,14,19,36,臺中市,豐原區,0,1,0,8,3,5,50,4,1,1,5,4,5,7,1,1,10,5,5,2,16,9,3,10,1,1,B12,7,6,1,1,2,5,,9,9,1,22,8,B12,120.744569,24.264852,2
2023,3,14,19,39,臺中市,龍井區,0,2,0,8,3,5,30,3,1,1,5,4,5,7,4,4,10,5,5,2,16,6,2,8,1,1,C03,7,5,1,10,2,11,,6,6,1,22,8,C03,120.592744,24.182146,2
2023,3,14,19,42,臺中市,東區,0,1,0,8,3,5,50,4,1,1,5,4,5,7,1,1,10,5,5,2,11,6,3,10,1,1,B02,7,5,1,8,2,5,,6,6,1,22,8,B02,120.702184,24.138882,2
2023,3,14,19,48,臺中市,大里區,0,0,0,8,,,50,,,,,,,,,,,,,,,23,,,,,B03,,,1,,2,,,23,,1,5,,B03,120.681255,24.104368,3
2023,3,14,19,50,臺中市,南區,0,0,0,8,,,50,,,,,,,,,,,,,,,23,,,,,B03,,,1,,2,,,23,,1,22,,B03,120.66999,24.119723,3
2023,3,14,19,51,臺中市,南屯區,0,1,0,8,3,5,50,4,1,1,5,4,5,7,1,1,5,5,5,2,16,26,3,10,1,1,C03,7,6,1,10,2,12,,26,26,1,22,8,C03,120.611861,24.148966,2
2023,3,14,19,54,臺中市,北區,0,3,0,8,1,5,50,3,1,1,5,4,5,7,4,4,10,5,5,2,16,6,2,9,1,1,C03,7,9,1,10,2,11,,14,6,1,22,9,C03,120.686071,24.149218,2
2023,3,14,19,55,臺中市,西區,0,0,0,8,,,50,,,,,,,,,,,,,,,6,,,,,B03,,,1,,1,,,6,,1,22,,B03,120.663552,24.153447,3
2023,3,14,19,58,臺中市,東區,0,2,0,8,3,5,50,14,9,1,5,4,5,7,4,4,5,4,5,2,13,16,2,8,1,1,C03,7,9,1,10,2,11,,16,16,1,18,8,C03,120.701011,24.132125,2
2023,3,14,20,7,臺中市,西屯區,0,1,0,8,3,5,50,14,9,1,5,4,5,7,4,4,5,4,5,2,17,42,2,9,3,4,C03,7,9,1,10,2,12,,42,43,1,22,8,C03,120.65711,24.164241,2
2023,3,14,20,10,臺中市,沙鹿區,0,0,0,8,,,50,,,,,,,,,,,,,,,23,,,,,B12,,,1,,2,,,23,,1,4,,B12,120.55739,24.224356,3
2023,3,14,20,11,臺中市,太平區,0,0,0,8,,,50,,,,,,,,,,,,,,,17,,,,,B03,,,1,,2,,,17,,1,22,,B03,120.734181,24.144008,3
2023,3,14,20,13,臺中市,北屯區,0,2,0,8,3,5,50,14,9,1,5,4,5,7,4,4,1,4,5,2,13,23,2,8,3,4,C03,7,9,1,10,2,11,,23,23,1,21,8,C03,120.70774,24.183163,2
2023,3,14,20,15,臺中市,大雅區,0,1,0,8,4,5,50,4,1,1,5,4,5,7,2,1,5,4,4,1,16,6,3,10,1,1,B03,7,5,1,8,2,5,,6,6,1,22,9,B03,120.646703,24.226093,2
2023,3,14,20,21,臺中市,西屯區,0,2,0,8,1,5,30,4,1,1,5,4,5,7,4,4,10,5,5,2,16,6,2,9,1,1,C03,7,9,1,10,2,12,,6,6,1,4,8,C03,120.644261,24.180131,2