年,月,日,時,分,縣市,區,死,受傷,2-30,天候,光線,道路類別,速限,道路型態,事故位置,路面鋪裝,路面狀態,路面缺陷,障礙物,視距,號誌種類,號誌動作,分向設施,快車道或一般車道間,快慢車道間,路面邊線,事故類型及型態,主要肇因,受傷程度,主要傷處,保護裝備,行動電話,當事者區分,車輛用途,當事者行動狀態,駕駛資格情形,駕駛執照種類,飲酒情形,車輛撞擊部位最初,車輛撞擊部位其他,肇事因素個別,肇事因素主要,肇事逃逸,職業,旅次目的,車種,GPS緯度,GPS經度,事故類別
2023,3,15,15,47,臺中市,太平區,0,0,0,8,,,50,,,,,,,,,,,,,,,23,,,,,B03,,,1,,1,,,23,,1,22,,B03,120.73758,24.131808,3
2023,3,15,15,48,臺中市,南區,0,0,0,8,1,5,30,4,1,1,5,4,5,7,4,4,10,5,5,2,15,6,3,10,1,1,B01,7,9,1,3,2,1,,6,6,1,10,8,B01,120.661638,24.127986,3
2023,3,15,15,50,臺中市,東區,0,1,0,8,1,5,50,3,1,1,5,4,5,7,1,1,10,5,5,2,12,6,3,10,1,1,B03,7,6,1,8,2,2,,6,6,1,22,8,B03,120.696008,24.134907,2
2023,3,15,15,51,臺中市,霧峰區,0,0,0,8,,,30,,,,,,,,,,,,,,,6,,,,,B03,,,1,,2,,,6,6,1,22,,B03,120.681746,24.020008,3
2023,3,15,16,3,臺中市,南區,0,0,0,,,,50,,,,,,,,,,,,,,,43,,,,,C03,,,1,,2,,,43,,1,22,,C03,120.683382,24.133288,3
2023,3,15,16,6,臺中市,北區,0,0,0,8,,,40,,,,,,,,,,,,,,,12,,,,,B03,,,1,,1,,,12,,1,22,,B03,120.687775,24.155838,3
2023,3,15,16,6,臺中市,北屯區,0,0,0,8,,,30,,,,,,,,,,,,,,,12,,,,,B11,,,1,,1,,,12,,1,21,,B11,120.742785,24.16693,3
2023,3,15,16,11,臺中市,沙鹿區,0,1,0,8,1,5,40,13,9,1,5,4,5,7,4,4,10,5,5,2,14,12,3,10,1,1,B03,7,2,1,8,2,3,,12,12,1,9,9,B03,120.60695,24.24557,2
2023,3,15,16,16,臺中市,北區,0,1,0,8,1,5,50,4,2,1,5,4,5,7,1,1,5,4,5,2,13,23,2,9,1,1,C03,7,9,1,10,2,11,,23,16,1,22,8,C03,120.682089,24.154584,2
2023,3,15,16,19,臺中市,清水區,0,0,0,8,,,50,,,,,,,,,,,,,,,23,,,,,C03,,,1,,2,,,23,,1,5,,C03,120.567809,24.291511,3
2023,3,15,16,24,臺中市,太平區,0,0,0,8,,,50,,,,,,,,,,,,,,,23,,,,,B03,,,1,,2,1,,23,23,1,22,,B03,120.715421,24.148816,3
2023,3,15,16,26,臺中市,南屯區,0,0,0,,,,50,,,,,,,,,,,,,,,12,,,,,B03,,,1,,2,,,12,,1,22,,B03,120.652237,24.133994,3
2023,3,15,16,26,臺中市,西屯區,0,1,0,8,1,5,40,3,2,1,5,4,5,7,4,4,1,4,1,2,17,42,2,9,1,1,C03,7,9,1,10,2,14,,42,42,1,22,8,C03,120.651806,24.161453,2
2023,3,15,16,29,臺中市,烏日區,0,1,0,8,1,5,50,14,8,1,5,4,5,7,4,4,1,4,4,1,12,7,3,10,1,1,B03,7,8,1,8,2,6,,7,7,1,21,8,B03,120.584276,24.111436,2
2023,3,15,16,30,臺中市,豐原區,0,1,0,8,1,5,50,14,9,1,5,4,5,7,1,1,3,5,5,1,18,43,2,9,1,1,C03,7,8,1,10,2,12,,43,43,1,22,8,C03,120.727791,24.249711,2
2023,3,15,16,33,臺中市,大里區,0,0,0,8,,,50,,,,,,,,,,,,,,,23,,,,,B03,,,1,,2,,,23,23,1,22,,B03,120.68671,24.10288,3
2023,3,15,16,34,臺中市,西屯區,0,1,0,8,1,5,50,4,1,1,5,4,5,7,2,1,10,5,5,2,16,25,3,10,3,4,B03,7,9,1,8,2,2,,25,25,1,22,8,B03,120.632938,24.163998,2
2023,3,15,16,36,臺中市,西屯區,0,0,0,8,,,50,,,,,,,,,,,,,,,23,,,,,B03,,,1,,1,,,23,,1,22,,B03,120.629092,24.205069,3
2023,3,15,16,37,臺中市,豐原區,0,2,0,8,1,5,50,3,1,1,5,4,5,7,4,4,5,1,4,2,17,21,2,1,3,4,F01,7,15,8,20,5,16,,21,21,1,20,8,F01,120.734443,24.251255,2
2023,3,15,16,38,臺中市,西屯區,0,1,0,8,1,5,40,14,8,1,5,4,5,7,4,4,1,4,1,2,13,23,3,10,3,4,B03,7,14,1,8,2,1,,23,23,1,22,8,B03,120.64583,24.164437,2
2023,3,15,16,39,臺中市,潭子區,0,0,0,8,,,50,,,,,,,,,,,,,,,6,,,,,B03,,,1,,2,,,6,6,1,22,,B03,120.718201,24.197808,3
2023,3,15,16,40,臺中市,北屯區,0,0,0,8,,,50,,,,,,,,,,,,,,,18,,,,,B03,,,1,,1,,,18,,1,21,,B03,120.710863,24.17928,3
2023,3,15,16,43,臺中市,東區,0,2,0,8,1,5,50,4,1,1,5,4,5,7,2,1,10,5,5,2,13,16,2,9,1,1,C03,7,9,1,10,2,14,,16,16,1,21,8,C03,120.698031,24.147951,2
2023,3,15,16,45,臺中市,霧峰區,0,0,0,8,,,40,,,,,,,,,,,,,,,23,,,,,C03,,,3,,2,,,23,,1,21,,C03,120.699276,24.068459,3
2023,3,15,16,48,臺中市,大里區,0,1,0,8,1,5,50,4,1,1,5,4,5,7,2,1,5,4,4,1,12,23,3,10,1,1,C03,7,9,6,18,2,12,,23,23,1,5,8,C03,120.68959,24.101071,2
2023,3,15,16,54,臺中市,潭子區,0,0,0,8,,,60,,,,,,,,,,,,,,,26,,,,,B03,,,1,,2,,,26,,1,22,,B03,120.703792,24.20105,3
2023,3,15,16,54,臺中市,西屯區,0,2,0,8,1,5,40,4,1,1,5,4,5,7,2,1,10,5,5,2,13,16,2,8,1,1,C03,7,6,1,10,2,11,,16,16,1,18,8,C03,120.626138,24.184585,2
2023,3,15,16,55,臺中市,西屯區,0,1,0,8,1,5,50,12,9,1,5,4,5,7,4,4,4,3,5,2,16,6,3,10,1,1,B03,7,6,1,8,1,2,,6,6,1,22,8,B03,120.612277,24.191838,2
2023,3,15,16,56,臺中市,南區,0,0,0,,,,50,,,,,,,,,,,,,,,23,,,,,B03,,,1,,2,,,23,,1,22,,B03,120.677488,24.126136,3
2023,3,15,16,57,臺中市,北屯區,0,1,0,8,1,5,30,3,2,1,5,4,5,7,4,4,10,5,5,2,17,7,3,10,1,1,B03,7,8,1,8,2,2,,7,7,1,22,8,B03,120.663785,24.200744,2
2023,3,15,16,57,臺中市,西屯區,0,1,0,8,1,5,40,4,1,1,5,4,5,7,2,1,10,5,5,2,16,8,2,8,1,1,C03,7,5,1,10,2,13,12,8,8,1,22,8,C03,120.639505,24.174888,2
2023,3,15,17,0,臺中市,潭子區,0,0,0,,,,60,,,,,,,,,,,,,,,16,,,,,B03,,,1,,2,,,16,,1,22,,B03,120.705431,24.21147,3
2023,3,15,17,0,臺中市,烏日區,0,1,0,8,1,5,50,3,1,1,5,4,5,7,2,1,5,4,4,2,17,19,2,9,1,1,C03,7,1,1,10,2,12,,19,19,1,21,8,C03,120.642075,24.106303,2
2023,3,15,17,5,臺中市,西屯區,0,0,0,8,,,50,,,,,,,,,,,,,,,12,,,,,C03,,,1,,1,,,12,,1,22,,C03,120.654059,24.164848,3
2023,3,15,17,5,臺中市,大肚區,0,1,0,8,1,5,50,5,1,1,5,4,5,7,1,1,10,5,5,2,16,19,2,9,1,1,C03,7,1,1,10,2,14,,19,19,1,19,8,C03,120.57773,24.118355,2
2023,3,15,17,7,臺中市,烏日區,0,1,0,8,1,5,50,3,1,1,5,4,5,7,4,4,5,4,5,1,16,6,3,10,1,1,B03,7,5,1,8,2,4,,6,6,1,21,8,B03,120.643359,24.061729,2
2023,3,15,17,8,臺中市,西區,0,0,0,8,,,50,,,,,,,,,,,,,,,7,,,,,B03,,,1,,1,,,7,,1,22,,B03,120.66207,24.154802,3
2023,3,15,17,9,臺中市,潭子區,0,0,0,8,,,50,,,,,,,,,,,,,,,19,,,,,B03,,,1,,2,,,19,,1,22,,B03,120.682025,24.215925,3
2023,3,15,17,9,臺中市,西屯區,0,1,0,8,1,5,50,4,1,1,5,4,5,7,2,1,10,5,5,2,13,16,3,10,3,4,C03,7,9,1,10,2,11,,16,16,1,22,8,C03,120.644446,24.185031,2
2023,3,15,17,12,臺中市,太平區,0,1,0,8,1,5,50,3,1,1,5,4,5,7,1,1,10,5,5,2,16,42,3,10,1,1,B03,7,9,1,8,2,8,,42,42,1,21,8,B03,120.728617,24.134729,2
2023,3,15,17,13,臺中市,梧棲區,0,1,0,8,1,5,40,3,2,1,5,4,5,7,1,1,1,4,1,1,16,9,3,10,1,1,C03,7,6,1,10,2,12,,9,9,1,9,8,C03,120.532003,24.240348,2
2023,3,15,17,14,臺中市,西屯區,0,0,0,8,,,30,,,,,,,,,,,,,,,12,,,,,A12,,,1,,1,,,12,,1,22,,A12,120.615803,24.19165,3
2023,3,15,17,15,臺中市,烏日區,0,0,0,8,,,30,,,,,,,,,,,,,,,25,,,,,B03,,,1,,2,,,25,,1,21,,B03,120.608073,24.117734,3
2023,3,15,17,17,臺中市,潭子區,0,2,0,8,1,5,50,14,9,1,5,1,5,7,1,1,1,1,5,1,13,23,2,7,1,1,C03,7,9,1,10,2,11,,23,23,1,22,9,C03,120.711689,24.210026,2
2023,3,15,17,17,臺中市,西屯區,0,1,0,8,1,5,50,3,2,1,5,4,5,7,1,1,1,2,5,2,13,23,2,8,3,4,C03,7,9,1,10,2,11,12,23,23,1,22,8,C03,120.602798,24.192473,2
2023,3,15,17,19,臺中市,龍井區,0,1,0,8,1,5,50,14,9,1,5,4,5,7,4,4,5,5,5,1,3,52,3,10,4,5,H01,8,16,8,20,10,16,,52,54,1,3,8,H01,120.582675,24.17821,2
2023,3,15,17,20,臺中市,大雅區,0,0,0,8,,,50,,,,,,,,,,,,,,,16,,,,,C03,,,3,,2,,,16,,1,22,,C03,120.641082,24.219279,3
2023,3,15,17,20,臺中市,西屯區,0,0,0,8,,,50,,,,,,,,,,,,,,,23,,,,,B03,,,1,,1,,,23,,1,22,,B03,120.670395,24.188906,3
2023,3,15,17,22,臺中市,北屯區,0,1,0,8,2,5,50,14,7,1,5,4,5,7,4,4,9,5,4,2,18,23,2,9,1,1,C03,7,9,1,10,2,12,,23,23,1,22,8,C03,120.666176,24.189886,2
2023,3,15,17,22,臺中市,西屯區,0,1,0,8,2,5,50,4,1,1,5,4,5,7,2,1,10,5,5,2,16,8,3,10,1,1,C03,7,5,1,10,2,14,,8,8,1,22,8,C03,120.642277,24.177774,2
2023,3,15,17,24,臺中市,清水區,0,0,0,8,,,50,,,,,,,,,,,,,,,6,,,,,B12,,,1,,1,,,6,,1,21,,B12,120.54198,24.267936,3
2023,3,15,17,30,臺中市,東區,0,0,0,8,1,5,50,14,9,1,5,4,5,7,4,4,5,4,5,2,13,23,3,10,1,1,B03,7,9,6,8,1,1,,23,23,1,5,8,B03,120.696684,24.140799,3
2023,3,15,17,38,臺中市,西區,0,0,0,8,,,50,,,,,,,,,,,,,,,16,,,,,C03,,,1,,1,,,16,,1,5,,C03,120.665287,24.150867,3
2023,3,15,17,38,臺中市,大里區,0,0,0,8,,,50,,,,,,,,,,,,,,,23,,,,,B12,,,1,,2,,,23,,1,22,,B12,120.687143,24.105345,3
2023,3,15,17,40,臺中市,南區,0,0,0,8,1,5,50,14,7,1,5,4,5,7,4,4,5,4,4,2,17,42,3,10,1,1,B03,7,14,1,8,2,1,,42,42,1,22,8,B03,120.650118,24.120638,3
2023,3,15,17,42,臺中市,烏日區,0,2,0,8,1,5,50,14,9,1,5,4,5,7,4,4,5,4,5,1,12,42,2,9,1,1,C03,7,15,1,10,2,12,,42,42,1,21,8,C03,120.643668,24.083098,2
2023,3,15,17,45,臺中市,沙鹿區,0,0,0,8,,,50,,,,,,,,,,,,,,,42,,,,,C03,,,1,,2,,,42,,1,3,,C03,120.5674,24.204112,3
2023,3,15,17,45,臺中市,外埔區,0,0,0,8,,,50,,,,,,,,,,,,,,,44,,,,,A12,,,1,,2,,,44,,1,22,,A12,120.654388,24.345716,3
2023,3,15,17,50,臺中市,沙鹿區,0,1,0,8,2,5,40,14,8,1,5,4,5,7,4,4,1,4,1,1,18,42,2,9,1,1,C03,7,9,1,10,2,12,,42,42,1,5,5,C03,120.586322,24.250119,2
2023,3,15,17,56,臺中市,太平區,0,1,0,8,1,5,50,3,1,1,5,4,5,7,4,4,5,5,4,2,16,6,3,10,1,1,B03,7,5,1,8,2,6,,6,6,1,21,8,B03,120.716813,24.101782,2
2023,3,15,18,0,臺中市,清水區,0,0,0,8,,,50,,,,,,,,,,,,,,,12,,,,,B03,,,1,,1,,,12,,1,21,,B03,120.568,24.265502,3
2023,3,15,18,4,臺中市,西屯區,0,2,0,8,3,5,30,4,1,1,5,4,5,7,4,4,10,5,5,2,15,6,2,9,1,1,C03,7,9,1,10,2,12,,6,6,1,22,4,C03,120.65312,24.164309,2
2023,3,15,18,6,臺中市,南區,0,1,0,8,3,5,50,14,7,1,5,4,5,7,4,4,9,5,4,2,17,19,3,10,1,1,B03,7,1,1,8,2,8,,19,19,1,22,8,B03,120.679294,24.123747,2
2023,3,15,18,6,臺中市,西屯區,0,1,0,8,1,5,50,3,1,1,5,4,5,7,4,4,10,5,5,2,16,6,3,10,3,4,B03,7,6,1,8,2,2,,6,6,1,22,8,B03,120.615878,24.177085,2
2023,3,15,18,8,臺中市,西屯區,0,0,0,8,,,,,,,,,,,,,,,,,,43,,,,,,,,,,,,,43,,1,,,,120.648046,24.168051,3
2023,3,15,18,8,臺中市,豐原區,0,1,0,8,1,5,30,14,9,1,5,4,3,7,4,4,10,5,5,2,9,12,3,10,1,1,B03,7,2,1,8,1,6,,12,12,1,22,8,B03,120.723479,24.244172,2
2023,3,15,18,9,臺中市,南屯區,0,1,0,8,3,5,40,14,8,1,5,4,5,7,4,4,1,4,1,2,16,6,3,10,1,4,B03,7,6,1,8,2,5,,6,6,1,22,8,B03,120.631197,24.168985,2
2023,3,15,18,9,臺中市,西屯區,0,1,0,8,2,5,50,4,1,1,5,4,5,7,1,1,10,5,5,2,16,6,2,8,3,4,C03,7,5,1,10,2,14,,6,6,1,22,8,C03,120.593021,24.183308,2
2023,3,15,18,9,臺中市,龍井區,0,1,0,8,3,5,40,4,1,1,5,4,5,7,1,1,10,5,5,2,23,23,2,9,1,1,C03,7,9,1,10,2,11,,23,23,1,22,8,C03,120.577604,24.186663,2
2023,3,15,18,10,臺中市,太平區,0,1,0,8,3,5,50,4,1,1,5,4,5,7,2,1,10,5,5,2,17,42,2,8,1,1,C03,7,15,1,10,2,14,,42,42,1,21,8,C03,120.712548,24.157362,2
2023,3,15,18,10,臺中市,清水區,0,1,0,8,1,5,60,4,1,1,5,4,5,7,1,1,10,5,5,2,12,7,3,10,1,1,B03,7,8,1,8,2,6,,7,7,1,5,5,B03,120.56438,24.271386,2
2023,3,15,18,14,臺中市,西區,0,0,0,8,,,50,,,,,,,,,,,,,,,12,,,,,B12,,,1,,1,,,12,,1,9,,B12,120.661014,24.160391,3
2023,3,15,18,15,臺中市,北區,0,0,0,8,,,50,,,,,,,,,,,,,,,1,,,,,B03,,,1,,1,,,1,,1,22,,B03,120.680977,24.1672,3
2023,3,15,18,17,臺中市,太平區,0,1,0,8,3,5,50,3,1,1,5,4,5,7,1,1,1,4,5,2,3,15,3,10,1,1,B03,7,5,1,8,2,1,,15,23,1,21,8,B03,120.710557,24.139459,2
2023,3,15,18,18,臺中市,北屯區,1,1,0,8,3,5,50,4,1,1,5,4,5,7,1,1,10,5,5,2,16,25,2,7,1,1,B03,7,5,1,8,2,2,,25,25,1,20,8,B03,120.699595,24.160437,1
2023,3,15,18,18,臺中市,大里區,0,0,0,8,,,30,,,,,,,,,,,,,,,44,,,,,C03,,,1,,11,,,44,,1,5,,C03,120.679141,24.109108,3
2023,3,15,18,21,臺中市,沙鹿區,0,0,0,8,3,5,50,4,1,1,5,4,5,7,1,1,10,5,5,2,17,16,2,8,1,1,C03,7,9,1,10,2,11,,16,16,1,9,9,C03,120.575215,24.226738,3
2023,3,15,18,26,臺中市,南屯區,0,1,0,8,3,5,50,4,2,1,5,4,5,7,1,1,10,5,5,2,17,42,2,9,1,1,C03,7,2,1,10,2,13,,42,42,1,22,8,C03,120.650619,24.15233,2
2023,3,15,18,27,臺中市,南屯區,0,1,0,8,1,5,50,14,9,1,5,4,5,7,4,4,4,3,5,2,11,6,3,10,1,1,B03,7,5,1,8,2,8,,6,6,1,22,8,B03,120.64782,24.148335,2
2023,3,15,18,28,臺中市,霧峰區,0,0,0,8,,,60,,,,,,,,,,,,,,,23,,,,,B03,,,1,,2,,,23,,1,22,,B03,120.69501,24.051838,3
2023,3,15,18,30,臺中市,龍井區,0,0,0,8,,,60,,,,,,,,,,,,,,,44,,,,,B03,,,1,,2,,,44,44,1,22,,B03,120.578311,24.185792,3
2023,3,15,18,32,臺中市,北區,0,1,0,8,3,5,50,14,7,1,5,4,5,7,4,4,3,4,4,2,13,23,2,9,1,1,C03,7,9,1,10,2,11,,23,23,1,22,8,C03,120.690503,24.147352,2
2023,3,15,18,33,臺中市,北屯區,0,1,0,8,3,5,50,14,9,1,5,4,5,7,4,4,1,4,5,2,13,23,2,9,1,1,C03,7,9,1,10,2,11,,23,23,1,22,8,C03,120.738679,24.177134,2
2023,3,15,18,38,臺中市,北屯區,0,2,0,8,3,5,50,14,7,1,5,4,5,7,4,4,9,5,4,2,17,10,3,10,1,1,B03,7,11,1,8,2,8,,10,10,1,22,8,B03,120.6974,24.190663,2
2023,3,15,18,40,臺中市,北區,0,0,0,8,,,50,,,,,,,,,,,,,,,23,,,,,A02,,,1,,1,,,23,,1,5,,A02,120.676852,24.155758,3
2023,3,15,18,42,臺中市,東區,0,1,0,8,2,5,50,3,2,1,5,4,5,7,1,1,10,5,5,2,18,16,2,9,1,1,C03,7,9,1,10,2,12,,16,16,1,21,8,C03,120.692607,24.149929,2
2023,3,15,18,43,臺中市,西屯區,0,1,0,8,3,5,50,4,2,1,5,4,5,7,2,1,1,4,5,2,12,10,3,10,1,1,B03,7,11,1,8,2,8,,10,10,1,22,8,B03,120.642713,24.172579,2
2023,3,15,18,44,臺中市,南屯區,0,0,0,,,,50,,,,,,,,,,,,,,,23,,,,,B03,,,1,,1,,,23,,1,22,,B03,120.636798,24.153605,3
2023,3,15,18,48,臺中市,南屯區,0,0,0,8,,,50,,,,,,,,,,,,,,,2,,,,,B03,,,1,,2,,,2,,1,5,,B03,120.62603,24.136091,3
2023,3,15,18,51,臺中市,南屯區,0,1,0,8,3,5,40,4,1,1,5,4,5,7,2,1,1,4,1,2,15,25,3,10,1,4,B03,7,9,1,8,9,6,,25,25,2,22,8,B03,120.623141,24.145201,2
2023,3,15,18,53,臺中市,南屯區,0,0,0,8,,,50,,,,,,,,,,,,,,,12,,,,,B03,,,1,,2,,,12,,1,22,,B03,120.647775,24.129638,3
2023,3,15,18,55,臺中市,太平區,0,0,0,8,,,50,,,,,,,,,,,,,,,12,,,,,B01,,,1,,2,,,12,,1,21,,B01,120.72741,24.145575,3
2023,3,15,19,0,臺中市,南屯區,0,2,0,8,3,5,50,14,7,1,5,4,5,7,4,4,5,4,4,2,16,19,2,8,1,1,F03,7,1,8,20,2,16,,19,19,1,22,9,F03,120.610925,24.145656,2
2023,3,15,19,4,臺中市,西屯區,0,1,0,8,1,5,50,15,9,1,5,4,5,7,4,4,1,3,5,2,16,43,3,10,1,1,C03,7,9,1,10,1,15,,43,43,1,21,8,C03,120.649933,24.163668,2
2023,3,15,19,8,臺中市,南區,0,0,0,,,,50,,,,,,,,,,,,,,,16,,,,,C03,,,1,,2,,,16,,1,22,,C03,120.650452,24.121019,3
2023,3,15,19,8,臺中市,西屯區,0,2,0,8,1,5,40,3,1,1,5,4,5,7,2,1,10,5,5,2,12,6,2,8,3,4,C03,7,6,3,18,2,13,,6,6,2,21,8,C03,120.616498,24.182365,2
2023,3,15,19,10,臺中市,西屯區,0,0,0,8,,,50,,,,,,,,,,,,,,,12,,,,,B03,,,1,,1,,,12,,1,22,,B03,120.647335,24.171574,3
2023,3,15,19,10,臺中市,西屯區,0,0,0,8,,,50,,,,,,,,,,,,,,,12,,,,,B03,,,1,,1,,,12,,1,22,,B03,120.646093,24.175541,3
2023,3,15,19,13,臺中市,北屯區,0,1,0,8,3,5,50,14,7,1,5,4,5,7,4,4,5,5,4,2,18,23,2,9,1,1,C03,7,9,1,10,2,12,,23,23,1,22,8,C03,120.691747,24.170481,2
2023,3,15,19,15,臺中市,南屯區,0,0,0,8,3,5,50,4,1,1,5,4,5,7,2,1,10,5,5,2,16,6,,,,,C03,,,1,,2,,,6,,1,22,,C03,120.610553,24.135824,3
2023,3,15,19,15,臺中市,西屯區,0,0,0,8,,,30,,,,,,,,,,,,,,,23,,,,,B03,,,1,,1,,,23,,1,22,,B03,120.64882,24.157725,3
2023,3,15,19,15,臺中市,西屯區,0,1,0,8,3,5,30,4,1,1,5,4,5,7,4,4,5,5,5,2,15,6,2,9,3,4,C03,7,9,1,10,2,11,,6,6,1,22,8,C03,120.622288,24.186896,2
2023,3,15,19,19,臺中市,清水區,0,1,0,8,3,5,50,3,1,1,5,4,5,7,1,1,8,1,3,1,16,25,2,9,1,1,C03,7,5,1,10,2,14,,25,25,1,21,8,C03,120.571132,24.259066,2
2023,3,15,19,30,臺中市,大里區,0,0,0,8,,,50,,,,,,,,,,,,,,,16,,,,,B03,,,1,,2,,,16,,1,4,,B03,120.69072,24.093096,3
2023,3,15,19,38,臺中市,北屯區,0,0,0,8,,,50,,,,,,,,,,,,,,,7,,,,,B03,,,1,,1,,,7,,1,22,,B03,120.697745,24.170349,3
2023,3,15,19,41,臺中市,霧峰區,0,1,0,8,3,5,30,14,9,1,5,4,5,7,4,4,10,5,5,2,17,42,2,8,3,4,B03,7,1,1,8,2,2,,42,42,1,21,5,B03,120.659035,24.075336,2
2023,3,15,19,44,臺中市,南區,0,1,0,8,3,5,50,4,1,1,5,4,5,7,1,1,10,5,5,2,16,6,3,10,1,1,B03,7,6,1,3,2,6,,6,6,2,5,8,B03,120.65165,24.110122,2
2023,3,15,19,50,臺中市,龍井區,0,0,0,8,,,50,,,,,,,,,,,,,,,42,,,,,B03,,,1,,2,,,42,,1,12,,B03,120.556518,24.20113,3
2023,3,15,19,50,臺中市,豐原區,0,1,0,8,3,5,50,14,7,1,5,4,5,7,4,4,3,5,5,2,17,23,2,1,1,1,B03,7,9,1,8,2,1,,23,23,1,22,8,B03,120.722359,24.280533,2
2023,3,15,19,53,臺中市,烏日區,0,1,0,8,3,5,50,5,1,1,5,4,5,7,1,1,10,5,5,2,18,49,2,9,1,1,F01,7,9,8,20,2,16,,49,49,1,5,8,F01,120.641583,24.11012,2
2023,3,15,20,7,臺中市,中區,0,4,0,8,3,5,50,4,2,1,5,4,5,7,1,1,10,5,5,2,13,23,2,9,3,4,C03,7,9,1,10,2,11,,23,23,1,21,8,C03,120.679913,24.137942,2
2023,3,15,20,15,臺中市,南屯區,0,2,0,8,3,5,50,3,1,1,5,4,5,7,4,4,10,5,5,2,16,6,2,9,1,1,C03,7,5,1,10,2,12,,6,6,1,22,9,C03,120.605633,24.138956,2
2023,3,15,20,15,臺中市,北屯區,0,1,0,8,3,5,50,14,7,1,5,4,5,7,4,4,5,5,4,2,12,17,3,10,1,1,B03,7,4,1,8,2,2,,17,17,1,21,8,B03,120.685772,24.170795,2
2023,3,15,20,19,臺中市,梧棲區,0,0,0,,,,40,,,,,,,,,,,,,,,23,,,,,B03,,,1,,1,,,23,,1,4,,B03,120.530325,24.253683,3
2023,3,15,20,20,臺中市,沙鹿區,0,1,0,8,3,5,40,14,20,1,5,4,5,7,4,4,1,4,1,1,17,19,3,10,1,1,B03,7,1,1,8,2,1,,19,19,1,18,5,B03,120.578046,24.223387,2
2023,3,15,20,26,臺中市,北區,0,0,0,,,,,,,,,,,,,,,,,,,67,,,,,,,,,,,,,67,,1,,,,120.673555,24.16552,3
2023,3,15,20,29,臺中市,龍井區,0,2,0,8,3,5,50,14,9,1,5,4,5,7,4,4,5,5,5,2,16,26,3,10,1,1,C03,7,1,1,10,2,11,,26,26,1,22,8,C03,120.584733,24.181907,2
2023,3,15,20,35,臺中市,大里區,0,2,0,8,3,5,50,4,1,1,5,4,5,7,1,1,10,5,5,2,16,19,2,9,1,1,C03,7,1,1,10,2,14,,19,19,1,5,5,C03,120.682071,24.1027,2
2023,3,15,20,39,臺中市,西屯區,0,0,0,8,,,40,,,,,,,,,,,,,,,67,,,,,,,,,,,,,67,,1,,,,120.662924,24.165531,3
2023,3,15,20,40,臺中市,西區,0,2,0,8,3,5,50,3,1,1,5,4,5,7,4,4,10,5,5,2,16,6,2,8,1,1,C03,7,5,1,10,2,11,,6,6,1,22,8,C03,120.668187,24.150836,2
2023,3,15,20,44,臺中市,梧棲區,0,1,0,8,3,5,40,4,1,1,5,4,5,7,4,4,5,5,5,2,15,6,2,9,1,1,C03,7,9,1,10,2,11,,6,6,1,4,8,C03,120.535076,24.254653,2
2023,3,15,20,47,臺中市,西屯區,0,1,0,8,3,5,50,4,2,1,5,4,5,7,1,1,5,5,5,2,13,23,3,10,1,1,B03,7,9,1,8,2,8,,23,23,1,22,8,B03,120.606803,24.169365,2
2023,3,15,20,48,臺中市,烏日區,0,0,0,8,3,5,40,15,9,1,5,4,5,7,4,4,10,5,5,1,13,16,3,10,3,4,B03,7,8,1,8,2,5,,16,16,1,21,9,B03,120.619026,24.110629,3
2023,3,15,20,57,臺中市,西區,0,0,0,8,,,50,,,,,,,,,,,,,,,12,,,,,B03,,,1,,1,,,12,,1,4,,B03,120.660186,24.146726,3
2023,3,15,20,58,臺中市,豐原區,0,0,0,8,,,50,,,,,,,,,,,,,,,23,,,,,C03,,,1,,1,,,23,,1,22,,C03,120.713307,24.250874,3
2023,3,15,21,0,臺中市,南區,0,0,0,8,3,5,50,14,7,1,5,4,5,7,4,4,5,4,5,2,29,67,,,,,,,,,,,,,67,67,1,,,,120.677033,24.132245,3
2023,3,15,21,5,臺中市,東區,0,1,0,8,3,5,50,14,9,1,5,4,5,7,4,4,5,4,5,2,17,23,2,9,1,1,C03,7,9,2,18,2,11,,23,23,1,22,8,C03,120.684639,24.1315,2
2023,3,15,21,8,臺中市,南區,0,0,0,8,,,50,,,,,,,,,,,,,,,23,,,,,B12,,,1,8,2,,,23,23,1,21,,B12,120.659795,24.118815,3
2023,3,15,21,14,臺中市,太平區,0,1,0,8,3,5,50,4,1,1,5,4,5,7,2,1,10,5,5,2,16,6,3,10,1,1,B12,7,5,1,8,2,2,,6,6,1,22,8,B12,120.713011,24.159021,2
2023,3,15,21,26,臺中市,北區,0,1,0,8,3,5,40,4,1,1,5,4,5,7,1,1,1,4,4,2,15,25,2,9,1,1,C03,7,9,2,18,11,11,,25,25,1,22,8,C03,120.676172,24.150283,2
2023,3,15,21,28,臺中市,龍井區,0,1,0,8,3,5,50,14,7,1,5,4,5,7,4,4,4,3,4,2,13,16,3,10,1,1,B03,7,9,1,8,2,8,,16,23,1,12,8,B03,120.563501,24.200355,2
2023,3,15,21,37,臺中市,龍井區,0,1,0,8,3,5,50,14,9,1,5,4,5,7,4,4,10,5,5,1,13,23,3,10,1,1,B03,7,9,1,8,2,8,,23,23,1,22,8,B03,120.581405,24.185243,2