年,月,日,時,分,縣市,區,死,受傷,2-30,天候,光線,道路類別,速限,道路型態,事故位置,路面鋪裝,路面狀態,路面缺陷,障礙物,視距,號誌種類,號誌動作,分向設施,快車道或一般車道間,快慢車道間,路面邊線,事故類型及型態,主要肇因,受傷程度,主要傷處,保護裝備,行動電話,當事者區分,車輛用途,當事者行動狀態,駕駛資格情形,駕駛執照種類,飲酒情形,車輛撞擊部位最初,車輛撞擊部位其他,肇事因素個別,肇事因素主要,肇事逃逸,職業,旅次目的,車種,GPS緯度,GPS經度,事故類別
2023,3,16,10,8,臺中市,中區,0,1,0,8,1,5,50,4,1,1,5,4,5,7,1,1,10,5,5,2,16,17,2,9,1,1,C03,7,9,1,10,2,14,,17,17,1,21,8,C03,120.678757,24.141681,2
2023,3,16,10,10,臺中市,大里區,0,0,0,8,,,50,,,,,,,,,,,,,,,16,,,,,B03,,,1,,2,,,16,,1,22,,B03,120.669108,24.09692,3
2023,3,16,10,10,臺中市,沙鹿區,0,1,0,8,1,5,50,3,1,1,5,4,5,7,4,4,1,5,4,2,17,23,3,10,1,1,A12,7,9,1,7,2,5,,23,23,1,4,4,A12,120.563556,24.232866,2
2023,3,16,10,25,臺中市,東區,0,0,0,8,,,50,,,,,,,,,,,,,,,26,,,,,A12,,,1,,1,,,26,,1,10,,A12,120.707749,24.145517,3
2023,3,16,10,25,臺中市,霧峰區,0,1,0,8,1,5,50,5,1,1,5,4,5,7,1,1,10,5,5,1,18,23,2,9,1,1,C03,7,5,1,10,2,14,,23,23,1,4,8,C03,120.715192,24.073361,2
2023,3,16,10,25,臺中市,霧峰區,0,0,0,8,,,50,,,,,,,,,,,,,,,2,,,,,C03,,,1,,2,,,2,,1,20,,C03,120.718522,24.078679,3
2023,3,16,10,27,臺中市,大雅區,0,1,0,8,1,5,50,3,1,1,5,4,5,7,1,1,9,4,4,1,17,9,3,10,1,1,B03,7,6,1,8,2,5,,9,9,1,22,9,B03,120.650736,24.209452,2
2023,3,16,10,27,臺中市,西屯區,0,1,0,8,1,5,50,4,1,1,5,4,5,7,2,1,10,5,5,2,16,9,3,10,1,1,B03,7,6,1,8,2,2,,9,9,1,22,8,B03,120.649575,24.163046,2
2023,3,16,10,27,臺中市,豐原區,0,0,0,8,,,50,,,,,,,,,,,,,,,10,,,,,C03,,,1,,2,,,10,,1,21,,C03,120.720005,24.251721,3
2023,3,16,10,28,臺中市,西屯區,0,1,0,8,1,5,50,3,2,1,5,4,5,7,2,1,1,3,5,1,13,23,2,9,1,1,B03,7,9,1,8,2,8,,23,23,1,22,8,B03,120.648768,24.194045,2
2023,3,16,10,30,臺中市,大里區,0,0,0,8,,,80,,,,,,,,,,,,,,,44,,,,,A41,,,1,,2,,,44,,1,10,,A41,120.682581,24.07864,3
2023,3,16,10,31,臺中市,北屯區,0,0,0,8,,,50,,,,,,,,,,,,,,,23,,,,,B03,,,1,,1,,,23,23,1,21,,B03,120.66191,24.189716,3
2023,3,16,10,32,臺中市,北屯區,0,1,0,8,1,5,50,4,1,1,5,4,5,7,4,4,10,5,5,2,18,67,,,,,,,,,,,,,67,67,1,,,,120.69355,24.164851,2
2023,3,16,10,35,臺中市,大雅區,0,2,0,8,1,5,50,3,1,1,5,4,5,7,4,4,5,5,5,1,16,26,2,7,1,1,C03,7,5,1,10,2,11,,26,26,1,22,9,C03,120.650072,24.21895,2
2023,3,16,10,35,臺中市,大甲區,0,0,0,8,1,5,60,14,9,1,5,4,5,7,4,4,5,4,5,1,12,7,3,10,1,1,B12,7,7,1,8,1,4,,7,7,1,22,4,B12,120.632591,24.355788,3
2023,3,16,10,38,臺中市,北屯區,0,0,0,8,,,50,,,,,,,,,,,,,,,26,,,,,C03,,,1,,1,,,26,,1,21,,C03,120.688215,24.193365,3
2023,3,16,10,38,臺中市,西屯區,0,0,0,8,,,50,,,,,,,,,,,,,,,12,,,,,A11,,,1,,2,,,12,,1,22,,A11,120.65668,24.169633,3
2023,3,16,10,42,臺中市,南區,0,2,0,8,1,5,50,4,9,1,5,4,5,7,3,1,5,2,5,2,16,42,2,9,1,1,C03,7,9,1,10,2,11,,42,42,1,21,8,C03,120.666817,24.115707,2
2023,3,16,10,42,臺中市,北屯區,0,1,0,8,1,5,50,4,1,1,5,4,5,7,2,1,10,5,5,2,18,23,2,9,1,1,C03,7,9,1,10,2,12,,23,23,1,5,8,C03,120.67987,24.173056,2
2023,3,16,10,50,臺中市,北屯區,0,0,0,8,,,80,,,,,,,,,,,,,,,23,,,,,B12,,,1,,2,,,23,,1,5,,B12,120.68847,24.201012,3
2023,3,16,10,57,臺中市,大雅區,0,0,0,8,,,50,,,,,,,,,,,,,,,4,,,,,C03,,,1,,2,,,4,,1,21,,C03,120.651129,24.218693,3
2023,3,16,11,9,臺中市,西屯區,0,1,0,8,1,5,50,4,2,1,5,4,5,7,1,1,1,2,5,2,16,43,3,10,3,4,B12,7,5,1,8,2,2,,43,43,1,22,8,B12,120.602523,24.183005,2
2023,3,16,11,14,臺中市,南屯區,0,0,0,8,,,50,,,,,,,,,,,,,,,19,,,,,B02,,,1,,1,,,19,,1,5,,B02,120.636631,24.13124,3
2023,3,16,11,15,臺中市,西屯區,0,0,0,8,,,40,,,,,,,,,,,,,,,23,,,,,B03,,,1,,1,,,23,,1,22,,B03,120.619433,24.180754,3
2023,3,16,11,18,臺中市,南區,0,0,0,8,,,50,,,,,,,,,,,,,,,6,,,,,B03,,,1,,2,,,6,,1,22,,B03,120.653343,24.126564,3
2023,3,16,11,23,臺中市,西區,0,0,0,8,,,50,,,,,,,,,,,,,,,9,,,,,B01,,,1,,1,,,9,,1,10,,B01,120.666919,24.141035,3
2023,3,16,11,23,臺中市,北區,0,0,0,8,1,5,50,14,9,1,5,4,5,7,4,4,1,4,5,2,12,19,3,10,1,1,B03,7,1,4,10,2,5,,19,19,1,5,5,B03,120.680886,24.157355,3
2023,3,16,11,28,臺中市,太平區,0,0,0,8,,,50,,,,,,,,,,,,,,,19,,,,,B03,,,1,,2,,,19,,1,21,,B03,120.724454,24.148726,3
2023,3,16,11,30,臺中市,太平區,0,1,0,8,1,5,50,3,1,1,5,4,5,7,4,4,10,5,5,2,2,54,2,9,4,5,H01,8,16,8,20,10,16,,54,54,1,19,8,H01,120.715602,24.124724,2
2023,3,16,11,39,臺中市,中區,0,1,0,8,1,5,50,4,1,1,5,4,5,7,1,1,10,5,5,2,16,8,2,9,1,1,C03,7,5,1,10,2,14,,8,8,1,5,8,C03,120.683029,24.13798,2
2023,3,16,11,40,臺中市,大雅區,0,0,0,8,,,50,,,,,,,,,,,,,,,37,,,,,A41,,,1,,9,,,37,,1,22,,A41,120.61459,24.217342,3
2023,3,16,11,40,臺中市,北區,0,2,0,8,1,5,40,4,1,1,5,4,5,7,4,4,10,5,4,2,16,6,2,9,3,4,C03,7,9,1,10,2,11,,6,6,1,5,8,C03,120.683601,24.14677,2
2023,3,16,11,40,臺中市,新社區,1,0,0,8,1,5,40,11,9,1,5,4,5,7,4,4,10,5,5,1,29,43,1,9,3,4,G02,7,9,7,19,2,2,,43,43,1,22,8,G02,120.852372,24.156169,1
2023,3,16,11,41,臺中市,東區,0,0,0,,,,50,,,,,,,,,,,,,,,23,,,,,B12,,,1,,1,,,23,,1,22,,B12,120.69908,24.141924,3
2023,3,16,11,41,臺中市,沙鹿區,0,0,0,8,,,60,,,,,,,,,,,,,,,7,,,,,B03,,,1,,2,,,7,,1,22,,B03,120.580492,24.249941,3
2023,3,16,11,45,臺中市,南區,0,1,0,8,1,5,50,3,1,1,5,4,5,7,4,4,3,4,4,2,16,6,3,10,1,1,B03,7,6,3,18,2,2,,6,6,1,4,5,B03,120.665615,24.126886,2
2023,3,16,11,47,臺中市,北屯區,0,0,0,8,,,50,,,,,,,,,,,,,,,23,,,,,B03,,,1,,1,,,23,,1,20,,B03,120.67359,24.195357,3
2023,3,16,11,50,臺中市,西屯區,0,0,0,8,,,50,,,,,,,,,,,,,,,23,,,,,B11,,,1,,11,,,23,,1,22,,B11,120.656278,24.160694,3
2023,3,16,11,51,臺中市,東區,0,1,0,8,1,5,50,4,1,1,5,4,5,7,1,1,10,5,5,2,17,26,3,10,1,1,F03,7,7,8,20,2,16,,26,26,1,5,8,F03,120.694132,24.14799,2
2023,3,16,11,52,臺中市,外埔區,0,0,0,,,,50,,,,,,,,,,,,,,,42,,,,,B12,,,1,,2,,,42,,1,22,,B12,120.655586,24.338114,3
2023,3,16,11,53,臺中市,北屯區,0,0,0,8,,,50,,,,,,,,,,,,,,,12,,,,,B03,,,1,,1,,,12,12,1,22,,B03,120.686381,24.191518,3
2023,3,16,11,53,臺中市,大甲區,0,1,0,8,1,5,50,3,1,1,5,4,5,7,1,1,10,5,5,2,16,19,2,8,1,1,C03,7,1,1,10,2,12,,19,19,1,20,8,C03,120.622469,24.35308,2
2023,3,16,11,55,臺中市,西區,0,0,0,,,,50,,,,,,,,,,,,,,,26,,,,,B03,,,1,,1,,,26,,1,21,,B03,120.660051,24.150043,3
2023,3,16,11,55,臺中市,北屯區,0,0,0,8,,,50,,,,,,,,,,,,,,,23,,,,,B03,,,1,,2,,,23,,1,21,,B03,120.721295,24.169898,3
2023,3,16,11,57,臺中市,南屯區,0,0,0,8,,,50,,,,,,,,,,,,,,,10,,,,,B12,,,1,,1,,,10,,1,22,,B12,120.608825,24.134724,3
2023,3,16,11,58,臺中市,北屯區,0,1,0,8,1,5,50,4,1,1,5,4,5,7,1,1,10,5,5,2,16,7,3,10,1,1,B03,7,8,1,8,2,5,,7,7,1,21,8,B03,120.718513,24.159826,2
2023,3,16,11,58,臺中市,大肚區,0,0,0,8,,,50,,,,,,,,,,,,,,,23,,,,,B03,,,1,,2,,,23,,1,2,,B03,120.57092,24.121139,3
2023,3,16,12,0,臺中市,霧峰區,0,0,0,8,,,50,,,,,,,,,,,,,,,8,,,,,B12,,,1,,2,,,8,,1,22,,B12,120.676943,24.064333,3
2023,3,16,12,2,臺中市,北區,0,0,0,8,,,50,,,,,,,,,,,,,,,6,,,,,B03,,,1,,2,,,6,,1,22,,B03,120.694326,24.155623,3
2023,3,16,12,5,臺中市,北屯區,0,0,0,8,,,50,,,,,,,,,,,,,,,16,,,,,B03,,,1,,1,,,16,,1,5,,B03,120.747758,24.196251,3
2023,3,16,12,6,臺中市,南區,0,0,0,8,,,50,,,,,,,,,,,,,,,19,,,,,B03,,,1,,2,,,19,,1,5,,B03,120.65458,24.114819,3
2023,3,16,12,10,臺中市,西區,0,1,0,8,1,5,50,4,1,1,5,4,4,7,3,1,10,5,5,2,15,6,3,10,1,1,C03,7,9,1,10,2,12,,6,6,1,21,8,C03,120.663063,24.147868,2
2023,3,16,12,10,臺中市,南區,0,2,0,8,1,5,40,14,9,1,5,4,5,7,4,4,10,5,5,2,10,5,2,8,1,1,C03,7,9,1,10,2,14,,5,5,1,22,8,C03,120.655053,24.117592,2
2023,3,16,12,10,臺中市,西屯區,0,1,0,8,1,5,50,14,9,1,5,4,5,7,4,4,9,5,5,2,17,42,2,9,1,1,B12,7,15,1,8,2,6,,42,42,1,1,9,B12,120.605651,24.164585,2
2023,3,16,12,14,臺中市,南區,0,1,0,8,1,5,50,4,9,1,5,4,5,7,2,1,5,4,5,2,13,16,2,9,1,1,C03,7,9,1,10,2,12,,16,16,1,21,8,C03,120.679112,24.126961,2
2023,3,16,12,18,臺中市,神岡區,0,1,0,8,1,5,30,11,9,1,5,4,5,7,4,4,10,5,5,2,10,14,2,9,1,4,C03,7,9,1,10,2,11,,14,14,1,22,9,C03,120.690716,24.268,2
2023,3,16,12,20,臺中市,霧峰區,0,2,0,8,1,5,50,3,1,1,5,4,5,7,4,4,10,5,5,2,16,23,2,9,1,1,C03,7,9,1,10,2,11,,23,23,1,18,8,C03,120.699474,24.070916,2
2023,3,16,12,25,臺中市,大里區,0,0,0,8,,,50,,,,,,,,,,,,,,,23,,,,,B03,,,1,,2,,,23,,1,5,,B03,120.681661,24.10351,3
2023,3,16,12,31,臺中市,大里區,0,0,0,8,,,30,,,,,,,,,,,,,,,12,,,,,B12,,,1,,2,,,12,,1,22,,B12,120.690715,24.120051,3
2023,3,16,12,33,臺中市,西屯區,0,0,0,8,,,50,,,,,,,,,,,,,,,26,,,,,B03,,,1,,1,,,26,26,1,22,,B03,120.633748,24.182546,3
2023,3,16,12,33,臺中市,大甲區,0,0,0,,,,50,,,,,,,,,,,,,,,19,,,,,C03,,,1,,2,,,19,19,1,4,,C03,120.645459,24.404834,3
2023,3,16,12,36,臺中市,西區,0,0,0,8,,,50,,,,,,,,,,,,,,,23,,,,,B03,,,1,,2,,,23,,1,22,,B03,120.678719,24.138284,3
2023,3,16,12,38,臺中市,西屯區,0,0,0,,,,50,,,,,,,,,,,,,,,23,,,,,B12,,,1,,1,,,23,23,1,22,,B12,120.65009,24.197673,3
2023,3,16,12,38,臺中市,后里區,0,0,0,,,,40,,,,,,,,,,,,,,,23,,,,,A05,,,1,,1,,,23,,1,10,,A05,120.69753,24.310534,3
2023,3,16,12,50,臺中市,北區,0,2,0,8,1,5,30,3,1,1,5,4,5,7,4,4,5,4,5,2,16,6,2,9,1,1,C03,7,5,1,10,2,11,,6,6,1,5,5,C03,120.670026,24.166867,2
2023,3,16,12,58,臺中市,西屯區,0,2,0,8,1,5,50,4,2,1,5,4,5,7,2,1,8,3,1,1,17,6,3,10,1,1,B03,7,6,1,8,2,5,,6,6,1,22,8,B03,120.636047,24.158402,2
2023,3,16,13,5,臺中市,龍井區,0,0,0,8,,,30,,,,,,,,,,,,,,,23,,,,,B03,,,1,,11,,,38,8,1,22,,B03,120.591012,24.187798,3
2023,3,16,13,12,臺中市,東勢區,0,0,0,8,,,50,,,,,,,,,,,,,,,18,,,,,A04,,,1,,1,,,18,,1,10,,A04,120.828131,24.257529,3
2023,3,16,13,18,臺中市,大里區,0,1,0,8,1,5,50,14,9,1,5,4,5,7,4,4,1,4,5,1,12,16,2,9,1,1,C03,7,9,1,10,2,11,,16,16,1,18,8,C03,120.679159,24.113348,2
2023,3,16,13,20,臺中市,潭子區,0,0,0,8,,,50,,,,,,,,,,,,,,,19,,,,,B03,,,1,,2,,,19,,1,22,,B03,120.700447,24.213833,3
2023,3,16,13,20,臺中市,大里區,0,0,0,8,,,50,,,,,,,,,,,,,,,23,,,,,B03,,,1,,2,,,23,,1,22,,B03,120.70431,24.096041,3
2023,3,16,13,30,臺中市,豐原區,0,0,0,8,,,50,,,,,,,,,,,,,,,23,,,,,C03,,,1,,2,,,23,,1,22,,C03,120.70324,24.23821,3
2023,3,16,13,32,臺中市,西區,0,0,0,,,,50,,,,,,,,,,,,,,,7,,,,,C03,,,1,,1,,,7,,1,21,,C03,120.672769,24.135858,3
2023,3,16,13,32,臺中市,南屯區,0,1,0,8,1,5,50,15,9,1,5,4,5,7,4,4,9,5,5,2,12,23,2,9,3,4,C03,7,9,1,10,5,11,,23,23,1,12,8,C03,120.644039,24.136467,2
2023,3,16,13,37,臺中市,龍井區,0,0,0,8,,,60,,,,,,,,,,,,,,,23,,,,,B12,,,1,,2,,,23,,1,21,,B12,120.51,24.21,3
2023,3,16,13,43,臺中市,神岡區,0,0,0,8,,,50,,,,,,,,,,,,,,,5,,,,,B12,,,1,,1,,,5,,1,22,,B12,120.668525,24.272984,3
2023,3,16,13,47,臺中市,西屯區,0,3,0,8,1,5,50,3,2,1,5,4,5,7,1,1,1,4,5,2,13,16,2,9,1,1,C03,7,9,1,10,2,12,,16,16,1,22,8,C03,120.637296,24.178821,2
2023,3,16,13,50,臺中市,西屯區,0,1,0,8,1,5,50,4,1,1,5,4,5,7,2,1,1,4,3,1,17,25,3,10,1,1,B03,7,5,1,8,1,2,,25,25,1,1,9,B03,120.593044,24.183185,2
2023,3,16,13,51,臺中市,南屯區,0,0,0,8,,,50,,,,,,,,,,,,,,,7,,,,,B03,,,1,,1,,,7,,1,22,,B03,120.635213,24.151303,3
2023,3,16,13,51,臺中市,龍井區,0,0,0,8,,,60,,,,,,,,,,,,,,,7,,,,,B12,,,1,,2,,,7,,1,21,,B12,120.51,24.2,3
2023,3,16,13,52,臺中市,西區,0,0,0,8,,,50,,,,,,,,,,,,,,,12,,,,,B03,,,1,,1,,,12,,1,22,,B03,120.670639,24.1362,3
2023,3,16,13,56,臺中市,烏日區,0,1,0,8,1,5,50,11,7,1,5,4,5,7,4,4,1,5,1,1,20,23,2,9,1,1,B03,7,6,1,8,2,8,,23,23,1,4,1,B03,120.586716,24.11299,2
2023,3,16,14,0,臺中市,豐原區,0,0,0,8,,,30,,,,,,,,,,,,,,,12,,,,,B03,,,1,,2,,,12,,1,22,,B03,120.722506,24.243299,3
2023,3,16,14,9,臺中市,太平區,0,2,0,8,1,5,30,3,1,1,5,4,5,7,4,4,10,5,5,1,16,23,2,9,1,1,C03,7,9,1,10,2,11,,23,23,1,22,8,C03,120.708061,24.131027,2
2023,3,16,14,19,臺中市,東區,0,0,0,,,,50,,,,,,,,,,,,,,,7,,,,,B03,,,1,,2,,,7,,1,5,,B03,120.69234,24.139424,3
2023,3,16,14,20,臺中市,北區,0,1,0,8,1,5,40,14,8,1,5,4,5,7,4,4,3,4,4,2,17,7,3,10,1,1,B03,7,8,1,8,2,2,,7,7,1,22,9,B03,120.674157,24.163627,2
2023,3,16,14,20,臺中市,西屯區,0,0,0,8,,,80,,,,,,,,,,,,,,,7,,,,,B03,,,1,,1,,,7,,1,22,,B03,120.63364,24.172575,3
2023,3,16,14,20,臺中市,霧峰區,0,2,0,8,1,5,40,14,9,1,5,4,5,7,4,4,10,5,5,1,17,40,3,10,1,1,B03,7,13,1,8,2,8,,40,40,1,9,8,B03,120.664671,24.059862,2
2023,3,16,14,23,臺中市,東區,0,1,0,8,1,5,50,5,9,1,5,4,5,7,1,1,5,5,5,2,16,42,3,10,3,4,B03,7,15,1,8,2,2,,42,42,1,5,8,B03,120.706326,24.148564,2
2023,3,16,14,25,臺中市,北屯區,0,1,0,8,1,5,50,3,1,1,5,4,5,7,1,1,10,5,5,2,16,23,3,10,1,1,B03,7,5,1,8,2,2,,23,23,1,21,8,B03,120.691359,24.164956,2
2023,3,16,14,26,臺中市,北屯區,0,0,0,,,,50,,,,,,,,,,,,,,,7,,,,,B03,,,1,,1,,,44,,1,22,,B03,120.688337,24.18201,3
2023,3,16,14,28,臺中市,大里區,0,0,0,8,,,25,,,,,,,,,,,,,,,12,,,,,B03,,,1,,9,,,12,,1,22,,B03,120.689082,24.101313,3
2023,3,16,14,33,臺中市,太平區,0,1,0,8,1,5,50,4,2,1,5,4,5,7,1,1,5,4,5,2,13,23,2,7,1,1,C03,7,9,1,10,2,11,,23,23,1,21,8,C03,120.700547,24.147973,2
2023,3,16,14,34,臺中市,西區,0,0,0,8,,,50,,,,,,,,,,,,,,,7,,,,,C03,,,1,,1,,,7,,1,22,,C03,120.666516,24.140767,3
2023,3,16,14,35,臺中市,西區,0,2,0,8,1,5,50,4,1,1,5,4,5,7,1,1,10,5,5,2,15,25,2,9,1,1,C04,7,9,1,8,2,12,,25,25,1,5,8,C04,120.666736,24.141067,2
2023,3,16,14,35,臺中市,后里區,0,1,0,8,1,5,50,3,1,1,5,4,5,7,3,1,10,5,5,2,12,7,2,9,1,1,C03,7,8,3,18,2,11,,7,7,1,21,1,C03,120.727128,24.325331,2
2023,3,16,14,36,臺中市,神岡區,0,0,0,8,,,30,,,,,,,,,,,,,,,17,,,,,B12,,,6,,2,,,17,,1,22,,B12,120.683039,24.273167,3
2023,3,16,14,39,臺中市,西屯區,0,1,0,8,1,5,50,14,9,1,5,4,5,7,4,4,1,5,5,2,18,43,2,9,1,1,C03,7,9,1,10,2,14,,43,43,1,22,8,C03,120.628397,24.171741,2
2023,3,16,14,40,臺中市,北屯區,0,0,0,8,,,50,,,,,,,,,,,,,,,6,,,,,B03,,,1,,1,,,6,,1,21,,B03,120.71111,24.179921,3
2023,3,16,14,41,臺中市,東區,0,0,0,8,1,5,40,4,2,1,5,4,5,7,1,1,5,5,4,2,17,19,3,10,1,1,B12,7,1,1,8,2,8,,19,19,1,21,8,B12,120.711254,24.144422,3
2023,3,16,14,44,臺中市,烏日區,0,0,0,,,,30,,,,,,,,,,,,,,,9,,,,,B12,,,1,,2,,,9,,1,22,,B12,120.628101,24.104993,3
2023,3,16,14,45,臺中市,豐原區,0,1,0,8,1,5,50,14,7,1,5,4,5,7,4,4,4,5,4,2,12,7,3,10,1,1,C03,7,7,1,10,2,11,14,7,7,1,21,8,C03,120.732634,24.255348,2
2023,3,16,14,50,臺中市,東區,0,0,0,8,,,50,,,,,,,,,,,,,,,23,,,,,B03,,,1,,9,,,23,,1,22,,B03,120.70705,24.131719,3
2023,3,16,14,56,臺中市,中區,0,1,0,8,1,8,50,4,1,1,5,4,5,7,4,4,10,5,5,2,17,6,2,9,1,1,C03,7,9,1,10,2,11,,6,6,1,21,8,C03,120.677683,24.140574,2
2023,3,16,14,56,臺中市,西區,0,0,0,8,,,50,,,,,,,,,,,,,,,23,,,,,B03,,,1,,1,,,23,,1,22,,B03,120.673112,24.139687,3
2023,3,16,15,2,臺中市,北屯區,0,1,0,8,1,5,50,5,1,1,5,4,5,7,1,1,10,5,5,2,16,26,3,10,1,1,B03,7,6,1,7,2,5,,26,26,1,22,8,B03,120.685679,24.175769,2
2023,3,16,15,3,臺中市,霧峰區,0,1,0,8,2,5,50,3,1,1,5,4,5,7,4,4,9,4,5,1,16,6,2,7,1,1,C04,7,5,1,10,2,11,,23,6,1,21,9,C04,120.700121,24.068463,2
2023,3,16,15,4,臺中市,大雅區,0,0,0,8,,,50,,,,,,,,,,,,,,,23,,,,,B12,,,1,,2,,,23,,1,22,,B12,120.658191,24.230797,3
2023,3,16,15,7,臺中市,東區,0,0,0,8,1,5,50,3,1,1,5,4,5,7,4,4,1,4,5,2,13,23,3,10,1,1,B12,7,9,6,8,5,1,,23,23,1,5,8,B12,120.703442,24.125466,3
2023,3,16,15,11,臺中市,北區,0,1,0,8,1,5,50,3,1,1,5,4,5,7,4,4,10,4,5,2,13,23,3,10,1,1,B11,7,9,1,4,2,1,,23,23,1,22,8,B11,120.682699,24.147144,2
2023,3,16,15,15,臺中市,西區,0,0,0,8,,,50,,,,,,,,,,,,,,,17,,,,,B03,,,1,,1,,,17,,1,22,,B03,120.667574,24.130765,3
2023,3,16,15,16,臺中市,后里區,0,2,0,8,1,5,50,12,9,1,5,4,5,7,4,4,5,5,5,1,13,16,2,9,1,1,C03,7,9,1,10,2,11,,16,16,1,21,1,C03,120.723503,24.325363,2
2023,3,16,15,18,臺中市,大甲區,0,2,0,8,1,5,50,4,1,1,5,4,5,7,3,1,10,5,5,2,15,6,2,7,1,1,B03,7,9,1,8,2,1,,6,6,1,21,8,B03,120.62691,24.34919,2
2023,3,16,15,20,臺中市,烏日區,0,1,0,8,1,5,30,4,1,1,5,4,5,7,4,4,5,5,5,2,15,6,3,10,1,1,B03,7,9,1,8,2,5,,6,6,1,21,8,B03,120.644574,24.080144,2
2023,3,16,15,21,臺中市,南區,0,1,0,8,1,5,50,4,1,1,5,4,5,7,1,1,10,5,5,2,17,26,2,9,1,1,C03,7,5,1,10,7,11,,26,26,1,22,8,C03,120.650118,24.120638,2
2023,3,16,15,30,臺中市,南區,0,0,0,8,1,5,50,14,8,1,5,4,5,7,4,4,1,4,4,2,12,23,3,10,1,1,B03,7,9,1,8,2,2,,23,23,1,22,8,B03,120.677565,24.1296,3
2023,3,16,15,31,臺中市,北屯區,0,0,0,8,,,80,,,,,,,,,,,,,,,23,,,,,B03,,,1,,2,,,23,,1,22,,B03,120.690056,24.201105,3
2023,3,16,15,31,臺中市,神岡區,0,2,0,8,1,5,50,14,9,1,5,4,5,7,4,4,5,5,5,1,17,42,2,9,1,1,C03,7,12,3,18,2,15,,42,42,1,22,8,C03,120.656555,24.264613,2
2023,3,16,15,36,臺中市,西區,0,0,0,8,,,30,,,,,,,,,,,,,,,43,,,,,,,,,,,,,43,,1,,,,120.662271,24.151283,3
2023,3,16,15,44,臺中市,西屯區,0,0,0,8,,,30,,,,,,,,,,,,,,,42,,,,,B03,,,1,,1,,,42,,1,4,,B03,120.649779,24.172018,3
2023,3,16,15,45,臺中市,北區,0,1,0,8,1,5,50,4,2,1,5,4,5,7,1,1,1,4,4,2,16,6,3,10,1,1,B03,7,6,1,8,2,2,,6,6,1,21,8,B03,120.685456,24.163099,2
2023,3,16,15,46,臺中市,南區,0,0,0,8,,,50,,,,,,,,,,,,,,,9,,,,,B03,,,1,,2,,,9,,1,4,,B03,120.669023,24.128559,3
2023,3,16,15,54,臺中市,北區,0,0,0,8,,,40,,,,,,,,,,,,,,,12,,,,,B03,,,1,,1,,,12,,1,22,,B03,120.677941,24.149219,3
2023,3,16,15,54,臺中市,豐原區,0,1,0,8,1,5,50,4,1,1,5,4,5,7,1,1,10,5,5,2,16,25,2,9,1,1,C03,7,9,1,10,2,11,,25,25,1,22,8,C03,120.721777,24.277597,2
2023,3,16,15,55,臺中市,東區,0,0,0,8,1,5,50,14,8,1,5,4,3,7,4,4,1,4,4,2,14,12,3,10,1,1,B03,7,2,1,8,2,7,,12,12,1,5,8,B03,120.696284,24.136558,3
2023,3,16,16,0,臺中市,烏日區,0,0,0,8,,,30,,,,,,,,,,,,,,,42,,,,,A11,,,1,,2,,,42,,1,21,,A11,120.652502,24.064839,3
2023,3,16,16,2,臺中市,神岡區,0,0,0,8,,,30,,,,,,,,,,,,,,,5,,,,,C03,,,1,,2,,,5,5,2,22,,C03,120.676006,24.253203,3
2023,3,16,16,6,臺中市,北屯區,0,1,0,8,1,5,30,3,1,1,5,4,5,7,4,4,10,5,5,2,16,6,3,10,1,1,B03,7,5,1,7,2,5,,6,6,1,22,8,B03,120.697973,24.177538,2
2023,3,16,16,8,臺中市,大里區,0,1,0,8,1,5,50,14,9,1,5,4,5,7,3,1,5,5,5,1,29,42,2,9,1,1,F03,7,9,8,20,11,16,,42,42,1,22,8,F03,120.727716,24.087281,2
2023,3,16,16,15,臺中市,西屯區,0,0,0,8,,,50,,,,,,,,,,,,,,,42,,,,,B03,,,1,,1,,,42,,1,22,,B03,120.616386,24.190905,3
2023,3,16,16,15,臺中市,豐原區,0,0,0,8,,,60,,,,,,,,,,,,,,,10,,,,,B12,,,1,,2,,,10,,1,21,,B12,120.712581,24.2624,3
2023,3,16,16,20,臺中市,南區,0,0,0,8,1,5,50,14,7,1,5,4,5,7,4,4,1,4,5,2,12,7,3,10,1,1,B03,7,9,1,8,2,5,,7,7,1,22,8,B03,120.651127,24.111974,3
2023,3,16,16,21,臺中市,豐原區,0,0,0,8,,,50,,,,,,,,,,,,,,,16,,,,,B12,,,1,,1,,,16,,1,21,,B12,120.700085,24.248991,3
2023,3,16,16,22,臺中市,南屯區,0,0,0,8,,,30,,,,,,,,,,,,,,,12,,,,,B12,,,1,,1,,,12,,1,22,,B12,120.612271,24.135536,3
2023,3,16,16,23,臺中市,北區,0,0,0,8,1,5,50,4,1,1,5,4,5,7,2,1,10,5,5,2,12,6,,,,,B03,,,1,,1,,,6,,1,22,,B03,120.665074,24.166525,3
2023,3,16,16,24,臺中市,龍井區,0,1,0,8,1,5,50,4,18,1,5,4,5,7,2,1,10,5,5,2,3,15,3,10,1,1,B12,7,5,1,8,2,1,,15,15,1,6,4,B12,120.581756,24.175893,2
2023,3,16,16,24,臺中市,龍井區,0,0,0,8,,,70,,,,,,,,,,,,,,,23,,,,,B03,,,1,,1,,,23,,1,22,,B03,120.581384,24.18823,3