年,月,日,時,分,縣市,區,死,受傷,2-30,天候,光線,道路類別,速限,道路型態,事故位置,路面鋪裝,路面狀態,路面缺陷,障礙物,視距,號誌種類,號誌動作,分向設施,快車道或一般車道間,快慢車道間,路面邊線,事故類型及型態,主要肇因,受傷程度,主要傷處,保護裝備,行動電話,當事者區分,車輛用途,當事者行動狀態,駕駛資格情形,駕駛執照種類,飲酒情形,車輛撞擊部位最初,車輛撞擊部位其他,肇事因素個別,肇事因素主要,肇事逃逸,職業,旅次目的,車種,GPS緯度,GPS經度,事故類別
2023,3,16,16,25,臺中市,西屯區,0,2,0,8,1,5,50,14,9,1,5,4,5,7,4,4,5,4,5,2,13,16,2,9,1,1,C03,7,9,1,10,2,11,,16,16,1,22,8,C03,120.620472,24.186883,2
2023,3,16,16,31,臺中市,神岡區,0,2,0,8,1,5,30,15,9,1,5,4,5,7,4,4,10,5,5,1,17,5,2,9,1,1,C03,7,15,2,18,2,11,,5,5,1,22,8,C03,120.68854,24.254874,2
2023,3,16,16,34,臺中市,北屯區,0,0,0,8,,,50,,,,,,,,,,,,,,,23,,,,,B03,,,1,,2,,,23,,1,22,,B03,120.66065,24.191436,3
2023,3,16,16,39,臺中市,南區,0,1,0,8,1,5,50,4,1,1,5,4,5,7,1,1,10,5,5,2,17,42,3,10,1,1,B03,7,9,1,10,2,1,,42,42,1,22,8,B03,120.666517,24.115185,2
2023,3,16,16,39,臺中市,大里區,0,0,0,8,,,50,,,,,,,,,,,,,,,23,,,,,B03,,,1,,1,,,23,,1,22,,B03,120.678545,24.115878,3
2023,3,16,16,40,臺中市,東區,0,0,0,8,,,50,,,,,,,,,,,,,,,23,,,,,A12,,,1,,1,,,23,,1,3,,A12,120.696471,24.135629,3
2023,3,16,16,40,臺中市,神岡區,0,1,0,8,1,5,20,14,22,1,5,4,5,7,4,4,9,5,5,1,12,42,3,10,3,4,F01,7,5,8,20,1,16,,42,42,1,22,9,F01,120.652015,24.162491,2
2023,3,16,16,41,臺中市,梧棲區,0,1,0,8,1,5,50,4,1,1,5,4,5,7,4,4,10,5,5,2,15,6,3,10,1,1,B12,7,9,1,8,2,6,,6,6,1,3,1,B12,120.548737,24.257095,2
2023,3,16,16,45,臺中市,南區,0,0,0,8,,,30,,,,,,,,,,,,,,,23,,,,,B03,,,1,,2,,,23,,1,22,,B03,120.679702,24.121144,3
2023,3,16,16,45,臺中市,西屯區,0,2,0,8,1,5,50,4,2,1,5,4,5,7,1,1,5,5,5,2,13,16,2,8,3,4,C03,7,9,1,10,1,15,,16,16,1,22,8,C03,120.646958,24.169123,2
2023,3,16,16,46,臺中市,大里區,0,0,0,8,,,30,,,,,,,,,,,,,,,6,,,,,B03,,,1,,2,,,6,,1,21,,B03,120.706193,24.084123,3
2023,3,16,16,48,臺中市,北區,0,1,0,8,1,5,50,4,1,1,5,4,5,7,4,4,10,5,5,2,16,6,3,10,1,1,B12,7,5,1,8,2,8,,6,6,1,22,8,B12,120.677336,24.161681,2
2023,3,16,16,48,臺中市,北屯區,0,1,0,8,1,5,50,3,1,1,5,4,5,7,4,4,5,5,4,2,16,6,3,10,1,1,B03,7,5,1,8,2,8,,6,6,1,22,8,B03,120.662137,24.196338,2
2023,3,16,16,50,臺中市,東區,0,1,0,8,1,5,50,4,1,1,5,4,5,7,1,1,10,5,5,2,12,44,3,10,1,1,B03,7,6,1,8,2,2,,44,44,1,22,8,B03,120.703442,24.125466,2
2023,3,16,16,53,臺中市,大雅區,0,2,0,8,1,5,50,14,9,1,5,4,5,7,4,4,5,4,5,1,3,53,2,9,4,5,H01,8,18,8,20,1,16,,53,53,1,22,9,H01,120.650042,24.220638,2
2023,3,16,16,53,臺中市,豐原區,0,1,0,8,1,5,50,14,9,1,5,4,5,7,4,4,9,5,5,1,17,43,2,9,1,1,C03,7,9,1,10,2,15,,43,43,1,22,8,C03,120.711052,24.253319,2
2023,3,16,16,54,臺中市,豐原區,0,2,0,8,1,5,50,4,1,1,5,4,5,7,1,1,5,5,5,2,16,6,2,9,1,1,C03,7,5,1,10,2,11,,6,6,1,5,8,C03,120.720458,24.249403,2
2023,3,16,17,0,臺中市,西區,0,0,0,8,,,50,,,,,,,,,,,,,,,23,,,,,B03,,,1,,1,,,23,,1,22,,B03,120.661966,24.135692,3
2023,3,16,17,0,臺中市,北區,0,0,0,,,,,,,,,,,,,,,,,,,67,,,,,,,,,,,,,67,,1,,,,120.688899,24.156708,3
2023,3,16,17,0,臺中市,南區,0,1,0,8,1,5,50,14,7,1,5,4,5,7,4,4,1,4,4,2,18,13,2,9,1,1,C03,7,9,1,10,2,12,,13,13,1,18,8,C03,120.658185,24.117542,2
2023,3,16,17,0,臺中市,大肚區,0,1,0,8,1,5,50,11,9,1,5,4,5,7,4,4,5,5,5,1,18,42,2,9,1,1,C03,7,5,1,10,2,14,,42,42,1,22,8,C03,120.574216,24.149918,2
2023,3,16,17,4,臺中市,西屯區,0,0,0,8,,,40,,,,,,,,,,,,,,,18,,,,,B03,,,1,,1,,,18,,1,22,,B03,120.639966,24.159454,3
2023,3,16,17,5,臺中市,西屯區,0,1,0,8,1,5,50,14,7,1,5,4,5,7,4,4,9,5,4,2,13,10,3,10,3,4,C03,7,11,1,10,2,13,,10,10,1,22,8,C03,120.657202,24.167131,2
2023,3,16,17,5,臺中市,西屯區,0,0,0,8,,,50,,,,,,,,,,,,,,,26,,,,,B03,,,1,,1,,,26,,1,22,,B03,120.637664,24.163226,3
2023,3,16,17,5,臺中市,東勢區,0,0,0,6,1,5,60,3,9,1,5,4,5,7,2,1,1,5,5,1,12,7,,,,,B03,,,1,,2,,,7,7,1,22,,B03,120.824117,24.258354,3
2023,3,16,17,10,臺中市,西屯區,0,1,0,8,1,5,50,14,9,1,5,4,5,7,4,4,10,4,5,2,13,16,2,9,3,4,C03,7,9,1,10,2,11,,16,16,1,22,9,C03,120.644916,24.178287,2
2023,3,16,17,11,臺中市,東區,0,0,0,,,,50,,,,,,,,,,,,,,,23,,,,,B03,,,1,,2,,,23,,1,22,,B03,120.698311,24.142661,3
2023,3,16,17,11,臺中市,霧峰區,0,0,0,8,,,50,,,,,,,,,,,,,,,23,,,,,B03,,,1,,2,,,23,,1,22,,B03,120.701863,24.067923,3
2023,3,16,17,13,臺中市,東區,0,1,0,8,1,5,50,4,1,1,5,4,5,7,1,1,1,5,5,2,16,19,2,9,2,1,F01,7,1,8,20,2,16,,19,19,1,20,8,F01,120.696883,24.140365,2
2023,3,16,17,15,臺中市,西屯區,0,3,0,8,1,5,50,3,1,1,5,4,5,7,4,4,10,5,5,2,17,10,2,9,1,1,C03,7,11,1,10,2,12,,10,10,1,21,8,C03,120.621343,24.186659,2
2023,3,16,17,17,臺中市,南區,0,0,0,8,,,50,,,,,,,,,,,,,,,7,,,,,C03,,,1,,9,,,7,,1,4,,C03,120.659021,24.113115,3
2023,3,16,17,18,臺中市,神岡區,0,0,0,8,,,30,,,,,,,,,,,,,,,17,,,,,B03,,,1,,1,,,17,,1,21,,B03,120.667188,24.258821,3
2023,3,16,17,23,臺中市,北屯區,0,1,0,8,1,5,30,4,1,1,5,4,5,7,4,4,10,5,5,2,15,6,2,9,1,1,C03,7,9,1,10,2,14,,6,6,1,21,8,C03,120.692425,24.194144,2
2023,3,16,17,25,臺中市,西屯區,0,1,0,8,1,5,1,14,9,1,5,4,5,7,4,4,4,3,5,2,3,51,3,10,4,5,H01,8,20,8,20,1,16,,51,51,1,22,8,H01,120.64214,24.178178,2
2023,3,16,17,28,臺中市,北區,0,2,0,8,1,5,50,14,8,1,5,4,5,7,4,4,5,4,4,2,16,19,2,9,1,1,C03,7,1,1,10,2,11,,19,19,1,22,8,C03,120.680611,24.159247,2
2023,3,16,17,28,臺中市,霧峰區,0,0,0,8,,,50,,,,,,,,,,,,,,,23,,,,,B03,,,1,,2,,,23,,1,1,,B03,120.69699,24.070048,3
2023,3,16,17,28,臺中市,沙鹿區,0,1,0,8,2,5,50,14,9,1,5,4,5,7,4,4,8,5,5,1,13,23,3,10,1,1,B12,7,9,1,7,2,1,,23,23,1,9,8,B12,120.603989,24.262228,2
2023,3,16,17,29,臺中市,霧峰區,0,1,0,8,1,5,50,3,1,1,5,4,5,7,4,4,10,5,5,2,17,23,3,10,3,4,B03,7,9,1,8,2,1,,23,23,1,21,5,B03,120.714636,24.075883,2
2023,3,16,17,29,臺中市,后里區,0,0,0,,,,50,,,,,,,,,,,,,,,18,,,,,B12,,,1,,2,,,18,,1,4,,B12,120.726193,24.309224,3
2023,3,16,17,30,臺中市,北區,0,0,0,8,1,5,50,14,9,1,5,4,5,7,4,4,10,5,5,2,14,12,,,,,B03,,,1,,2,,,12,,1,22,,B03,120.680821,24.165455,3
2023,3,16,17,30,臺中市,東區,0,1,0,8,1,5,50,4,1,1,5,4,5,7,4,4,10,5,5,2,15,6,2,9,1,1,C03,7,9,1,10,2,11,,6,6,1,22,8,C03,120.688178,24.140988,2
2023,3,16,17,30,臺中市,北屯區,0,1,0,8,2,5,50,4,1,1,5,4,5,7,4,4,10,5,5,2,15,6,2,9,1,1,C03,7,9,1,10,2,13,,6,6,1,22,8,C03,120.726766,24.163255,2
2023,3,16,17,32,臺中市,東區,0,0,0,8,1,5,30,13,9,1,5,4,5,7,4,4,10,5,5,2,17,43,3,10,1,1,B03,7,1,1,8,2,5,,43,43,1,5,8,B03,120.694333,24.124609,3
2023,3,16,17,34,臺中市,西區,0,0,0,8,,,30,,,,,,,,,,,,,,,19,,,,,C03,,,1,,1,,,19,,1,4,,C03,120.661875,24.144595,3
2023,3,16,17,37,臺中市,霧峰區,0,1,0,8,1,5,30,11,9,1,5,4,5,7,4,4,10,5,5,2,17,23,2,9,1,1,C03,7,6,1,10,2,11,,23,23,1,22,8,C03,120.687738,24.042865,2
2023,3,16,17,38,臺中市,北屯區,0,0,0,8,,,50,,,,,,,,,,,,,,,7,,,,,B03,,,1,,2,,,7,,1,22,,B03,120.679906,24.17311,3
2023,3,16,17,41,臺中市,大里區,0,0,0,8,,,50,,,,,,,,,,,,,,,23,,,,,C03,,,1,,2,,,23,,1,3,,C03,120.691735,24.083137,3
2023,3,16,17,42,臺中市,太平區,0,1,0,8,1,5,40,4,2,1,5,4,5,7,1,1,5,4,4,1,13,42,3,10,1,1,C03,7,9,1,10,2,11,,42,42,1,21,8,C03,120.721761,24.149087,2
2023,3,16,17,42,臺中市,太平區,0,1,0,8,1,5,50,14,9,1,5,4,5,7,4,4,5,4,5,1,13,16,2,9,1,1,C03,7,9,1,10,2,11,,16,16,1,18,8,C03,120.733917,24.157814,2
2023,3,16,17,44,臺中市,潭子區,0,2,0,8,2,5,50,14,9,1,5,4,5,7,4,4,9,4,4,1,17,10,3,10,1,1,B03,7,11,1,8,2,4,,10,10,1,22,8,B03,120.72169,24.197961,2
2023,3,16,17,44,臺中市,烏日區,0,2,0,8,1,5,30,13,9,1,5,4,5,7,4,4,10,5,5,2,11,7,2,6,1,1,C03,7,8,1,10,2,12,,7,7,1,21,1,C03,120.657085,24.061112,2
2023,3,16,17,44,臺中市,沙鹿區,0,1,0,8,1,5,30,14,9,1,5,4,5,7,4,4,10,5,5,2,10,5,3,10,1,1,B03,7,9,1,8,2,8,,5,5,1,21,8,B03,120.576225,24.224007,2
2023,3,16,17,47,臺中市,西屯區,0,0,0,8,,,60,,,,,,,,,,,,,,,7,,,,,B03,,,1,,1,,,7,,1,22,,B03,120.643343,24.166521,3
2023,3,16,17,47,臺中市,梧棲區,0,0,0,,,,70,,,,,,,,,,,,,,,26,,,,,B03,,,1,,2,,,26,,1,4,,B03,120.549872,24.244951,3
2023,3,16,17,48,臺中市,大里區,0,2,0,8,1,5,50,5,1,1,5,4,5,7,1,1,10,5,5,2,16,23,2,9,1,1,C03,7,5,1,10,2,12,,23,23,1,5,5,C03,120.684735,24.119338,2
2023,3,16,17,54,臺中市,太平區,0,2,0,8,3,5,50,4,1,1,5,4,5,7,1,1,10,5,5,2,16,6,2,9,1,1,F03,7,5,8,20,2,16,,6,6,1,21,8,F03,120.724025,24.111108,2
2023,3,16,17,58,臺中市,南區,0,1,0,8,3,5,50,3,1,1,5,4,5,7,4,4,10,5,5,2,17,42,3,10,1,1,C03,7,5,1,10,2,11,,42,42,1,22,8,C03,120.656094,24.119864,2
2023,3,16,17,58,臺中市,西屯區,0,0,0,8,,,50,,,,,,,,,,,,,,,23,,,,,C03,,,1,,1,,,23,,1,21,,C03,120.615608,24.189581,3
2023,3,16,17,58,臺中市,外埔區,0,1,0,7,1,5,50,4,1,1,5,4,5,7,2,1,10,5,4,1,11,6,3,10,1,1,B03,7,5,1,8,2,5,,6,6,1,22,8,B03,120.656578,24.328625,2
2023,3,16,18,0,臺中市,西區,0,0,0,8,,,50,,,,,,,,,,,,,,,23,,,,,B12,,,1,,1,,,23,,1,21,,B12,120.658977,24.155921,4
2023,3,16,18,0,臺中市,北屯區,0,0,0,8,,,50,,,,,,,,,,,,,,,23,,,,,B12,,,1,,11,,,23,23,1,22,,B12,120.678048,24.173245,3
2023,3,16,18,0,臺中市,沙鹿區,0,0,0,,,,50,,,,,,,,,,,,,,,42,,,,,C03,,,1,,1,,,42,,1,21,,C03,120.563167,24.237757,3
2023,3,16,18,1,臺中市,豐原區,0,0,0,8,,,50,,,,,,,,,,,,,,,23,,,,,B03,,,1,,2,,,23,,1,22,,B03,120.750391,24.269885,3
2023,3,16,18,3,臺中市,大里區,0,0,0,8,,,50,,,,,,,,,,,,,,,17,,,,,B03,,,1,,1,,,17,,1,5,,B03,120.688278,24.106406,3
2023,3,16,18,5,臺中市,北屯區,0,0,0,8,,,50,,,,,,,,,,,,,,,19,,,,,B03,,,1,,2,,,19,,1,21,,B03,120.719192,24.172532,3
2023,3,16,18,5,臺中市,西屯區,0,1,0,8,2,5,50,3,9,1,5,4,5,7,4,4,1,4,5,2,13,23,3,10,3,4,B03,7,9,1,8,2,5,,23,23,1,22,8,B03,120.61354,24.186863,2
2023,3,16,18,10,臺中市,大里區,0,0,0,8,,,40,,,,,,,,,,,,,,,23,,,,,C03,,,1,,2,,,23,,1,21,,C03,120.689951,24.092782,4
2023,3,16,18,11,臺中市,北屯區,0,1,0,8,2,5,50,14,9,1,5,4,5,7,4,4,3,4,5,2,13,16,2,9,1,1,C03,7,9,1,10,2,11,,16,16,1,22,8,C03,120.693313,24.16202,2
2023,3,16,18,12,臺中市,大雅區,0,0,0,8,,,50,,,,,,,,,,,,,,,23,,,,,B03,,,1,,2,,,23,23,1,22,,B03,120.650054,24.216314,3
2023,3,16,18,15,臺中市,大雅區,0,0,0,8,,,30,,,,,,,,,,,,,,,12,,,,,B03,,,1,,2,,,12,,1,21,,B03,120.667783,24.23973,3
2023,3,16,18,15,臺中市,南屯區,0,1,0,8,3,5,50,4,1,1,5,4,5,7,2,1,10,5,5,2,9,12,3,10,1,1,B03,7,2,1,10,2,3,,12,12,1,22,9,B03,120.638511,24.145313,2
2023,3,16,18,15,臺中市,龍井區,0,1,0,8,1,5,50,5,1,1,5,4,5,7,4,4,10,5,5,2,11,23,3,10,1,1,B03,7,5,1,8,2,8,,23,23,1,22,8,B03,120.57042,24.175538,2
2023,3,16,18,19,臺中市,西區,0,0,0,8,,,50,,,,,,,,,,,,,,,23,,,,,B03,,,1,,1,,,23,,1,22,,B03,120.654346,24.150864,3
2023,3,16,18,20,臺中市,大雅區,0,2,0,8,3,5,30,3,1,1,5,4,5,7,1,1,10,4,5,1,13,23,3,10,1,1,C03,7,1,1,8,2,11,,23,23,1,22,9,C03,120.635487,24.219262,2
2023,3,16,18,20,臺中市,北屯區,0,1,0,8,3,5,50,4,1,1,5,4,5,7,1,1,10,5,5,2,16,19,2,9,1,1,C03,7,1,6,10,2,15,,19,19,1,22,8,C03,120.695089,24.185355,2
2023,3,16,18,23,臺中市,潭子區,0,1,0,8,3,8,30,14,20,1,5,4,5,7,4,4,10,5,5,2,9,23,3,10,1,1,B02,7,5,1,8,2,1,,23,23,1,22,8,B02,120.706437,24.201051,2
2023,3,16,18,23,臺中市,北區,0,0,0,8,,,50,,,,,,,,,,,,,,,27,,,,,C03,,,1,,11,,,27,27,2,22,,C03,120.668033,24.162965,3
2023,3,16,18,26,臺中市,神岡區,0,1,0,8,3,5,50,3,1,1,5,4,5,7,1,1,1,4,5,2,13,23,2,9,1,1,B03,7,9,1,7,2,1,,23,23,1,21,8,B03,120.69921,24.249036,2
2023,3,16,18,26,臺中市,神岡區,0,0,0,8,,,50,,,,,,,,,,,,,,,42,,,,,B03,,,1,,2,,,42,42,1,22,,B03,120.700241,24.251171,3
2023,3,16,18,29,臺中市,南區,0,3,0,8,3,5,50,4,1,1,5,4,5,7,1,1,10,5,5,2,17,9,2,8,1,1,C03,7,6,1,10,2,12,,9,9,1,22,8,C03,120.681109,24.126388,2
2023,3,16,18,31,臺中市,南屯區,0,0,0,,,,80,,,,,,,,,,,,,,,23,,,,,B03,,,1,,1,,,23,,1,22,,B03,120.623033,24.140267,3
2023,3,16,18,32,臺中市,大里區,0,2,0,8,3,5,50,14,9,1,5,4,5,7,4,4,5,5,5,1,17,8,2,9,1,1,F01,7,5,8,20,2,16,,8,8,1,22,8,F01,120.709276,24.106813,2
2023,3,16,18,38,臺中市,南區,0,0,0,8,3,5,50,14,7,1,5,4,5,7,4,4,1,4,4,2,13,23,3,10,1,1,C03,7,7,1,10,2,11,,23,23,1,5,8,C03,120.656655,24.116477,3
2023,3,16,18,38,臺中市,北屯區,0,0,0,8,,,50,,,,,,,,,,,,,,,16,,,,,C03,,,1,,1,,,16,,1,22,,C03,120.669364,24.178578,3
2023,3,16,18,39,臺中市,西區,0,3,0,8,3,5,50,3,7,1,5,4,5,7,4,4,1,4,4,2,13,16,2,8,1,1,C03,7,9,1,10,2,11,,16,16,1,4,8,C03,120.657373,24.145561,2
2023,3,16,18,42,臺中市,沙鹿區,0,2,0,8,1,5,50,3,2,1,5,4,5,7,1,1,5,5,5,2,13,23,2,8,1,1,C03,7,9,1,10,2,11,,23,23,1,21,8,C03,120.571286,24.19833,2
2023,3,16,18,43,臺中市,梧棲區,0,0,0,8,,,50,,,,,,,,,,,,,,,1,,,,,B12,,,1,,1,,,1,,1,5,,B12,120.528366,24.22188,3
2023,3,16,18,44,臺中市,南區,0,0,0,8,,,50,,,,,,,,,,,,,,,23,,,,,B12,,,1,,2,,,23,,1,22,,B12,120.658396,24.113342,3
2023,3,16,18,46,臺中市,東區,0,2,0,8,3,5,50,14,9,1,5,4,5,7,3,1,1,5,5,2,13,23,2,9,1,1,C03,7,9,1,10,2,11,,23,23,1,5,8,C03,120.690481,24.138528,2
2023,3,16,18,50,臺中市,東區,0,0,0,8,,,50,,,,,,,,,,,,,,,23,,,,,B12,,,1,,2,,,23,,1,22,,B12,120.685371,24.129597,3
2023,3,16,18,50,臺中市,沙鹿區,0,2,0,8,3,5,50,3,1,1,5,4,5,7,4,4,10,5,5,2,16,23,3,10,1,1,B12,7,5,1,8,2,1,,23,23,1,18,5,B12,120.571258,24.216338,2
2023,3,16,18,54,臺中市,西屯區,0,1,0,8,3,5,50,3,1,1,5,4,5,7,2,1,10,5,5,2,3,15,3,10,3,4,B03,7,5,1,8,2,1,,15,15,1,22,8,B03,120.614344,24.176333,2
2023,3,16,18,59,臺中市,西屯區,0,0,0,8,,,50,,,,,,,,,,,,,,,7,,,,,B03,,,1,,2,,,7,,1,21,,B03,120.635265,24.171748,3
2023,3,16,19,0,臺中市,清水區,0,2,0,8,3,5,50,3,1,1,5,4,5,7,3,1,10,5,5,2,16,6,2,9,1,1,C03,7,5,1,10,2,14,,6,6,1,5,5,C03,120.548391,24.262502,2
2023,3,16,19,3,臺中市,太平區,0,1,0,8,3,5,50,4,1,1,5,4,5,7,2,1,10,5,5,2,16,23,2,8,1,1,C03,7,9,1,10,2,14,,23,23,1,21,8,C03,120.7172,24.156903,2
2023,3,16,19,5,臺中市,北屯區,0,0,0,8,,,40,,,,,,,,,,,,,,,23,,,,,B03,,,3,,1,,,23,,1,21,,B03,120.692699,24.201205,3
2023,3,16,19,8,臺中市,北屯區,0,0,0,8,,,50,,,,,,,,,,,,,,,23,,,,,B03,,,1,,9,,,23,,2,22,,B03,120.704588,24.170281,3
2023,3,16,19,8,臺中市,豐原區,0,1,0,8,3,5,50,4,1,1,5,4,5,7,1,1,1,5,5,2,16,23,3,10,3,4,B03,7,6,1,8,2,8,,23,23,1,20,8,B03,120.719268,24.257871,2
2023,3,16,19,10,臺中市,西屯區,0,1,0,8,3,5,50,4,1,1,5,4,5,7,2,1,10,5,5,2,16,6,2,9,3,4,C03,7,5,1,10,2,14,,6,6,1,22,8,C03,120.592988,24.183181,2
2023,3,16,19,11,臺中市,太平區,0,0,0,8,,,50,,,,,,,,,,,,,,,17,,,,,B12,,,1,,2,5,2,17,17,1,22,,B12,120.715683,24.151823,3
2023,3,16,19,13,臺中市,沙鹿區,0,4,0,8,3,5,30,4,1,1,5,4,5,3,4,4,10,5,5,2,15,6,3,10,1,1,B03,7,9,1,8,2,5,,6,6,1,9,8,B03,120.569522,24.230333,2
2023,3,16,19,14,臺中市,大雅區,0,1,0,8,1,5,50,14,9,1,5,4,5,7,4,4,5,5,5,1,11,23,3,10,1,1,A11,7,9,1,3,2,8,,23,23,1,21,8,A11,120.640965,24.227978,2
2023,3,16,19,14,臺中市,太平區,0,0,0,8,,,50,,,,,,,,,,,,,,,16,,,,,B03,,,1,,2,,,16,,1,21,,B03,120.710557,24.139459,3
2023,3,16,19,14,臺中市,豐原區,0,0,0,8,,,50,,,,,,,,,,,,,,,23,,,,,B03,,,1,,2,,,23,,1,22,,B03,120.712797,24.250827,3
2023,3,16,19,25,臺中市,西屯區,0,0,0,8,,,50,,,,,,,,,,,,,,,42,,,,,B03,,,1,,2,,,42,,1,22,,B03,120.64942,24.162229,3
2023,3,16,19,26,臺中市,西屯區,0,0,0,8,,,50,,,,,,,,,,,,,,,6,,,,,B01,,,1,,2,,,6,,1,22,,B01,120.642058,24.160725,3
2023,3,16,19,27,臺中市,太平區,0,0,0,8,,,40,,,,,,,,,,,,,,,17,,,,,B03,,,1,,9,4,,17,17,1,22,,B03,120.714563,24.122914,3
2023,3,16,19,30,臺中市,北區,0,0,0,8,,,50,,,,,,,,,,,,,,,12,,,,,B03,,,1,,1,,,12,,1,22,,B03,120.669247,24.166837,3
2023,3,16,19,31,臺中市,西屯區,0,2,0,8,3,5,50,4,2,1,5,4,5,7,2,1,10,5,5,2,13,16,2,9,1,1,C03,7,9,1,10,2,11,,16,16,1,22,8,C03,120.622185,24.174168,2
2023,3,16,19,31,臺中市,神岡區,0,2,0,8,1,5,30,15,9,1,5,4,5,7,4,4,10,5,5,1,17,6,2,9,1,1,C03,7,6,1,10,2,13,,6,6,1,22,8,C03,120.671132,24.245171,2
2023,3,16,19,34,臺中市,大雅區,0,4,0,8,2,5,50,4,1,1,5,4,5,7,1,1,5,5,5,1,11,6,2,7,1,1,C03,7,5,1,10,2,12,,6,6,1,21,8,C03,120.644549,24.234914,2
2023,3,16,19,36,臺中市,豐原區,0,1,0,8,3,5,50,14,9,1,5,4,1,7,4,4,1,5,5,1,28,23,2,9,1,1,C03,7,9,1,10,2,11,,23,23,1,9,8,C03,120.727866,24.249883,2
2023,3,16,19,39,臺中市,西區,0,1,0,8,3,5,50,4,1,1,5,4,5,7,1,1,10,5,5,2,13,23,2,8,3,4,C03,7,9,1,10,2,11,,23,23,1,22,5,C03,120.661725,24.144333,2
2023,3,16,19,40,臺中市,西屯區,0,0,0,8,,,50,,,,,,,,,,,,,,,16,,,,,B03,,,1,,2,,,16,,1,22,,B03,120.627094,24.181222,3
2023,3,16,19,40,臺中市,太平區,0,1,0,8,3,5,30,14,9,1,5,4,5,7,4,4,10,5,5,2,17,42,2,9,1,1,C03,7,9,1,10,2,11,,42,42,1,21,8,C03,120.723414,24.129596,2
2023,3,16,19,46,臺中市,北區,0,1,0,8,3,5,50,4,9,1,5,4,5,7,1,1,5,4,5,2,16,26,3,10,1,1,B03,7,5,1,8,2,2,,26,26,1,20,8,B03,120.698304,24.155297,2
2023,3,16,19,50,臺中市,東區,0,0,0,8,3,5,50,4,1,1,5,4,5,7,1,1,10,5,5,2,12,17,3,10,1,1,B01,7,9,1,8,2,5,,17,17,1,10,8,B01,120.70151,24.125407,3
2023,3,16,19,54,臺中市,北屯區,0,0,0,8,,,50,,,,,,,,,,,,,,,23,,,,,B03,,,1,,1,,,23,,1,22,,B03,120.710393,24.171611,3
2023,3,16,20,3,臺中市,西屯區,0,1,0,8,3,5,50,3,1,1,5,4,5,7,3,1,5,3,4,2,15,6,2,9,1,1,C03,7,9,1,10,1,12,,6,6,1,22,9,C03,120.622054,24.180807,2
2023,3,16,20,4,臺中市,北屯區,0,1,0,8,3,5,50,4,1,1,5,4,5,7,1,1,10,5,5,2,16,9,2,9,1,1,C03,7,9,1,10,2,11,,44,9,1,5,8,C03,120.677078,24.185883,2
2023,3,16,20,4,臺中市,烏日區,0,1,0,8,3,5,50,14,8,1,5,4,3,7,4,4,1,4,4,1,12,17,3,10,3,4,B03,7,9,6,8,2,2,,17,17,1,21,9,B03,120.637572,24.107757,2
2023,3,16,20,5,臺中市,霧峰區,0,3,0,8,3,5,50,4,1,1,5,4,5,7,3,1,10,5,5,2,16,8,2,9,1,1,C03,7,5,1,10,2,11,,8,8,1,22,8,C03,120.699408,24.071593,2
2023,3,16,20,11,臺中市,大里區,0,3,0,8,3,5,30,14,9,1,5,4,5,7,4,4,10,5,5,2,17,6,2,9,3,4,C03,7,5,1,10,2,12,,6,6,1,21,5,C03,120.695732,24.090184,2
2023,3,16,20,12,臺中市,西屯區,0,1,0,8,3,5,40,3,1,1,5,4,5,7,1,1,10,5,5,2,16,6,3,10,3,4,B03,7,6,1,8,2,5,,6,6,1,22,8,B03,120.619238,24.181203,2
2023,3,16,20,14,臺中市,中區,0,1,0,8,3,5,30,4,1,1,5,4,5,7,4,4,10,5,5,2,15,19,3,10,1,1,C03,7,1,1,10,2,11,,19,19,1,22,8,C03,120.67839,24.142632,2
2023,3,16,20,15,臺中市,東區,0,0,0,8,3,5,50,14,7,1,5,4,4,7,4,4,5,5,4,2,13,16,3,10,1,1,B03,7,9,1,8,2,8,,16,16,1,5,8,B03,120.704569,24.134948,3
2023,3,16,20,16,臺中市,西屯區,0,0,0,8,,,50,,,,,,,,,,,,,,,19,,,,,B02,,,1,,2,,,19,,1,22,,B02,120.654971,24.158558,3
2023,3,16,20,20,臺中市,沙鹿區,0,0,0,8,,,50,,,,,,,,,,,,,,,18,,,,,B03,,,1,,2,,,18,18,1,21,,B03,120.561619,24.243459,3
2023,3,16,20,23,臺中市,西區,0,1,0,8,3,5,50,14,9,1,5,4,5,7,4,4,5,5,5,2,14,12,2,8,1,1,C03,7,2,1,10,2,13,,12,12,1,4,8,C03,120.661923,24.154325,2
2023,3,16,20,26,臺中市,北屯區,0,2,0,8,3,5,50,4,1,1,5,4,5,7,1,1,10,5,5,2,17,6,2,9,1,1,C03,7,5,1,10,2,15,,6,6,1,21,8,C03,120.669954,24.176559,2
2023,3,16,20,34,臺中市,北屯區,0,0,0,8,,,50,,,,,,,,,,,,,,,23,,,,,B03,,,1,,9,,,23,,1,22,,B03,120.719035,24.174873,3