年,月,日,時,分,縣市,區,死,受傷,2-30,天候,光線,道路類別,速限,道路型態,事故位置,路面鋪裝,路面狀態,路面缺陷,障礙物,視距,號誌種類,號誌動作,分向設施,快車道或一般車道間,快慢車道間,路面邊線,事故類型及型態,主要肇因,受傷程度,主要傷處,保護裝備,行動電話,當事者區分,車輛用途,當事者行動狀態,駕駛資格情形,駕駛執照種類,飲酒情形,車輛撞擊部位最初,車輛撞擊部位其他,肇事因素個別,肇事因素主要,肇事逃逸,職業,旅次目的,車種,GPS緯度,GPS經度,事故類別
2023,3,16,20,34,臺中市,豐原區,0,1,0,8,1,5,50,14,12,1,5,4,5,7,4,4,3,3,4,1,17,42,3,10,1,1,B03,7,15,1,8,2,6,,42,42,1,22,8,B03,120.74741,24.266131,2
2023,3,16,20,41,臺中市,大里區,0,2,0,8,3,8,50,3,1,1,5,4,5,7,4,4,10,4,5,1,11,8,2,7,1,1,C03,7,5,1,10,2,11,,8,8,1,3,9,C03,120.703132,24.092181,2
2023,3,16,20,42,臺中市,豐原區,0,2,0,8,1,5,50,14,9,1,5,4,5,7,4,4,5,4,4,2,17,23,2,9,1,1,C03,7,9,1,10,2,11,,23,23,1,22,8,C03,120.709934,24.271031,2
2023,3,16,20,45,臺中市,大里區,0,0,0,8,,,50,,,,,,,,,,,,,,,12,,,,,B03,,,1,,1,,,12,,1,5,,B03,120.67806,24.10775,3
2023,3,16,20,45,臺中市,沙鹿區,0,1,0,8,4,5,50,14,7,1,5,4,5,7,4,4,5,5,4,2,27,44,2,9,1,1,C03,7,9,1,10,2,11,14,44,44,1,18,8,C03,120.576328,24.22469,2
2023,3,16,20,48,臺中市,沙鹿區,0,1,0,8,3,5,50,14,9,1,5,4,5,7,4,4,5,5,5,2,16,19,3,10,1,1,B03,7,1,1,8,2,8,,19,19,1,21,8,B03,120.573238,24.226886,2
2023,3,16,21,4,臺中市,南屯區,0,2,0,8,3,5,50,3,1,1,5,4,5,7,4,4,10,5,5,2,16,6,3,10,1,1,B03,7,5,1,8,2,4,,6,6,1,22,8,B03,120.615281,24.148221,2
2023,3,16,21,6,臺中市,沙鹿區,0,0,0,8,,,40,,,,,,,,,,,,,,,42,,,,,B03,,,1,,2,,,42,,1,18,,B03,120.582045,24.2198,3
2023,3,16,21,9,臺中市,南屯區,0,1,0,7,3,5,50,3,1,1,5,4,5,7,4,4,10,5,5,2,16,6,3,10,3,4,B03,7,6,1,8,2,8,,6,6,1,22,8,B03,120.646817,24.140959,2
2023,3,16,21,15,臺中市,中區,0,0,0,8,3,5,50,3,1,1,5,4,5,7,4,4,5,5,5,2,16,26,,,,,B03,,,1,,2,,,26,,1,21,,B03,120.676236,24.144664,3
2023,3,16,21,19,臺中市,南屯區,0,1,0,8,3,5,50,4,1,1,5,4,5,7,2,1,5,4,4,2,16,19,2,9,3,4,C03,7,1,1,10,2,11,,19,19,1,4,9,C03,120.613125,24.140031,2
2023,3,16,21,25,臺中市,西屯區,0,0,0,8,,,50,,,,,,,,,,,,,,,10,,,,,C03,,,1,,2,,,23,10,1,22,,C03,120.646219,24.18646,3
2023,3,16,21,26,臺中市,西屯區,0,1,0,8,3,5,50,3,1,1,5,4,5,7,4,4,10,5,5,2,16,6,3,10,3,4,B03,7,6,3,18,2,6,,6,6,1,22,8,B03,120.626613,24.177784,2
2023,3,16,21,30,臺中市,北區,0,0,0,8,,,40,,,,,,,,,,,,,,,44,,,,,C03,,,1,,1,,,44,,1,22,,C03,120.698952,24.154694,3
2023,3,16,21,40,臺中市,霧峰區,0,2,0,8,4,5,50,4,1,1,5,4,5,7,1,1,9,4,5,1,11,8,2,7,1,1,C03,7,5,1,10,1,12,,8,8,1,1,9,C03,120.686895,24.054026,2
2023,3,16,21,47,臺中市,北屯區,0,0,0,8,,,50,,,,,,,,,,,,,,,17,,,,,B03,,,1,,2,,,17,,1,22,,B03,120.740939,24.17832,3
2023,3,16,21,48,臺中市,太平區,0,2,0,8,3,5,50,4,1,1,5,4,5,7,1,1,10,5,5,2,16,25,2,8,1,1,C03,7,6,1,10,2,11,,25,25,1,22,8,C03,120.726645,24.152244,2
2023,3,16,21,48,臺中市,大甲區,0,2,0,8,3,5,50,4,1,1,5,4,5,7,1,1,10,5,4,1,15,25,2,9,1,1,C03,7,9,3,18,2,11,,25,25,1,22,8,C03,120.62417,24.346662,2
2023,3,16,21,57,臺中市,大里區,0,0,0,8,,,40,,,,,,,,,,,,,,,23,,,,,B03,,,1,,2,,,23,,1,22,,B03,120.689245,24.102188,3
2023,3,16,22,0,臺中市,東勢區,0,1,0,8,3,5,50,14,8,1,5,4,5,7,4,4,5,4,4,2,17,42,2,9,1,1,B03,7,9,1,8,2,5,,42,42,1,4,8,B03,120.829657,24.257705,2
2023,3,16,22,16,臺中市,西屯區,0,0,0,8,,,50,,,,,,,,,,,,,,,42,,,,,,,,,,,,,67,42,1,,,,120.631085,24.1585,3
2023,3,16,22,16,臺中市,太平區,0,1,0,8,1,5,30,4,1,1,5,4,5,7,4,4,10,5,5,2,15,6,3,10,1,1,B01,5,9,1,3,2,4,,6,6,1,22,5,B01,120.726942,24.141669,2
2023,3,16,22,25,臺中市,大里區,0,1,0,8,3,5,50,4,1,1,5,4,5,7,1,1,10,5,5,2,18,21,2,9,2,1,F01,7,9,8,20,8,16,,21,21,1,5,5,F01,120.678996,24.109471,2
2023,3,16,22,31,臺中市,梧棲區,0,2,0,8,3,5,40,5,1,1,5,4,5,7,1,1,10,5,5,2,16,6,2,9,1,1,C03,7,6,3,18,2,12,,6,6,1,11,8,C03,120.546735,24.245991,2
2023,3,16,22,32,臺中市,南屯區,0,1,0,8,3,5,50,4,1,1,5,4,5,7,2,1,10,5,5,2,15,25,3,10,1,1,B03,7,9,1,8,2,1,,25,25,1,22,8,B03,120.65221,24.150867,2
2023,3,16,22,59,臺中市,沙鹿區,0,2,0,8,3,5,30,3,1,1,5,4,5,7,1,1,1,4,1,1,17,23,3,10,1,1,B03,7,1,1,8,2,8,,23,23,1,4,8,B03,120.575738,24.227118,2
2023,3,16,23,2,臺中市,西屯區,0,1,0,8,1,5,50,14,8,1,5,4,5,7,4,4,4,3,4,2,16,3,3,10,1,1,B03,7,15,1,8,2,6,,3,3,1,22,8,B03,120.658797,24.191373,2
2023,3,16,23,7,臺中市,南區,0,2,0,8,3,5,50,4,1,1,5,4,5,7,1,1,10,5,5,2,16,26,2,9,1,1,C03,7,5,1,10,2,11,,26,26,1,22,8,C03,120.666828,24.122352,2
2023,3,16,23,24,臺中市,西屯區,0,1,0,8,3,5,50,3,2,1,5,4,5,7,3,1,10,5,5,2,18,42,2,9,1,1,C03,7,9,1,10,2,14,,42,42,1,22,8,C03,120.655418,24.174578,2
2023,3,16,23,35,臺中市,太平區,0,1,0,8,3,5,50,4,1,1,5,4,5,7,1,1,10,5,5,2,15,25,3,10,1,1,B03,7,9,1,8,2,1,,25,25,1,22,8,B03,120.712518,24.144361,2
2023,3,16,23,37,臺中市,北區,0,2,0,8,3,5,50,4,1,1,5,4,5,7,3,1,10,5,5,2,16,6,2,9,1,1,C03,7,5,1,10,2,14,,6,6,1,22,8,C03,120.676654,24.161693,2
2023,3,16,23,45,臺中市,西區,0,1,0,8,3,5,50,4,2,1,5,4,5,7,2,1,4,4,4,2,16,10,3,10,1,1,B03,7,11,1,8,2,2,,10,10,1,20,8,B03,120.674312,24.14279,2
2023,3,16,23,58,臺中市,南區,0,1,0,8,3,5,40,4,1,1,5,4,5,7,1,1,10,5,5,2,18,44,2,9,1,1,C03,7,9,1,10,2,14,,44,44,1,22,8,C03,120.659094,24.117186,2
2023,3,17,0,1,臺中市,太平區,0,1,0,8,3,5,50,4,1,1,5,4,5,7,1,1,10,5,5,2,16,8,3,10,1,1,C03,7,5,1,10,2,12,,8,8,1,22,5,C03,120.722525,24.142371,2
2023,3,17,0,12,臺中市,潭子區,0,1,0,8,3,5,50,4,1,1,5,4,5,7,4,4,5,4,5,1,15,19,3,10,1,1,B03,7,1,1,8,2,7,,19,19,1,22,8,B03,120.700831,24.216866,2
2023,3,17,0,44,臺中市,西屯區,0,0,0,8,,,50,,,,,,,,,,,,,,,23,,,,,B03,,,1,,2,,,23,,1,22,,B03,120.643032,24.17055,3
2023,3,17,0,56,臺中市,西屯區,0,1,0,8,3,5,50,14,8,1,5,4,5,7,4,4,1,4,1,2,18,42,2,9,1,1,C03,7,9,1,10,2,12,,42,42,1,22,8,C03,120.643873,24.194468,2
2023,3,17,1,7,臺中市,北屯區,0,0,0,8,,,50,,,,,,,,,,,,,,,23,,,,,B03,,,1,,2,,,23,,1,22,,B03,120.709755,24.171141,3
2023,3,17,1,14,臺中市,霧峰區,0,0,0,8,,,40,,,,,,,,,,,,,,,23,,,,,C03,,,1,,2,,,23,,1,18,,C03,120.711995,24.074759,3
2023,3,17,2,20,臺中市,北屯區,0,0,0,8,,,50,,,,,,,,,,,,,,,23,,,,,B03,,,1,,2,,,23,,1,21,,B03,120.698241,24.172787,3
2023,3,17,2,50,臺中市,南屯區,0,0,0,8,3,5,50,14,9,1,5,4,5,7,4,4,5,5,5,2,12,43,,,,,C03,,,1,,1,,,43,,2,5,,C03,120.648739,24.155487,3
2023,3,17,4,24,臺中市,西屯區,0,0,0,8,,,30,,,,,,,,,,,,,,,23,,,,,A11,,,1,,9,,,23,,1,10,,A11,120.574058,24.130311,3
2023,3,17,5,20,臺中市,東區,0,0,0,8,,,50,,,,,,,,,,,,,,,23,,,,,B03,,,1,,2,,,23,,1,5,,B03,120.704811,24.144522,3
2023,3,17,5,30,臺中市,龍井區,0,2,0,8,2,5,30,5,1,1,5,4,5,7,3,1,10,5,5,2,16,6,2,8,1,1,C03,7,5,1,10,2,11,,6,6,1,3,1,C03,120.5926,24.181542,2
2023,3,17,5,42,臺中市,南屯區,0,1,0,8,3,5,50,14,9,5,5,4,5,7,4,4,10,5,5,2,13,16,2,9,1,1,C03,7,9,1,10,2,11,,16,16,1,22,8,C03,120.61027,24.13367,2
2023,3,17,6,27,臺中市,西屯區,0,1,0,8,1,5,30,3,9,1,5,4,5,7,4,4,1,3,5,2,16,6,2,9,1,1,C03,7,6,1,10,2,15,,6,6,1,22,8,C03,120.624125,24.182625,2
2023,3,17,6,30,臺中市,大甲區,0,1,0,8,1,5,30,13,9,1,5,4,5,7,4,4,10,5,5,2,10,23,3,10,1,1,C03,7,9,1,10,2,11,,23,23,1,22,1,C03,120.621953,24.343864,2
2023,3,17,6,35,臺中市,西屯區,0,1,0,8,1,5,40,14,8,1,5,4,5,7,4,4,1,4,1,2,13,23,3,10,1,1,B03,7,9,1,8,2,1,,23,23,1,22,8,B03,120.637508,24.18545,2
2023,3,17,6,35,臺中市,大里區,0,2,0,7,1,5,30,14,9,1,5,4,5,7,4,4,10,5,5,2,17,23,2,9,1,1,C03,7,9,1,10,2,12,,23,23,1,5,8,C03,120.700024,24.086813,2
2023,3,17,6,52,臺中市,大雅區,0,1,0,8,1,5,30,3,1,1,5,4,5,7,4,4,10,5,5,2,16,6,3,10,1,1,B03,7,6,1,8,2,8,,6,6,1,22,9,B03,120.628146,24.228323,2
2023,3,17,6,54,臺中市,西區,0,0,0,8,1,6,50,4,1,1,5,4,5,7,4,4,5,5,5,2,13,16,,,,,B03,,,1,,1,,,16,,1,21,,B03,120.663159,24.153668,3
2023,3,17,6,55,臺中市,潭子區,0,0,0,8,,,50,,,,,,,,,,,,,,,8,,,,,F03,,,8,,2,,,8,,1,22,,F03,120.710792,24.213104,3
2023,3,17,6,57,臺中市,北屯區,0,1,0,8,1,5,50,14,9,1,5,4,5,7,4,4,9,4,5,2,11,23,2,9,1,1,C03,7,9,1,10,2,14,,23,23,1,21,8,C03,120.678348,24.190611,2
2023,3,17,7,0,臺中市,沙鹿區,0,1,0,8,1,5,60,4,9,1,5,4,5,7,1,1,4,3,4,1,18,43,2,9,1,1,C03,7,9,1,10,2,12,,43,43,1,22,8,C03,120.597591,24.249998,2
2023,3,17,7,4,臺中市,豐原區,0,0,0,8,,,50,,,,,,,,,,,,,,,16,,,,,B03,,,1,,2,,,16,,1,22,,B03,120.715015,24.249485,3
2023,3,17,7,6,臺中市,北屯區,0,0,0,8,,,50,,,,,,,,,,,,,,,23,,,,,B03,,,1,,2,,,23,,1,22,,B03,120.707216,24.188821,3
2023,3,17,7,6,臺中市,西屯區,0,0,0,8,,,50,,,,,,,,,,,,,,,10,,,,,B03,,,1,,1,,,10,,1,22,,B03,120.619877,24.182747,3
2023,3,17,7,10,臺中市,北屯區,0,0,0,8,,,50,,,,,,,,,,,,,,,6,,,,,B03,,,1,,1,,,6,,1,5,,B03,120.692246,24.165173,3
2023,3,17,7,12,臺中市,大甲區,0,1,0,8,1,5,50,3,1,1,5,4,5,7,1,1,10,5,5,2,16,19,2,5,1,1,C03,7,1,1,10,2,12,,19,19,1,22,9,C03,120.622469,24.35308,2
2023,3,17,7,14,臺中市,烏日區,0,0,0,8,,,50,,,,,,,,,,,,,,,10,,,,,B02,,,1,,2,,,10,,1,22,,B02,120.60677,24.10619,3
2023,3,17,7,15,臺中市,烏日區,0,0,0,8,,,60,,,,,,,,,,,,,,,11,,,,,B03,,,1,,2,,,11,,1,21,,B03,120.624158,24.104055,3
2023,3,17,7,15,臺中市,豐原區,0,1,0,8,1,5,50,14,9,1,5,4,5,7,1,1,5,5,5,1,17,38,3,10,1,1,B03,7,14,1,8,2,2,,38,38,1,22,8,B03,120.729844,24.247913,2
2023,3,17,7,19,臺中市,南屯區,0,1,0,8,1,5,50,14,9,1,5,4,5,7,4,4,9,5,4,2,16,11,3,10,1,1,B03,7,11,1,8,2,8,,11,11,1,4,1,B03,120.629936,24.113767,2
2023,3,17,7,20,臺中市,西屯區,0,1,0,8,1,5,50,4,1,1,5,4,5,7,1,1,10,4,5,2,16,6,3,10,3,4,C03,7,6,4,8,2,13,,6,6,1,22,8,C03,120.629511,24.183563,2
2023,3,17,7,20,臺中市,太平區,0,2,0,8,1,5,50,4,1,1,5,4,5,7,4,4,10,5,5,2,16,8,2,8,2,1,F01,7,5,8,20,3,16,,8,8,1,22,7,F01,120.724698,24.142345,2
2023,3,17,7,23,臺中市,北區,0,1,0,8,1,5,50,3,1,1,5,4,5,7,4,4,5,5,5,2,13,23,2,8,1,1,C03,7,9,1,10,2,11,,23,23,1,21,8,C03,120.676563,24.163834,2
2023,3,17,7,23,臺中市,東區,0,1,0,8,1,5,50,4,1,1,5,4,5,7,2,1,10,5,5,2,16,23,2,9,3,4,C04,7,15,1,10,2,14,,23,23,1,5,8,C04,120.666815,24.114555,2
2023,3,17,7,24,臺中市,清水區,0,1,0,8,1,5,30,3,1,1,5,4,5,7,4,4,10,5,5,1,16,6,3,10,1,1,B03,7,5,1,8,2,8,,6,6,1,21,8,B03,120.60389,24.267218,2
2023,3,17,7,26,臺中市,清水區,0,1,0,8,1,5,50,3,2,1,5,4,5,7,4,4,5,4,4,1,18,43,2,9,1,1,C03,7,9,1,10,2,12,,43,43,1,21,1,C03,120.545731,24.262003,2
2023,3,17,7,30,臺中市,大雅區,0,0,0,8,,,30,,,,,,,,,,,,,,,23,,,,,C03,,,1,,2,,,23,,1,22,,C03,120.613441,24.227617,3
2023,3,17,7,30,臺中市,西屯區,0,0,0,8,,,40,,,,,,,,,,,,,,,16,,,,,C03,,,1,,1,,,16,,1,22,,C03,120.653263,24.16085,3
2023,3,17,7,30,臺中市,烏日區,0,0,0,8,,,60,,,,,,,,,,,,,,,17,,,,,B12,,,1,,2,,,17,,1,21,,B12,120.623091,24.104429,3
2023,3,17,7,32,臺中市,南屯區,0,0,0,8,,,50,,,,,,,,,,,,,,,17,,,,,B03,,,1,,11,,,17,17,2,22,,B03,120.646477,24.130905,3
2023,3,17,7,34,臺中市,西屯區,0,0,0,8,,,50,,,,,,,,,,,,,,,23,,,,,B03,,,1,,11,,,23,,1,22,,B03,120.637613,24.179219,3
2023,3,17,7,35,臺中市,大雅區,0,0,0,8,,,50,,,,,,,,,,,,,,,19,,,,,B03,,,1,,2,,,19,,1,22,,B03,120.667265,24.235705,3
2023,3,17,7,37,臺中市,南區,0,2,0,8,1,5,50,14,8,1,5,4,5,7,4,4,3,4,4,2,16,19,2,9,3,4,C03,7,1,1,10,2,14,,19,19,1,4,8,C03,120.665337,24.119239,2
2023,3,17,7,38,臺中市,西屯區,0,0,0,8,,,50,,,,,,,,,,,,,,,19,,,,,B12,,,1,,1,,,19,,1,22,,B12,120.641206,24.178547,3
2023,3,17,7,38,臺中市,大肚區,0,0,0,8,,,30,,,,,,,,,,,,,,,23,,,,,B03,,,1,,2,,,23,,1,2,,B03,120.569723,24.123288,3
2023,3,17,7,40,臺中市,太平區,0,2,0,8,1,5,50,5,1,1,5,4,5,7,1,1,10,5,5,2,12,42,2,8,1,1,C03,7,9,1,10,2,14,,42,42,1,21,8,C03,120.712648,24.145287,2
2023,3,17,7,41,臺中市,潭子區,0,2,0,8,1,5,30,5,1,1,5,4,5,7,4,4,5,5,4,1,16,6,2,8,1,1,C03,7,9,1,10,2,14,,6,6,1,22,9,C03,120.695768,24.224213,2
2023,3,17,7,41,臺中市,西屯區,0,0,0,8,,,50,,,,,,,,,,,,,,,6,,,,,C03,,,1,,9,,,6,,1,22,,C03,120.618238,24.183483,3
2023,3,17,7,43,臺中市,東區,0,1,0,8,1,5,50,4,2,1,5,4,5,7,1,1,5,5,4,2,16,6,3,10,1,1,B03,7,6,1,8,2,2,,6,6,1,21,8,B03,120.699234,24.129659,2
2023,3,17,7,43,臺中市,龍井區,0,1,0,8,1,5,50,4,1,1,5,4,5,7,1,1,10,5,5,2,15,25,3,10,3,4,B03,7,9,1,8,2,1,,25,25,1,22,9,B03,120.570629,24.176396,2
2023,3,17,7,43,臺中市,清水區,0,1,0,8,1,5,50,3,1,1,5,4,5,7,1,1,5,4,5,1,3,23,3,10,1,1,B03,7,6,1,8,2,1,,23,23,1,21,8,B03,120.591346,24.296205,2
2023,3,17,7,44,臺中市,潭子區,0,1,0,8,1,5,50,4,1,1,5,4,5,7,1,1,10,5,5,2,16,6,3,10,1,1,B03,7,5,1,8,2,8,,6,6,1,22,8,B03,120.723667,24.218003,2
2023,3,17,7,44,臺中市,梧棲區,0,0,0,8,,,40,,,,,,,,,,,,,,,16,,,,,C03,,,1,,2,,,16,,1,9,,C03,120.552828,24.244186,4
2023,3,17,7,45,臺中市,南區,0,0,0,8,,,50,,,,,,,,,,,,,,,23,,,,,B03,,,1,,2,,,23,,1,22,,B03,120.659593,24.11881,3
2023,3,17,7,45,臺中市,北屯區,0,0,0,8,,,50,,,,,,,,,,,,,,,23,,,,,B03,,,1,,1,,,23,,1,22,,B03,120.707205,24.188851,3
2023,3,17,7,45,臺中市,神岡區,0,2,0,8,1,5,50,3,1,1,5,4,5,7,4,4,10,5,5,2,17,6,3,10,3,4,B03,7,5,1,8,2,8,,6,6,1,22,1,B03,120.676219,24.281977,2
2023,3,17,7,46,臺中市,潭子區,0,0,0,8,,,60,,,,,,,,,,,,,,,16,,,,,B03,,,1,,2,,,16,,1,22,,B03,120.702499,24.19689,3
2023,3,17,7,46,臺中市,南屯區,0,0,0,,,,50,,,,,,,,,,,,,,,23,,,,,B03,,,1,,1,,,23,,1,4,,B03,120.649253,24.135882,3
2023,3,17,7,48,臺中市,北屯區,0,1,0,8,1,5,50,14,9,1,5,4,5,7,4,4,1,4,5,1,13,1,2,7,1,1,C03,7,4,1,10,2,14,,1,1,1,21,8,C03,120.67687,24.173325,2
2023,3,17,7,49,臺中市,沙鹿區,0,0,0,,,,50,,,,,,,,,,,,,,,23,,,,,B02,,,1,,2,,,23,,1,4,,B02,120.609401,24.243059,3
2023,3,17,7,52,臺中市,太平區,0,0,0,8,,,30,,,,,,,,,,,,,,,23,,,,,B03,,,1,,2,,,23,,1,5,,B03,120.705151,24.149554,3
2023,3,17,7,57,臺中市,大雅區,0,2,0,8,1,5,40,3,1,1,5,4,5,7,4,4,10,5,5,2,17,6,2,2,1,1,B03,7,6,1,8,2,8,,6,6,1,22,8,B03,120.645088,24.226919,2
2023,3,17,7,57,臺中市,沙鹿區,0,1,0,8,1,5,70,14,7,1,5,4,5,7,4,4,1,4,4,1,13,23,2,9,3,4,C03,7,9,3,18,2,11,,23,23,1,22,9,C03,120.611846,24.245026,2
2023,3,17,7,59,臺中市,大里區,0,0,0,8,,,50,,,,,,,,,,,,,,,7,,,,,B03,,,1,,2,,,7,,1,22,,B03,120.689464,24.118134,3
2023,3,17,8,2,臺中市,豐原區,0,1,0,8,1,5,50,3,1,1,5,4,5,7,4,4,5,4,5,2,16,6,3,10,1,1,B03,7,5,1,8,2,8,,6,6,1,22,8,B03,120.725699,24.242976,2
2023,3,17,8,4,臺中市,神岡區,0,1,0,8,1,5,50,14,9,1,5,4,5,7,4,4,4,4,4,2,16,26,3,10,1,4,B03,7,5,1,8,2,2,,26,26,1,22,9,B03,120.675472,24.251251,2
2023,3,17,8,6,臺中市,大里區,0,1,0,8,1,5,50,3,1,1,5,4,5,7,1,1,5,4,4,2,3,15,3,10,1,1,C03,7,6,1,10,2,14,,15,15,1,21,8,C03,120.676797,24.097641,2
2023,3,17,8,8,臺中市,太平區,0,1,0,8,1,5,50,3,1,1,5,4,5,7,1,1,10,5,5,2,16,19,2,8,1,1,C03,7,1,1,10,1,11,,19,19,1,22,8,C03,120.728876,24.095779,2
2023,3,17,8,9,臺中市,西屯區,0,0,0,8,,,40,,,,,,,,,,,,,,,12,,,,,B03,,,1,,1,,,12,,1,22,,B03,120.620821,24.172368,3
2023,3,17,8,9,臺中市,石岡區,0,1,0,8,1,5,70,14,9,1,5,4,5,7,4,4,1,4,5,1,12,23,2,9,1,1,C03,7,9,1,10,2,14,,44,23,1,20,8,C03,120.767319,24.275872,2
2023,3,17,8,11,臺中市,西屯區,0,0,0,8,,,50,,,,,,,,,,,,,,,42,,,,,B03,,,1,,2,,,42,,1,1,,B03,120.611317,24.192017,3
2023,3,17,8,12,臺中市,西區,0,0,0,8,,,50,,,,,,,,,,,,,,,23,,,,,A41,,,1,,2,,,23,,1,10,,A41,120.675855,24.133192,3
2023,3,17,8,13,臺中市,北區,0,0,0,,,,50,,,,,,,,,,,,,,,12,,,,,B03,,,1,,1,,,12,,1,5,,B03,120.685009,24.161559,3
2023,3,17,8,13,臺中市,大里區,0,0,0,8,,,50,,,,,,,,,,,,,,,16,,,,,B03,,,1,,2,,,16,,1,5,,B03,120.681082,24.104827,3
2023,3,17,8,15,臺中市,北屯區,0,0,0,8,,,50,,,,,,,,,,,,,,,26,,,,,B03,,,1,,1,,,26,,1,21,,B03,120.690546,24.17175,3
2023,3,17,8,15,臺中市,龍井區,0,0,0,8,,,50,,,,,,,,,,,,,,,23,,,,,B03,,,1,,1,,,23,,1,22,,B03,120.574241,24.19605,3
2023,3,17,8,17,臺中市,北區,0,0,0,8,,,1,,,,,,,,,,,,,,,43,,,,,C03,,,1,,1,,,43,,1,22,,C03,120.682254,24.165908,3
2023,3,17,8,17,臺中市,西屯區,0,0,0,8,,,50,,,,,,,,,,,,,,,7,,,,,B03,,,1,,1,,,7,,1,22,,B03,120.615268,24.182938,3
2023,3,17,8,19,臺中市,北區,0,1,0,8,1,5,50,4,2,1,5,4,5,7,1,1,5,2,4,2,13,23,3,10,1,1,C03,7,9,1,10,2,11,,23,23,1,21,8,C03,120.676639,24.163261,2
2023,3,17,8,20,臺中市,西屯區,0,0,0,8,,,60,,,,,,,,,,,,,,,10,,,,,B03,,,1,,1,,,10,,1,22,,B03,120.629371,24.183578,3
2023,3,17,8,21,臺中市,太平區,0,0,0,8,,,50,,,,,,,,,,,,,,,16,,,,,B12,,,1,,2,,,16,,1,5,,B12,120.722688,24.147702,3
2023,3,17,8,22,臺中市,潭子區,0,0,0,8,,,50,,,,,,,,,,,,,,,23,,,,,C03,,,1,,2,,,23,,1,22,,C03,120.710201,24.208245,3
2023,3,17,8,22,臺中市,北屯區,0,0,0,8,,,40,,,,,,,,,,,,,,,12,,,,,B03,,,1,,2,,,12,,1,22,,B03,120.724605,24.169918,3
2023,3,17,8,22,臺中市,大肚區,0,0,0,8,,,50,,,,,,,,,,,,,,,23,,,,,B03,,,1,,2,,,23,,1,2,,B03,120.544776,24.15537,3
2023,3,17,8,23,臺中市,潭子區,0,0,0,8,,,60,,,,,,,,,,,,,,,23,,,,,B03,,,1,,2,,,23,,1,22,,B03,120.68884,24.219569,3
2023,3,17,8,23,臺中市,西屯區,0,2,0,8,1,5,50,4,1,1,5,4,5,7,2,1,10,5,5,2,16,6,2,9,1,1,C03,7,5,1,10,2,12,,6,6,1,22,8,C03,120.644681,24.184426,2
2023,3,17,8,24,臺中市,南屯區,0,0,0,8,,,50,,,,,,,,,,,,,,,42,,,,,B03,,,1,,1,,,42,,1,4,,B03,120.649817,24.150845,3
2023,3,17,8,25,臺中市,北區,0,0,0,,,,40,,,,,,,,,,,,,,,12,,,,,B12,,,1,,2,,,12,,1,5,,B12,120.689347,24.161563,3
2023,3,17,8,25,臺中市,南區,0,0,0,8,,,50,,,,,,,,,,,,,,,23,,,,,B03,,,1,,2,,,23,,1,19,,B03,120.663747,24.127958,3
2023,3,17,8,27,臺中市,西區,0,2,0,8,1,5,30,3,1,1,5,4,5,7,4,4,10,5,5,2,16,6,2,7,1,1,F03,7,5,8,20,2,16,,6,6,1,5,8,F03,120.656807,24.145507,2
2023,3,17,8,30,臺中市,大雅區,0,1,0,8,1,5,50,14,8,1,5,4,5,7,4,4,9,4,4,1,17,23,2,8,1,1,C03,7,9,1,10,2,11,,23,23,1,22,9,C03,120.660185,24.231935,2
2023,3,17,8,30,臺中市,西區,0,0,0,,,,50,,,,,,,,,,,,,,,19,,,,,B03,,,1,,1,,,19,,1,21,,B03,120.651291,24.146647,3
2023,3,17,8,36,臺中市,西屯區,0,0,0,8,,,40,,,,,,,,,,,,,,,23,,,,,C03,,,1,,1,,,23,23,1,22,,C03,120.615268,24.182938,3
2023,3,17,8,37,臺中市,北區,0,0,0,8,,,50,,,,,,,,,,,,,,,16,,,,,B03,,,1,,1,,,44,12,1,22,,B03,120.665117,24.156691,3
2023,3,17,8,37,臺中市,北屯區,0,1,0,8,1,5,50,14,9,1,5,4,5,7,4,4,1,4,5,2,16,19,3,10,1,1,B03,7,1,1,8,2,8,,19,19,1,21,8,B03,120.689891,24.18224,2
2023,3,17,8,40,臺中市,西屯區,0,1,0,8,1,5,50,3,1,1,5,4,5,7,4,4,10,5,5,2,16,6,3,10,1,1,B02,7,5,1,8,2,1,,6,6,1,22,8,B02,120.588756,24.169778,2
2023,3,17,8,45,臺中市,南區,0,0,0,8,,,50,,,,,,,,,,,,,,,23,,,,,B03,,,1,8,2,,,23,23,1,5,,B03,120.691635,24.139488,3
2023,3,17,8,47,臺中市,西區,0,0,0,8,,,50,,,,,,,,,,,,,,,16,,,,,B12,,,1,,1,,,16,,1,5,,B12,120.66989,24.146649,3
2023,3,17,8,50,臺中市,潭子區,0,1,0,8,1,5,50,14,7,1,5,4,5,7,4,4,5,4,4,2,12,23,3,10,1,1,B03,7,9,1,8,2,2,,23,23,1,22,8,B03,120.706247,24.203663,2
2023,3,17,8,50,臺中市,西屯區,0,1,0,8,1,5,50,14,9,1,5,4,5,7,4,4,5,5,5,2,13,23,2,9,1,1,C03,7,9,3,18,1,11,,23,23,1,22,8,C03,120.62533,24.185507,2
2023,3,17,8,52,臺中市,太平區,0,1,0,8,1,5,50,4,1,1,5,4,5,7,1,1,10,5,5,2,15,25,2,9,1,1,C03,7,9,1,10,2,12,,25,26,1,23,8,C03,120.717661,24.114663,2