年,月,日,時,分,縣市,區,死,受傷,2-30,天候,光線,道路類別,速限,道路型態,事故位置,路面鋪裝,路面狀態,路面缺陷,障礙物,視距,號誌種類,號誌動作,分向設施,快車道或一般車道間,快慢車道間,路面邊線,事故類型及型態,主要肇因,受傷程度,主要傷處,保護裝備,行動電話,當事者區分,車輛用途,當事者行動狀態,駕駛資格情形,駕駛執照種類,飲酒情形,車輛撞擊部位最初,車輛撞擊部位其他,肇事因素個別,肇事因素主要,肇事逃逸,職業,旅次目的,車種,GPS緯度,GPS經度,事故類別
2023,3,19,12,13,臺中市,潭子區,0,0,0,8,,,50,,,,,,,,,,,,,,,19,,,,,B03,,,1,,2,,,19,,1,21,,B03,120.700516,24.214011,3
2023,3,19,12,15,臺中市,東區,0,0,0,8,,,50,,,,,,,,,,,,,,,23,,,,,C03,,,1,,2,,,23,,1,22,,C03,120.697782,24.13316,3
2023,3,19,12,16,臺中市,北屯區,0,1,0,8,1,5,50,14,9,1,5,4,5,7,4,4,5,2,5,2,13,16,2,9,1,1,C03,7,9,1,10,2,11,,16,16,1,5,8,C03,120.705595,24.169485,2
2023,3,19,12,17,臺中市,南屯區,0,1,0,8,1,5,50,4,4,1,5,4,5,7,2,1,1,3,5,2,17,23,3,10,1,1,C03,7,9,1,10,2,12,,23,23,1,22,8,C03,120.637948,24.147403,2
2023,3,19,12,18,臺中市,北區,0,0,0,8,,,40,,,,,,,,,,,,,,,7,,,,,B03,,,1,,2,,,7,,1,22,,B03,120.678659,24.15033,3
2023,3,19,12,32,臺中市,西屯區,0,0,0,8,,,50,,,,,,,,,,,,,,,23,,,,,B02,,,1,,2,,,23,,1,21,,B02,120.645278,24.172321,3
2023,3,19,12,35,臺中市,西區,0,1,0,8,1,5,50,14,9,1,5,4,5,7,4,4,5,4,5,2,17,38,3,10,1,1,B03,7,14,1,8,2,8,,38,38,1,22,9,B03,120.659105,24.151004,2
2023,3,19,12,35,臺中市,沙鹿區,0,0,0,8,,,40,,,,,,,,,,,,,,,12,,,,,B12,,,1,,2,,,12,,1,4,,B12,120.578276,24.221841,3
2023,3,19,12,37,臺中市,西屯區,0,0,0,8,,,50,,,,,,,,,,,,,,,42,,,,,B03,,,1,,1,,,42,,1,22,,B03,120.615333,24.182376,3
2023,3,19,12,43,臺中市,神岡區,0,0,0,8,,,50,,,,,,,,,,,,,,,17,,,,,B03,,,1,,1,,,17,,1,12,,B03,120.656783,24.269302,3
2023,3,19,12,46,臺中市,北屯區,0,0,0,8,,,40,,,,,,,,,,,,,,,43,,,,,B03,,,1,,1,,,43,,1,22,,B03,120.69561,24.170016,3
2023,3,19,12,47,臺中市,西屯區,0,0,0,,,,50,,,,,,,,,,,,,,,16,,,,,C03,,,1,,2,,,16,,1,22,,C03,120.643548,24.170831,3
2023,3,19,12,48,臺中市,南屯區,0,1,0,8,1,5,50,4,2,1,5,4,5,7,2,1,1,5,5,2,17,26,2,9,1,1,C03,7,9,1,10,2,14,,26,26,1,22,8,C03,120.62267,24.140394,2
2023,3,19,12,49,臺中市,豐原區,0,1,0,8,1,5,50,5,1,1,5,4,5,7,2,1,5,4,5,2,17,25,3,10,1,1,B03,7,5,1,8,2,1,,25,25,1,22,7,B03,120.717948,24.251842,2
2023,3,19,12,56,臺中市,外埔區,0,0,0,,,,50,,,,,,,,,,,,,,,23,,,,,B03,,,1,,2,,,23,,1,22,,B03,120.63767,24.341709,3
2023,3,19,12,59,臺中市,霧峰區,0,0,0,8,1,5,30,4,1,1,5,4,5,7,3,1,5,5,5,1,15,6,,,,,B03,,,1,,2,,,6,,1,22,,B03,120.673564,24.033557,3
2023,3,19,13,0,臺中市,西屯區,0,0,0,8,,,50,,,,,,,,,,,,,,,19,,,,,C03,,,1,,2,,,19,,1,22,,C03,120.643245,24.158528,3
2023,3,19,13,5,臺中市,烏日區,0,0,0,8,,,50,,,,,,,,,,,,,,,23,,,,,B03,,,1,,2,,,23,,1,5,,B03,120.615496,24.10305,3
2023,3,19,13,8,臺中市,西屯區,0,0,0,8,,,0,,,,,,,,,,,,,,,26,,,,,B03,,,1,,2,,,26,,1,22,,B03,120.60911,24.184506,3
2023,3,19,13,9,臺中市,南屯區,0,0,0,,,,50,,,,,,,,,,,,,,,10,,,,,B03,,,1,,2,,,10,,1,4,,B03,120.637044,24.136361,3
2023,3,19,13,15,臺中市,南屯區,0,0,0,8,,,50,,,,,,,,,,,,,,,17,,,,,B03,,,1,,1,,,17,,1,22,,B03,120.651266,24.150256,3
2023,3,19,13,25,臺中市,西屯區,0,0,0,8,,,50,,,,,,,,,,,,,,,9,,,,,C03,,,3,,1,,,9,,1,22,,C03,120.644268,24.171377,3
2023,3,19,13,31,臺中市,北屯區,0,1,0,8,1,5,50,4,1,1,5,4,5,7,2,1,10,5,5,2,17,26,2,9,3,4,C03,7,15,1,10,2,14,,26,26,1,21,8,C03,120.671413,24.173911,2
2023,3,19,13,31,臺中市,西屯區,0,0,0,8,,,50,,,,,,,,,,,,,,,23,,,,,B03,,,1,,2,,,23,,1,21,,B03,120.600883,24.191835,3
2023,3,19,13,31,臺中市,豐原區,0,0,0,8,,,50,,,,,,,,,,,,,,,23,,,,,B03,,,1,,9,,,23,,2,22,,B03,120.718247,24.25533,3
2023,3,19,13,34,臺中市,西屯區,0,2,0,8,1,5,30,3,1,1,5,4,5,7,4,4,10,5,5,2,16,6,2,9,1,4,C03,7,5,1,10,2,14,,6,6,1,22,8,C03,120.653501,24.165148,2
2023,3,19,13,37,臺中市,大里區,0,0,0,8,,,50,,,,,,,,,,,,,,,23,,,,,B12,,,6,,2,,,23,,1,6,,B12,120.692135,24.116135,3
2023,3,19,13,38,臺中市,南屯區,0,0,0,8,,,40,,,,,,,,,,,,,,,23,,,,,B03,,,1,,1,,,23,,1,5,,B03,120.622952,24.145909,3
2023,3,19,13,40,臺中市,南屯區,0,0,0,8,,,50,,,,,,,,,,,,,,,23,,,,,B03,,,1,8,1,,,23,23,1,12,,B03,120.636802,24.136257,3
2023,3,19,13,41,臺中市,大里區,0,0,0,8,,,80,,,,,,,,,,,,,,,42,,,,,B03,,,1,,2,,,42,,1,4,,B03,120.696382,24.110285,3
2023,3,19,13,50,臺中市,清水區,0,2,0,8,1,5,50,4,1,1,5,4,5,7,1,1,1,4,5,1,13,23,2,9,1,1,C04,7,9,1,10,2,11,,23,23,1,22,8,C04,120.563091,24.263853,2
2023,3,19,14,0,臺中市,太平區,0,1,0,8,1,5,30,14,9,1,5,4,5,7,4,4,5,5,5,1,18,13,2,9,1,1,C03,7,9,1,9,2,12,,13,13,1,18,8,C03,120.817551,24.086603,2
2023,3,19,14,2,臺中市,北屯區,0,1,0,8,1,5,50,4,1,1,5,4,5,7,2,1,10,5,5,2,16,9,3,10,1,1,B03,7,6,6,8,2,6,,9,9,1,5,8,B03,120.706073,24.169425,2
2023,3,19,14,5,臺中市,西區,0,1,0,8,1,5,50,3,1,1,5,4,5,7,4,4,10,5,5,2,17,8,3,10,1,1,B03,7,5,1,8,1,15,,8,8,1,22,9,B03,120.666532,24.144252,2
2023,3,19,14,6,臺中市,大里區,0,1,0,8,1,5,60,4,2,1,5,4,5,7,2,1,3,4,4,1,18,23,2,9,3,4,C03,7,6,1,10,2,12,,23,23,1,22,9,C03,120.682386,24.100462,2
2023,3,19,14,10,臺中市,北屯區,0,1,0,8,1,5,50,14,9,1,5,4,5,7,4,4,5,4,5,2,12,23,2,7,1,1,C03,7,9,3,18,2,12,,23,23,1,5,8,C03,120.721353,24.175838,2
2023,3,19,14,15,臺中市,南屯區,0,0,0,8,,,50,,,,,,,,,,,,,,,23,,,,,B03,,,1,,2,,,23,,1,22,,B03,120.640799,24.15466,3
2023,3,19,14,17,臺中市,西區,0,1,0,8,1,5,50,14,9,1,5,4,5,7,4,4,10,5,5,2,17,40,3,10,1,1,B03,7,14,1,8,2,4,,40,40,1,22,9,B03,120.658286,24.14352,2
2023,3,19,14,17,臺中市,大里區,0,0,0,8,,,60,,,,,,,,,,,,,,,16,,,,,B03,,,1,,2,,,16,,1,4,,B03,120.690704,24.098029,3
2023,3,19,14,20,臺中市,大雅區,0,1,0,8,1,5,50,4,1,1,5,4,5,7,1,1,3,4,5,1,13,23,2,9,1,1,C03,7,9,3,18,2,11,,23,23,1,22,8,C03,120.63027,24.241053,2
2023,3,19,14,29,臺中市,北屯區,0,1,0,8,1,5,50,5,1,1,5,4,5,7,1,1,10,5,5,2,17,42,3,10,3,4,B03,7,6,1,8,2,6,,42,42,1,21,8,B03,120.691438,24.172708,2
2023,3,19,14,30,臺中市,西屯區,0,1,0,8,1,5,50,14,9,1,5,4,5,7,4,4,10,4,5,2,13,16,3,10,3,4,C03,7,9,1,10,2,11,,16,16,1,22,8,C03,120.649736,24.162988,2
2023,3,19,14,32,臺中市,南屯區,0,1,0,8,1,5,50,4,1,1,5,4,5,7,1,1,10,5,5,2,16,6,3,10,1,1,B12,7,6,1,8,2,5,,6,6,1,5,8,B12,120.640451,24.151241,2
2023,3,19,14,33,臺中市,南屯區,0,0,0,8,,,30,,,,,,,,,,,,,,,17,,,,,B03,,,1,8,2,,,17,17,1,12,,B03,120.630474,24.156734,3
2023,3,19,14,35,臺中市,北區,0,3,0,8,1,5,50,14,8,1,5,4,5,7,4,4,1,4,4,2,16,1,2,9,1,1,C03,7,4,1,10,2,11,,1,1,1,21,8,C03,120.684891,24.146079,2
2023,3,19,14,37,臺中市,北屯區,0,1,0,8,1,5,50,4,18,1,5,4,5,7,2,1,10,5,5,2,3,15,3,10,1,1,B03,7,5,1,8,2,8,,15,15,1,5,8,B03,120.702855,24.186456,2
2023,3,19,14,42,臺中市,西屯區,0,0,0,8,,,30,,,,,,,,,,,,,,,23,,,,,B03,,,1,,11,,,23,,1,21,,B03,120.644051,24.179918,3
2023,3,19,14,42,臺中市,龍井區,0,1,0,8,1,5,30,4,1,1,5,4,5,7,4,4,10,5,4,2,16,6,2,9,1,1,C03,7,5,3,18,2,11,,6,6,1,12,8,C03,120.53077,24.195121,2
2023,3,19,14,43,臺中市,南屯區,0,1,0,8,1,5,50,4,1,1,5,4,5,7,2,1,1,4,5,2,16,9,3,10,3,4,C03,7,6,1,10,2,13,,9,9,1,4,9,C03,120.646572,24.131961,2
2023,3,19,14,47,臺中市,南區,0,1,0,8,1,5,50,14,9,1,5,4,5,7,2,1,1,4,5,2,13,23,3,10,1,1,A02,7,9,1,2,2,8,,23,23,1,4,8,A02,120.646736,24.110472,2
2023,3,19,14,48,臺中市,南區,0,2,0,8,1,5,50,11,9,1,5,4,5,7,4,4,5,5,5,2,16,26,3,10,1,1,B03,7,11,1,8,3,8,,26,26,1,22,8,B03,120.659678,24.131036,2
2023,3,19,14,48,臺中市,烏日區,0,1,0,8,1,5,50,4,1,1,5,4,5,7,2,1,1,2,5,2,12,9,3,10,1,1,B03,7,6,1,8,2,2,,9,9,1,21,8,B03,120.614233,24.106695,2
2023,3,19,14,50,臺中市,西區,0,0,0,8,,,50,,,,,,,,,,,,,,,23,,,,,B02,,,1,,2,,,23,,1,5,,B02,120.668178,24.148296,3
2023,3,19,14,51,臺中市,霧峰區,0,0,0,8,1,5,40,3,1,1,5,4,5,7,4,4,1,5,5,2,13,16,,,,,B03,,,1,,2,,,16,,1,22,,B03,120.694729,24.051633,3
2023,3,19,14,55,臺中市,南區,0,1,0,8,1,5,50,4,1,1,5,4,5,7,2,1,10,5,5,2,18,23,2,9,1,1,C03,7,9,1,10,2,14,,23,23,1,21,8,C03,120.666731,24.114148,2
2023,3,19,14,56,臺中市,外埔區,0,0,0,,,,50,,,,,,,,,,,,,,,12,,,,,B03,,,1,,2,,,12,,1,22,,B03,120.65385,24.328838,3
2023,3,19,14,57,臺中市,南區,0,1,0,8,1,5,50,14,9,1,5,4,5,7,4,4,5,4,5,2,13,23,2,9,1,1,C03,7,9,1,10,11,11,,23,23,1,22,8,C03,120.671385,24.120589,2
2023,3,19,14,58,臺中市,西屯區,0,0,0,8,,,50,,,,,,,,,,,,,,,23,,,,,C03,,,1,,2,,,23,,1,22,,C03,120.656381,24.159588,3
2023,3,19,14,59,臺中市,南屯區,0,0,0,8,,,50,,,,,,,,,,,,,,,23,,,,,B03,,,1,,2,,,23,23,1,22,,B03,120.646685,24.154626,3
2023,3,19,14,59,臺中市,北屯區,0,3,0,8,1,5,50,4,1,1,5,4,5,7,4,4,10,5,5,2,17,6,2,9,1,1,C03,7,9,3,18,2,12,,6,6,1,19,8,C03,120.701708,24.185841,2
2023,3,19,15,0,臺中市,沙鹿區,0,4,0,8,1,5,30,3,9,1,5,4,5,7,4,4,9,5,5,2,17,6,2,9,1,1,B03,7,5,1,1,2,1,,6,6,1,10,8,B03,120.56355,24.235931,2
2023,3,19,15,0,臺中市,豐原區,0,2,0,8,1,5,50,3,1,1,5,4,5,7,4,4,10,5,5,2,3,23,2,9,1,1,C03,7,9,1,10,2,11,,23,23,1,22,8,C03,120.71999,24.251714,2
2023,3,19,15,2,臺中市,西屯區,0,2,0,8,1,5,50,4,1,1,5,4,5,7,1,1,10,5,5,2,17,6,2,9,3,4,C03,7,6,1,10,2,15,,6,6,1,22,9,C03,120.655911,24.158976,2
2023,3,19,15,9,臺中市,霧峰區,0,0,0,8,,,50,,,,,,,,,,,,,,,16,,,,,B12,,,1,,2,,,16,,1,22,,B12,120.692466,24.054772,3
2023,3,19,15,17,臺中市,南屯區,0,0,0,8,,,50,,,,,,,,,,,,,,,6,,,,,B03,,,1,,2,,,6,,1,5,,B03,120.635023,24.146471,3
2023,3,19,15,18,臺中市,北區,0,0,0,8,,,50,,,,,,,,,,,,,,,7,,,,,C03,,,1,,2,,,7,,1,5,,C03,120.694187,24.154239,3
2023,3,19,15,22,臺中市,西屯區,0,0,0,8,,,50,,,,,,,,,,,,,,,23,,,,,C03,,,1,,2,,,23,,1,4,,C03,120.649809,24.167634,3
2023,3,19,15,23,臺中市,梧棲區,0,1,0,8,1,5,40,4,1,1,5,4,5,7,1,1,10,5,5,2,16,44,3,10,1,1,B03,7,6,1,8,2,6,,9,44,1,3,8,B03,120.55168,24.244147,2
2023,3,19,15,24,臺中市,西區,0,0,0,,,,50,,,,,,,,,,,,,,,23,,,,,B02,,,1,,1,,,23,,1,4,,B02,120.65043,24.144947,3
2023,3,19,15,38,臺中市,北區,0,2,0,8,1,5,50,4,1,1,5,4,5,7,4,4,10,5,5,2,15,6,2,9,1,1,C03,7,9,1,10,2,12,,6,6,1,22,8,C03,120.678479,24.172175,2
2023,3,19,15,39,臺中市,西區,0,1,0,8,1,5,40,14,8,1,5,4,5,7,4,4,5,5,4,2,12,42,3,10,1,1,B03,7,9,1,8,2,2,,44,42,1,22,9,B03,120.66929,24.138548,2
2023,3,19,15,40,臺中市,北屯區,0,1,0,8,1,5,50,5,1,1,5,4,5,7,1,1,10,5,5,2,17,19,2,9,1,1,C03,7,1,1,10,1,11,,19,19,1,4,8,C03,120.709668,24.171438,2
2023,3,19,15,41,臺中市,北屯區,0,1,0,8,1,5,50,4,1,1,5,4,5,7,3,1,10,5,5,2,16,6,3,10,1,1,B03,7,9,1,8,2,1,,6,6,1,22,8,B03,120.698239,24.186118,2
2023,3,19,15,43,臺中市,北屯區,0,0,0,8,,,50,,,,,,,,,,,,,,,7,,,,,B03,,,1,,1,,,7,,1,21,,B03,120.707542,24.186858,3
2023,3,19,15,44,臺中市,沙鹿區,0,0,0,8,,,50,,,,,,,,,,,,,,,18,,,,,B03,,,1,,2,,,18,,1,7,,B03,120.554192,24.232684,3
2023,3,19,15,46,臺中市,神岡區,0,0,0,8,,,60,,,,,,,,,,,,,,,23,,,,,B03,,,1,,1,,,23,,1,22,,B03,120.708962,24.259443,3
2023,3,19,15,48,臺中市,太平區,0,1,0,8,1,5,50,4,1,1,5,4,5,7,2,1,10,5,5,2,16,9,3,10,1,1,B03,7,6,1,8,2,5,,9,9,1,22,8,B03,120.715653,24.135886,2
2023,3,19,15,50,臺中市,南區,0,0,0,,,,50,,,,,,,,,,,,,,,23,,,,,B03,,,1,,2,,,23,,1,5,,B03,120.652017,24.118423,3
2023,3,19,15,50,臺中市,沙鹿區,0,1,0,8,1,5,30,14,9,1,5,4,5,7,4,4,10,5,5,1,11,13,2,9,1,1,C03,7,9,1,10,2,14,,13,13,1,18,5,C03,120.574212,24.260243,2
2023,3,19,15,53,臺中市,北屯區,0,0,0,8,,,50,,,,,,,,,,,,,,,23,,,,,B03,,,6,,1,,,23,23,1,22,,B03,120.669954,24.176559,3
2023,3,19,15,56,臺中市,霧峰區,0,1,0,8,1,5,40,14,9,1,5,4,5,7,4,4,5,5,5,1,16,26,3,10,1,1,C03,7,5,1,10,2,13,,26,26,1,22,8,C03,120.715011,24.073647,2
2023,3,19,16,0,臺中市,南區,0,0,0,8,,,40,,,,,,,,,,,,,,,23,,,,,B02,,,1,,2,,,23,,1,22,,B02,120.680696,24.119453,3
2023,3,19,16,0,臺中市,沙鹿區,0,0,0,8,,,60,,,,,,,,,,,,,,,26,,,,,B03,,,1,,2,,,26,,1,4,,B03,120.562399,24.240498,3
2023,3,19,16,12,臺中市,北屯區,0,1,0,8,1,5,50,3,1,1,5,4,5,7,4,4,10,4,5,2,17,27,3,10,1,1,B03,7,5,1,8,2,8,,27,27,1,21,8,B03,120.69035,24.173923,2
2023,3,19,16,13,臺中市,大甲區,0,0,0,8,1,2,60,12,16,1,5,4,4,7,4,4,10,5,5,1,13,16,3,10,3,4,B03,7,9,1,4,2,1,,16,16,1,22,6,B03,120.614448,24.407492,3
2023,3,19,16,15,臺中市,大里區,0,0,0,8,1,5,50,14,8,1,5,4,5,7,4,4,5,5,4,2,16,18,,,,,B03,,,1,,2,,,18,,1,22,,B03,120.675941,24.11464,3
2023,3,19,16,17,臺中市,北屯區,0,1,0,8,1,5,30,4,1,1,5,4,5,7,4,4,10,5,5,2,15,6,3,10,1,1,B03,7,9,1,8,2,5,,6,6,1,4,8,B03,120.702951,24.16916,2
2023,3,19,16,20,臺中市,東區,0,1,0,8,1,5,40,4,1,1,5,4,5,7,2,1,10,5,5,2,16,26,3,10,1,1,C03,7,5,6,18,2,14,,26,26,1,21,8,C03,120.696196,24.140548,2
2023,3,19,16,20,臺中市,太平區,0,0,0,8,,,50,,,,,,,,,,,,,,,23,,,,,B03,,,1,,2,,,23,,1,21,,B03,120.733251,24.1184,3
2023,3,19,16,20,臺中市,龍井區,0,1,0,8,1,5,50,14,9,1,5,4,5,7,4,4,5,4,5,2,20,23,2,8,1,1,C03,7,9,1,10,2,11,,23,42,1,12,8,C03,120.490641,24.208166,2
2023,3,19,16,26,臺中市,北區,0,0,0,8,1,5,50,14,9,1,5,4,5,7,4,4,8,4,5,2,13,16,,,,,C03,,,1,,2,,,16,,1,22,,C03,120.68673,24.146335,3
2023,3,19,16,27,臺中市,西屯區,0,0,0,8,,,40,,,,,,,,,,,,,,,12,,,,,B02,,,1,,2,,,12,,1,22,,B02,120.666144,24.169813,3
2023,3,19,16,30,臺中市,大雅區,0,2,0,8,1,5,50,4,2,1,5,4,5,7,1,1,5,4,5,1,12,23,2,9,1,1,C03,7,5,1,10,2,12,,23,8,1,22,8,C03,120.651744,24.227968,2
2023,3,19,16,31,臺中市,大甲區,0,0,0,,,,15,,,,,,,,,,,,,,,17,,,,,B02,,,1,,1,,,17,17,1,22,,B02,120.629115,24.344936,3
2023,3,19,16,34,臺中市,北屯區,0,0,0,8,,,50,,,,,,,,,,,,,,,17,,,,,F01,,,1,,1,,,17,17,1,22,,F01,120.667582,24.187952,3
2023,3,19,16,35,臺中市,南屯區,0,2,0,8,1,5,50,4,1,1,5,4,5,7,4,4,10,5,5,2,15,26,2,9,3,4,C03,7,11,1,10,2,12,,26,26,1,12,8,C03,120.647151,24.137435,2
2023,3,19,16,36,臺中市,霧峰區,0,0,0,8,,,30,,,,,,,,,,,,,,,67,,,,,,,,,,,,,67,,1,,,,120.650786,24.076128,3
2023,3,19,16,37,臺中市,北屯區,0,1,0,8,1,5,40,14,7,1,5,4,5,7,4,4,1,4,4,2,12,7,2,9,1,1,C03,7,7,1,10,2,14,,7,7,1,22,1,C03,120.686512,24.193214,2
2023,3,19,16,37,臺中市,北屯區,0,0,0,8,,,50,,,,,,,,,,,,,,,7,,,,,B03,,,1,,11,,,7,,1,21,,B03,120.698256,24.1739,3
2023,3,19,16,42,臺中市,大里區,0,0,0,8,,,50,,,,,,,,,,,,,,,23,,,,,,,,,,,,,23,,1,,,,120.687316,24.095335,3
2023,3,19,16,43,臺中市,西屯區,0,1,0,8,1,5,40,3,1,1,5,4,5,7,1,1,1,4,3,2,17,43,2,9,1,1,C03,7,9,1,10,2,14,,43,43,1,22,8,C03,120.615248,24.182954,2
2023,3,19,16,52,臺中市,東區,0,0,0,8,,,50,,,,,,,,,,,,,,,42,,,,,C03,,,1,,2,,,42,,1,5,,C03,120.688293,24.136245,3
2023,3,19,16,54,臺中市,霧峰區,0,2,0,8,1,5,50,4,1,1,5,4,5,7,3,1,10,5,5,1,15,6,2,9,1,1,C03,7,9,1,10,2,11,,6,6,1,22,9,C03,120.66541,24.061518,2
2023,3,19,17,1,臺中市,東勢區,0,1,0,8,1,5,60,14,7,1,5,4,5,7,4,4,1,4,4,1,23,23,2,9,1,1,C03,7,9,1,10,2,11,,23,23,1,21,8,C03,120.836897,24.230432,2
2023,3,19,17,6,臺中市,南屯區,0,1,0,8,1,5,50,4,2,1,5,4,5,7,2,1,1,4,5,2,18,23,2,9,3,4,C03,7,9,1,10,2,15,,23,23,1,4,9,C03,120.646287,24.125524,2
2023,3,19,17,6,臺中市,北屯區,0,2,0,8,2,5,50,4,4,1,5,4,5,7,1,1,1,4,5,2,13,16,2,9,1,1,C03,7,9,1,10,2,11,,16,16,1,3,8,C03,120.667633,24.179805,2
2023,3,19,17,11,臺中市,大雅區,0,1,0,8,1,5,30,4,1,1,5,4,5,7,3,1,10,5,5,1,17,6,3,10,1,1,C03,7,9,1,10,2,15,,6,6,1,22,8,C03,120.667244,24.23945,2
2023,3,19,17,20,臺中市,豐原區,0,1,0,8,1,5,50,13,9,1,5,4,5,7,4,4,1,3,5,2,14,12,3,10,1,1,B02,7,2,1,4,2,3,,12,12,1,4,3,B02,120.706916,24.250122,2
2023,3,19,17,21,臺中市,南屯區,0,0,0,8,,,50,,,,,,,,,,,,,,,7,,,,,B02,,,1,,1,,,7,,1,22,,B02,120.635711,24.143383,3
2023,3,19,17,22,臺中市,西屯區,0,0,0,8,,,50,,,,,,,,,,,,,,,43,,,,,B02,,,1,,1,,,43,,1,22,,B02,120.636498,24.169093,3
2023,3,19,17,29,臺中市,烏日區,0,0,0,8,2,5,70,14,7,1,5,4,5,7,4,4,1,4,4,1,13,42,3,10,3,4,B03,7,9,1,8,2,1,,42,42,1,21,9,B03,120.601072,24.11074,3
2023,3,19,17,35,臺中市,大肚區,0,0,0,8,,,50,,,,,,,,,,,,,,,23,,,,,A11,,,1,,2,,,23,,1,10,,A11,120.546371,24.147797,3
2023,3,19,17,35,臺中市,烏日區,0,0,0,8,,,30,,,,,,,,,,,,,,,38,,,,,B03,,,1,,9,,,38,,1,4,,B03,120.615434,24.102921,4
2023,3,19,17,36,臺中市,大里區,0,1,0,8,1,5,50,3,1,1,5,4,5,7,4,4,1,3,4,1,16,6,2,9,3,4,C03,7,9,1,10,2,14,,6,6,1,22,8,C03,120.697237,24.083639,2
2023,3,19,17,40,臺中市,沙鹿區,0,2,0,8,1,5,40,4,2,1,5,4,5,7,1,1,10,5,5,2,16,6,3,10,1,1,B03,7,6,1,8,2,5,,6,6,1,22,9,B03,120.606244,24.247281,2
2023,3,19,17,41,臺中市,北屯區,0,2,0,8,2,5,50,4,1,1,5,4,5,7,2,1,10,5,5,2,16,6,2,9,1,1,C03,7,5,1,10,2,11,,6,6,1,21,8,C03,120.690448,24.173976,2
2023,3,19,17,43,臺中市,西屯區,0,1,0,8,2,5,30,5,1,1,5,4,5,7,4,4,10,5,5,2,16,6,2,9,1,1,C03,7,5,1,10,2,13,12,6,6,1,22,8,C03,120.644218,24.177375,2
2023,3,19,17,44,臺中市,南屯區,0,0,0,8,,,50,,,,,,,,,,,,,,,18,,,,,B03,,,1,,2,,,18,,1,5,,B03,120.607016,24.146466,3
2023,3,19,17,44,臺中市,西屯區,0,0,0,8,,,50,,,,,,,,,,,,,,,7,,,,,B03,,,1,,2,,,7,,1,22,,B03,120.629308,24.163572,3
2023,3,19,17,45,臺中市,南區,0,0,0,,,,50,,,,,,,,,,,,,,,16,,,,,B12,,,1,,2,,,16,,1,22,,B12,120.680563,24.128994,3
2023,3,19,17,48,臺中市,烏日區,0,1,0,8,1,5,50,4,1,1,5,4,5,7,1,1,5,5,4,2,11,6,3,10,1,1,B03,7,5,1,8,2,1,,6,6,1,21,8,B03,120.621245,24.103111,2
2023,3,19,17,55,臺中市,北區,0,0,0,8,,,50,,,,,,,,,,,,,,,23,,,,,B03,,,1,,1,,,23,,1,5,,B03,120.675196,24.163286,3
2023,3,19,18,4,臺中市,西屯區,0,2,0,8,1,5,40,4,1,1,5,4,5,7,1,1,8,4,1,1,29,23,2,9,1,4,C03,7,9,1,10,1,11,13,23,23,1,4,8,C03,120.646605,24.16396,2
2023,3,19,18,10,臺中市,西屯區,0,0,0,8,,,50,,,,,,,,,,,,,,,2,,,,,B03,,,1,,1,,,2,,1,22,,B03,120.659047,24.176048,3
2023,3,19,18,12,臺中市,北屯區,0,1,0,8,3,5,50,14,7,1,5,4,5,7,1,1,5,5,4,2,16,3,2,9,1,1,C03,7,8,1,10,2,15,,3,3,1,22,8,C03,120.707544,24.186517,2
2023,3,19,18,13,臺中市,烏日區,0,1,0,8,3,5,30,4,1,1,5,4,5,6,4,4,10,5,5,2,15,6,2,9,1,1,C03,7,9,1,10,2,11,,6,6,1,21,9,C03,120.636924,24.070789,2
2023,3,19,18,15,臺中市,南區,0,0,0,,,,50,,,,,,,,,,,,,,,7,,,,,B03,,,1,,2,,,7,,1,5,,B03,120.67004,24.112788,3
2023,3,19,18,15,臺中市,西屯區,0,0,0,8,,,50,,,,,,,,,,,,,,,23,,,,,B03,,,1,,2,,,23,,1,22,,B03,120.619907,24.182984,3
2023,3,19,18,15,臺中市,西屯區,0,1,0,8,1,5,40,4,1,1,5,4,5,7,1,1,10,5,5,2,29,23,2,9,1,1,C03,7,9,1,9,2,11,,23,23,1,22,8,C03,120.646182,24.164285,2
2023,3,19,18,16,臺中市,大肚區,0,3,0,8,2,5,60,14,7,1,5,4,5,7,4,4,1,4,4,1,12,19,2,7,1,1,B03,7,1,1,8,2,4,,19,19,1,4,8,B03,120.542775,24.164957,2
2023,3,19,18,18,臺中市,太平區,0,2,0,8,1,5,50,3,1,1,5,4,5,7,4,4,10,5,5,2,16,6,2,9,1,1,C03,7,5,1,10,2,11,,6,6,1,18,8,C03,120.727811,24.141403,2
2023,3,19,18,20,臺中市,大里區,0,0,0,8,,,50,,,,,,,,,,,,,,,23,,,,,B03,,,1,,2,,,23,,1,22,,B03,120.691218,24.090401,3
2023,3,19,18,23,臺中市,東區,0,0,0,,,,50,,,,,,,,,,,,,,,16,,,,,C03,,,1,,2,,,16,,1,21,,C03,120.685949,24.140137,3
2023,3,19,18,26,臺中市,沙鹿區,0,2,0,8,3,5,40,14,11,1,5,4,5,7,4,4,10,5,5,1,13,23,2,8,1,1,C03,7,14,1,10,2,11,,23,23,1,5,5,C03,120.558764,24.242083,2