年,月,日,時,分,縣市,區,死,受傷,2-30,天候,光線,道路類別,速限,道路型態,事故位置,路面鋪裝,路面狀態,路面缺陷,障礙物,視距,號誌種類,號誌動作,分向設施,快車道或一般車道間,快慢車道間,路面邊線,事故類型及型態,主要肇因,受傷程度,主要傷處,保護裝備,行動電話,當事者區分,車輛用途,當事者行動狀態,駕駛資格情形,駕駛執照種類,飲酒情形,車輛撞擊部位最初,車輛撞擊部位其他,肇事因素個別,肇事因素主要,肇事逃逸,職業,旅次目的,車種,GPS緯度,GPS經度,事故類別
2023,3,20,14,43,臺中市,太平區,0,1,0,8,1,5,30,4,1,1,5,4,5,7,4,4,10,5,5,2,16,6,3,10,1,1,B03,7,9,1,8,2,5,,6,6,1,5,8,B03,120.72861,24.155158,2
2023,3,20,14,46,臺中市,清水區,0,0,0,8,,,70,,,,,,,,,,,,,,,23,,,,,B03,,,1,,1,,,23,,1,19,,B03,120.581244,24.281784,3
2023,3,20,14,50,臺中市,大里區,0,0,0,8,,,50,,,,,,,,,,,,,,,6,,,,,B03,,,1,,2,,,6,,1,22,,B03,120.681141,24.104047,3
2023,3,20,14,54,臺中市,大里區,0,0,0,8,,,50,,,,,,,,,,,,,,,23,,,,,C03,,,1,,2,,,23,,1,22,,C03,120.675834,24.095938,3
2023,3,20,14,54,臺中市,大甲區,0,2,0,8,1,5,50,4,1,1,5,4,5,7,1,1,10,5,5,2,17,25,2,9,1,1,C03,7,6,1,10,2,14,,25,25,1,4,1,C03,120.625026,24.340605,2
2023,3,20,14,58,臺中市,大里區,0,0,0,8,,,50,,,,,,,,,,,,,,,23,,,,,B03,,,1,,2,,,23,,1,21,,B03,120.692016,24.110355,3
2023,3,20,15,0,臺中市,大雅區,0,0,0,8,,,30,,,,,,,,,,,,,,,12,,,,,B03,,,1,,2,,,12,,1,21,,B03,120.668405,24.20319,3
2023,3,20,15,6,臺中市,北屯區,0,2,0,8,1,5,50,3,1,1,5,4,5,7,4,4,5,5,5,2,16,19,2,9,2,1,C03,7,1,1,10,2,11,,19,19,1,22,8,C03,120.668902,24.173892,2
2023,3,20,15,7,臺中市,中區,0,2,0,8,1,5,50,4,1,1,5,4,5,7,2,1,10,5,5,2,16,8,2,9,1,1,C03,7,5,1,10,2,12,,8,8,1,2,9,C03,120.678815,24.147178,2
2023,3,20,15,10,臺中市,東區,0,0,0,8,1,5,50,14,7,1,5,4,5,7,4,4,5,4,4,2,17,42,3,10,1,1,A12,7,15,1,7,2,15,,42,42,1,22,8,A12,120.703044,24.142606,3
2023,3,20,15,10,臺中市,北屯區,0,1,0,8,1,5,50,4,18,1,5,4,5,7,2,1,10,5,5,2,3,15,3,10,1,1,B03,7,6,1,8,2,2,,15,15,1,5,8,B03,120.728198,24.1712,2
2023,3,20,15,20,臺中市,潭子區,0,1,0,8,1,5,60,14,12,1,5,4,5,7,4,4,1,4,4,1,18,23,2,9,1,1,C03,7,9,1,10,2,12,,23,23,1,22,9,C03,120.707488,24.226671,2
2023,3,20,15,21,臺中市,西屯區,0,0,0,8,,,40,,,,,,,,,,,,,,,19,,,,,B01,,,1,,1,,,19,,1,21,,B01,120.603578,24.175013,3
2023,3,20,15,29,臺中市,西屯區,0,0,0,8,,,40,,,,,,,,,,,,,,,12,,,,,A12,,,1,,1,,,12,,1,22,,A12,120.663993,24.1681,3
2023,3,20,15,35,臺中市,清水區,0,1,0,8,1,5,50,11,9,1,5,4,5,7,4,4,8,3,5,2,16,26,3,10,1,1,B03,7,5,1,8,2,8,,26,26,1,21,8,B03,120.567807,24.266127,2
2023,3,20,15,36,臺中市,北區,0,1,0,8,1,5,50,4,1,1,5,4,5,7,4,4,10,5,5,2,16,26,3,10,1,1,B03,7,5,1,8,2,1,,26,26,1,5,8,B03,120.676504,24.152384,2
2023,3,20,15,45,臺中市,東區,0,1,0,8,1,5,50,4,1,1,5,4,5,7,4,4,10,5,5,2,15,6,2,9,1,1,C03,7,9,1,10,2,12,,6,6,1,5,8,C03,120.688178,24.140988,2
2023,3,20,15,48,臺中市,北屯區,0,0,0,8,,,40,,,,,,,,,,,,,,,12,,,,,B12,,,1,,9,,,12,,2,21,,B12,120.69494,24.179445,3
2023,3,20,15,50,臺中市,北屯區,0,2,0,8,1,5,50,4,2,1,5,4,5,7,1,1,5,4,5,2,16,8,2,9,1,1,C03,7,4,1,10,2,11,,23,8,1,22,8,C03,120.677078,24.185883,2
2023,3,20,15,54,臺中市,大里區,0,0,0,8,1,5,50,14,9,1,5,4,5,7,4,4,5,5,5,2,12,17,,,,,C03,,,1,,2,,,17,,1,22,,C03,120.673267,24.112826,3
2023,3,20,15,55,臺中市,北屯區,0,1,0,8,1,5,40,14,8,1,5,4,5,7,4,4,5,5,4,2,12,40,3,10,1,1,B03,7,13,1,8,2,8,,40,40,1,22,8,B03,120.683323,24.173731,2
2023,3,20,15,58,臺中市,西區,0,0,0,8,,,50,,,,,,,,,,,,,,,17,,,,,B03,,,1,,1,,,17,,1,21,,B03,120.672093,24.141924,3
2023,3,20,16,1,臺中市,北屯區,0,0,0,8,,,50,,,,,,,,,,,,,,,12,,,,,B03,,,1,,9,,,12,,1,22,,B03,120.716329,24.168326,3
2023,3,20,16,5,臺中市,東區,0,1,0,8,1,5,50,4,1,1,5,4,5,7,1,1,10,5,5,2,18,23,2,8,1,1,C03,7,6,1,10,11,12,,23,23,1,22,9,C03,120.684925,24.135194,2
2023,3,20,16,6,臺中市,西屯區,0,0,0,8,,,40,,,,,,,,,,,,,,,16,,,,,C03,,,1,,1,,,16,,1,4,,C03,120.645965,24.172043,3
2023,3,20,16,10,臺中市,西屯區,0,1,0,8,1,5,40,14,8,1,5,4,5,7,4,4,1,5,1,2,12,23,2,8,1,1,F01,7,9,8,20,2,16,,44,23,1,22,8,F01,120.593367,24.182162,2
2023,3,20,16,16,臺中市,霧峰區,0,0,0,8,,,50,,,,,,,,,,,,,,,23,,,,,B03,,,1,,2,,,23,,1,22,,B03,120.690881,24.059343,3
2023,3,20,16,17,臺中市,大里區,0,1,0,8,1,5,50,14,9,1,5,4,5,7,4,4,5,4,5,1,16,26,3,10,1,1,C03,7,11,1,10,2,11,,26,26,1,22,8,C03,120.687789,24.120465,2
2023,3,20,16,18,臺中市,北區,0,1,0,8,1,5,50,14,9,1,5,4,1,7,4,4,5,5,5,2,17,6,3,10,1,1,B03,7,15,1,8,2,8,,6,6,1,22,9,B03,120.669321,24.160598,2
2023,3,20,16,24,臺中市,北區,0,2,0,8,1,5,50,14,7,1,5,4,5,7,4,4,5,5,4,2,17,19,2,8,1,1,C03,7,1,1,10,2,11,,19,19,1,22,9,C03,120.686634,24.166621,2
2023,3,20,16,25,臺中市,南區,0,1,0,8,1,5,50,4,2,1,5,4,5,7,2,1,10,4,5,2,12,16,2,9,1,1,C03,7,9,1,10,2,11,,16,16,1,21,8,C03,120.679112,24.126961,2
2023,3,20,16,27,臺中市,大甲區,0,0,0,,,,40,,,,,,,,,,,,,,,42,,,,,B03,,,1,,2,,,42,42,1,21,,B03,120.624594,24.350886,3
2023,3,20,16,30,臺中市,東區,0,1,0,8,1,5,50,4,1,1,5,4,5,7,4,4,5,5,5,2,13,16,2,9,1,1,C03,7,9,1,10,2,11,,16,16,1,22,8,C03,120.688178,24.140988,2
2023,3,20,16,35,臺中市,潭子區,0,0,0,8,,,50,,,,,,,,,,,,,,,9,,,,,C03,,,1,,2,,,23,44,1,22,,C03,120.693535,24.215911,3
2023,3,20,16,36,臺中市,西屯區,0,1,0,8,1,5,40,3,1,1,5,4,5,7,2,1,10,5,5,2,13,23,2,9,1,1,C03,7,9,1,10,1,11,,23,23,1,22,8,C03,120.614123,24.183851,2
2023,3,20,16,42,臺中市,北屯區,0,1,0,8,1,5,50,4,1,1,5,4,5,7,1,1,10,5,5,2,16,10,3,10,1,1,B03,7,11,1,8,2,5,,10,10,1,4,8,B03,120.678583,24.176625,2
2023,3,20,16,43,臺中市,豐原區,0,0,0,8,,,50,,,,,,,,,,,,,,,23,,,,,B03,,,1,,2,,,23,,1,22,,B03,120.706772,24.249836,3
2023,3,20,16,45,臺中市,西屯區,0,1,0,8,1,5,40,4,1,1,5,4,5,7,1,1,10,5,5,2,17,23,2,9,1,1,C03,7,9,1,10,2,15,,23,23,1,21,8,C03,120.648126,24.16716,2
2023,3,20,16,46,臺中市,大肚區,0,2,0,8,1,5,50,4,1,1,5,4,5,7,1,1,10,5,5,2,15,25,3,10,1,1,B03,7,9,1,8,2,4,,25,25,1,22,9,B03,120.580539,24.172668,2
2023,3,20,16,49,臺中市,大甲區,0,2,0,8,1,5,60,3,1,1,5,4,5,7,1,1,10,5,5,2,17,9,3,10,1,1,B03,7,6,1,4,2,6,,9,9,1,21,8,B03,120.61716,24.347838,2
2023,3,20,16,50,臺中市,南區,0,0,0,8,,,50,,,,,,,,,,,,,,,23,,,,,B03,,,1,,2,,,23,,1,22,,B03,120.653416,24.123208,3
2023,3,20,16,53,臺中市,東區,0,0,0,,,,50,,,,,,,,,,,,,,,10,,,,,C03,,,1,,2,,,10,,1,5,,C03,120.707736,24.142639,3
2023,3,20,16,57,臺中市,沙鹿區,0,2,0,8,1,5,50,4,2,1,5,4,5,7,4,4,10,5,5,2,16,5,2,9,1,1,C03,7,9,1,10,2,14,,5,5,1,22,9,C03,120.557352,24.23215,2
2023,3,20,16,58,臺中市,北屯區,0,1,0,8,1,5,50,14,7,1,5,4,5,7,4,4,5,5,4,2,18,23,2,9,1,1,C03,7,9,1,10,2,15,,23,23,1,22,8,C03,120.681009,24.170996,2
2023,3,20,16,58,臺中市,西屯區,0,1,0,8,1,5,40,3,2,1,5,4,5,7,1,1,10,5,5,2,13,23,2,9,1,1,C03,7,6,1,10,2,11,12,23,23,1,18,8,C03,120.592506,24.179295,2
2023,3,20,17,3,臺中市,南屯區,0,1,0,8,1,5,50,4,1,1,5,4,5,7,1,1,10,5,5,2,16,6,3,10,3,4,B03,7,6,1,8,2,2,,6,6,1,22,8,B03,120.640702,24.14426,2
2023,3,20,17,5,臺中市,大雅區,0,0,0,8,,,50,,,,,,,,,,,,,,,23,,,,,B03,,,1,,2,,,23,,1,21,,B03,120.628954,24.206336,3
2023,3,20,17,6,臺中市,清水區,0,1,0,8,1,5,50,4,1,1,5,4,5,7,4,4,10,5,5,2,16,6,3,10,1,1,B03,7,5,1,8,2,5,,6,6,1,21,8,B03,120.551927,24.265158,2
2023,3,20,17,7,臺中市,梧棲區,0,1,0,8,2,5,50,4,18,1,5,4,5,7,1,1,10,5,5,2,3,23,3,10,1,1,B03,7,5,1,8,2,4,,23,23,1,3,8,B03,120.53515,24.263197,2
2023,3,20,17,9,臺中市,龍井區,0,1,0,8,1,5,30,14,7,1,5,4,5,7,4,4,10,5,4,2,17,42,3,10,1,1,B03,7,9,1,5,2,2,,42,42,1,12,8,B03,120.533446,24.194698,2
2023,3,20,17,16,臺中市,北區,0,4,0,8,1,5,40,3,1,1,5,4,5,7,1,1,1,4,4,2,17,25,2,9,1,1,C03,7,12,1,10,2,12,,25,25,1,5,8,C03,120.683809,24.146278,2
2023,3,20,17,19,臺中市,大里區,0,0,0,8,,,50,,,,,,,,,,,,,,,7,,,,,B03,,,1,,2,,,44,7,1,22,,B03,120.697133,24.111113,3
2023,3,20,17,20,臺中市,大雅區,0,0,0,8,,,30,,,,,,,,,,,,,,,19,,,,,C03,,,1,,2,,,19,,1,22,,C03,120.662342,24.213599,3
2023,3,20,17,26,臺中市,西屯區,0,0,0,8,,,50,,,,,,,,,,,,,,,6,,,,,B03,,,1,,1,,,6,,1,22,,B03,120.647847,24.196114,3
2023,3,20,17,27,臺中市,大里區,0,0,0,8,,,80,,,,,,,,,,,,,,,23,,,,,B03,,,1,,2,,,23,,1,22,,B03,120.695027,24.108067,3
2023,3,20,17,30,臺中市,南屯區,0,2,0,8,2,5,50,14,9,1,5,3,5,7,4,4,5,5,5,2,13,16,3,10,1,4,B12,7,9,1,8,2,1,,16,16,1,22,8,B12,120.629195,24.14066,2
2023,3,20,17,30,臺中市,龍井區,0,0,0,,,,50,,,,,,,,,,,,,,,23,,,,,B03,,,1,,2,,,23,,1,3,,B03,120.584463,24.182648,4
2023,3,20,17,30,臺中市,烏日區,0,2,0,8,2,5,50,14,8,1,5,4,5,7,4,4,1,4,4,1,13,16,2,9,1,1,C03,7,9,2,18,2,14,,16,16,1,21,9,C03,120.626154,24.103833,2
2023,3,20,17,36,臺中市,西屯區,0,0,0,8,,,50,,,,,,,,,,,,,,,23,,,,,C02,,,1,,2,,,23,,1,4,,C02,120.660858,24.172413,3
2023,3,20,17,37,臺中市,大肚區,0,2,0,8,1,5,70,14,8,1,5,4,5,7,4,4,10,4,5,1,16,11,2,9,1,1,C03,7,11,1,10,2,11,,11,11,1,21,8,C03,120.559903,24.126044,2
2023,3,20,17,38,臺中市,北屯區,0,0,0,8,,,50,,,,,,,,,,,,,,,19,,,,,B03,,,1,,1,,,19,,1,21,,B03,120.690631,24.165098,3
2023,3,20,17,38,臺中市,北屯區,0,1,0,8,2,5,50,14,9,1,5,4,5,7,4,4,4,3,5,2,16,19,3,10,1,1,C03,7,9,1,10,2,14,,44,19,1,21,8,C03,120.661648,24.195173,2
2023,3,20,17,40,臺中市,大雅區,0,0,0,8,,,50,,,,,,,,,,,,,,,12,,,,,B03,,,1,,2,,,12,,1,22,,B03,120.650558,24.218709,3
2023,3,20,17,41,臺中市,霧峰區,0,2,0,8,1,5,60,3,1,1,5,4,5,7,4,4,1,4,4,1,16,6,3,10,1,1,B12,7,6,1,8,2,2,,6,6,1,5,8,B12,120.696115,24.066264,2
2023,3,20,17,42,臺中市,北屯區,0,1,0,8,3,5,30,5,1,1,5,4,5,7,2,1,10,5,5,2,11,23,3,10,1,1,B12,7,5,1,8,2,7,,23,23,1,22,8,B12,120.659684,24.192971,2
2023,3,20,17,46,臺中市,霧峰區,0,1,0,8,1,5,30,4,1,1,5,4,5,7,4,4,10,5,5,2,15,6,3,10,1,1,C04,7,9,1,10,2,12,,6,6,1,22,9,C04,120.699466,24.070869,2
2023,3,20,17,47,臺中市,西區,0,0,0,8,2,5,50,4,2,1,5,4,5,7,1,1,3,4,3,2,13,23,,,,,B03,,,1,,1,,,23,,1,22,,B03,120.662609,24.155678,3
2023,3,20,17,48,臺中市,沙鹿區,0,1,0,7,3,5,60,14,7,1,5,4,5,7,4,4,3,4,4,2,13,42,3,10,1,1,B12,7,9,1,8,2,1,,42,42,1,22,9,B12,120.580873,24.200716,2
2023,3,20,17,49,臺中市,西區,0,0,0,8,,,40,,,,,,,,,,,,,,,7,,,,,C03,,,1,,1,,,7,,1,22,,C03,120.665287,24.150867,3
2023,3,20,17,54,臺中市,太平區,0,2,0,8,3,5,50,3,1,1,5,4,5,7,1,1,10,5,5,2,16,6,3,10,1,1,B03,7,5,1,8,2,5,,6,6,1,5,8,B03,120.718517,24.150852,2
2023,3,20,17,57,臺中市,豐原區,0,0,0,,,,50,,,,,,,,,,,,,,,23,,,,,C03,,,1,,2,,,23,,1,22,,C03,120.718838,24.250573,3
2023,3,20,18,0,臺中市,西屯區,0,0,0,8,,,50,,,,,,,,,,,,,,,23,,,,,B03,,,1,,2,,,23,,1,22,,B03,120.65907,24.193775,3
2023,3,20,18,2,臺中市,西屯區,0,2,0,8,2,5,50,3,1,1,5,4,5,7,4,4,10,5,5,2,17,16,3,10,1,1,B03,7,9,1,8,2,5,,16,16,1,22,8,B03,120.621022,24.182192,2
2023,3,20,18,5,臺中市,西屯區,0,0,0,8,,,40,,,,,,,,,,,,,,,23,,,,,B03,,,1,,1,,,23,,1,22,,B03,120.628166,24.162475,3
2023,3,20,18,7,臺中市,南屯區,0,0,0,8,,,40,,,,,,,,,,,,,,,23,,,,,B12,,,1,,1,,,23,,1,5,,B12,120.649237,24.131968,3
2023,3,20,18,8,臺中市,西屯區,0,0,0,8,,,50,,,,,,,,,,,,,,,23,,,,,B03,,,1,,7,,,23,,1,22,,B03,120.639967,24.185145,3
2023,3,20,18,11,臺中市,北屯區,0,0,0,8,,,50,,,,,,,,,,,,,,,23,,,,,B03,,,1,,1,,,23,,1,4,,B03,120.685931,24.200825,3
2023,3,20,18,17,臺中市,龍井區,0,1,0,8,2,5,30,3,1,4,5,4,5,7,4,4,10,5,5,2,11,17,3,10,1,1,C03,7,9,1,10,2,11,,17,17,1,22,9,C03,120.593434,24.180925,2
2023,3,20,18,20,臺中市,南區,0,3,0,8,3,5,40,14,8,1,5,4,5,7,4,4,3,4,4,2,18,23,2,9,2,1,F02,7,15,8,20,1,16,,23,23,1,21,8,F02,120.657081,24.133638,2
2023,3,20,18,27,臺中市,西屯區,0,0,0,8,,,50,,,,,,,,,,,,,,,23,,,,,B03,,,1,,9,,,23,,1,22,,B03,120.621116,24.186465,3
2023,3,20,18,28,臺中市,南屯區,0,0,0,8,,,50,,,,,,,,,,,,,,,7,,,,,B12,,,1,,1,,,7,,1,5,,B12,120.640718,24.15034,3
2023,3,20,18,29,臺中市,沙鹿區,0,1,0,8,3,5,50,3,1,1,5,4,5,7,2,1,10,5,5,2,3,51,2,9,4,5,H01,8,16,8,20,10,16,,51,51,1,7,5,H01,120.570114,24.225276,2
2023,3,20,18,32,臺中市,北屯區,0,1,0,8,3,5,30,4,1,1,5,4,5,7,4,4,10,5,5,2,15,6,3,10,1,1,B03,7,9,1,8,2,5,,6,6,1,21,8,B03,120.662314,24.196596,2
2023,3,20,18,32,臺中市,霧峰區,0,0,0,8,,,40,,,,,,,,,,,,,,,26,,,,,B03,,,1,,2,,,26,,1,22,,B03,120.662944,24.063028,3
2023,3,20,18,34,臺中市,大甲區,0,1,0,8,3,5,50,4,2,1,5,4,5,7,4,4,5,5,5,1,17,23,2,6,1,1,B03,7,9,1,10,2,5,,23,23,1,21,8,B03,120.622093,24.417425,2
2023,3,20,18,36,臺中市,沙鹿區,0,0,0,,,,50,,,,,,,,,,,,,,,16,,,,,C03,,,1,,2,,,16,16,1,22,,C03,120.580169,24.219372,3
2023,3,20,18,37,臺中市,大雅區,0,2,0,8,3,5,50,14,9,1,5,4,5,7,4,4,5,5,5,1,17,26,2,8,1,1,C03,7,11,1,10,2,14,,26,43,1,21,8,C03,120.649454,24.224989,2
2023,3,20,18,38,臺中市,南屯區,0,1,0,8,1,5,50,3,1,1,5,4,5,7,4,4,10,5,5,2,16,26,3,10,3,4,B03,7,5,1,8,2,6,,26,26,1,22,8,B03,120.634505,24.145763,2
2023,3,20,18,38,臺中市,西屯區,0,0,0,8,,,50,,,,,,,,,,,,,,,23,,,,,C03,,,1,,1,,,23,,1,4,,C03,120.660231,24.171141,3
2023,3,20,18,40,臺中市,西區,0,1,0,8,3,5,50,4,1,1,5,4,5,7,1,1,10,5,5,2,17,23,2,9,1,1,C03,7,9,1,10,2,15,,23,42,1,22,9,C03,120.661673,24.150865,2
2023,3,20,18,40,臺中市,霧峰區,0,1,0,8,2,5,40,4,2,1,5,4,5,7,1,1,5,5,5,1,17,26,3,10,1,1,C03,7,5,1,10,2,11,,26,26,1,11,8,C03,120.709285,24.080698,2
2023,3,20,18,44,臺中市,潭子區,0,0,0,8,,,50,,,,,,,,,,,,,,,8,,,,,A11,,,1,,2,,,8,,1,22,,A11,120.703508,24.201142,3
2023,3,20,18,45,臺中市,南區,0,0,0,8,3,5,50,4,1,1,5,4,5,7,1,1,1,4,4,2,13,16,3,10,1,1,C03,7,9,1,10,2,11,,16,16,1,22,8,C03,120.679262,24.126371,3
2023,3,20,18,45,臺中市,北屯區,0,1,0,8,3,5,40,4,1,1,5,4,5,7,2,1,10,5,5,2,16,19,2,9,1,1,C03,7,1,1,10,2,11,,19,19,1,22,7,C03,120.663444,24.185416,2
2023,3,20,18,45,臺中市,西屯區,0,0,0,8,,,50,,,,,,,,,,,,,,,16,,,,,C03,,,1,,1,,,16,,1,22,,C03,120.647274,24.174803,3
2023,3,20,18,54,臺中市,南屯區,0,1,0,8,3,5,50,4,1,1,5,4,5,7,4,4,5,4,5,2,17,14,2,9,3,4,C03,7,9,1,10,2,15,,14,14,1,4,9,C03,120.610127,24.142393,2
2023,3,20,18,54,臺中市,梧棲區,0,0,0,8,,,90,,,,,,,,,,,,,,,16,,,,,B03,,,1,,2,,,16,,1,18,,B03,120.534554,24.245838,3
2023,3,20,18,55,臺中市,霧峰區,0,0,0,8,,,50,,,,,,,,,,,,,,,23,,,,,B03,,,1,,2,,,23,,1,22,,B03,120.697765,24.075674,3
2023,3,20,18,58,臺中市,太平區,0,0,0,8,3,5,50,14,8,1,5,4,5,7,4,4,5,5,4,2,17,12,,,,,B03,,,1,,2,7,,12,12,1,21,,B03,120.708273,24.128106,3
2023,3,20,19,0,臺中市,東勢區,0,1,0,8,3,5,50,4,1,1,5,4,5,7,1,1,10,5,5,2,15,25,2,9,1,1,C03,7,9,1,10,2,11,,25,25,1,22,8,C03,120.828976,24.255748,2
2023,3,20,19,1,臺中市,霧峰區,0,1,0,8,3,5,30,5,1,1,5,4,5,7,1,1,10,5,5,2,29,23,2,9,1,1,C03,7,8,1,10,2,11,,23,23,1,22,8,C03,120.713323,24.077266,2
2023,3,20,19,1,臺中市,太平區,0,0,0,8,,,40,,,,,,,,,,,,,,,16,,,,,B03,,,1,,2,,,16,,1,22,,B03,120.714391,24.110458,3
2023,3,20,19,3,臺中市,西區,0,1,0,8,3,5,40,14,7,1,5,4,5,7,4,4,5,5,4,2,17,40,3,10,2,1,B03,7,14,1,8,2,4,,40,40,1,22,9,B03,120.661918,24.134561,2
2023,3,20,19,5,臺中市,西屯區,0,2,0,8,3,5,50,4,1,1,5,4,5,7,2,1,10,5,5,2,16,9,3,10,1,1,B03,7,6,1,7,2,2,5,9,9,1,22,8,B03,120.617646,24.185461,2
2023,3,20,19,6,臺中市,南區,0,0,0,8,,,40,,,,,,,,,,,,,,,16,,,,,C03,,,1,,2,,,16,,1,5,,C03,120.676698,24.126475,3
2023,3,20,19,11,臺中市,潭子區,0,1,0,8,3,5,60,14,7,1,5,4,5,7,4,4,1,4,4,1,13,23,2,8,1,1,C03,7,9,1,10,2,11,,23,16,1,22,8,C03,120.704328,24.203252,2
2023,3,20,19,15,臺中市,北區,0,1,0,8,3,5,40,4,1,1,5,4,5,7,4,4,10,5,5,2,15,23,2,9,1,1,C03,7,9,1,10,2,11,,23,23,1,22,9,C03,120.670181,24.168171,2
2023,3,20,19,15,臺中市,西屯區,0,0,0,8,,,50,,,,,,,,,,,,,,,16,,,,,C03,,,1,,1,,,16,,1,22,,C03,120.638306,24.175263,3
2023,3,20,19,15,臺中市,梧棲區,0,0,0,8,,,90,,,,,,,,,,,,,,,16,,,,,B03,,,1,,2,,,16,,1,3,,B03,120.534004,24.244568,3
2023,3,20,19,16,臺中市,南區,0,3,0,8,2,5,50,3,2,1,5,4,5,7,4,4,1,4,5,2,12,23,2,7,1,1,B12,7,9,6,8,2,5,,23,23,1,5,8,B12,120.6701,24.120017,2
2023,3,20,19,19,臺中市,潭子區,0,2,0,8,3,5,50,14,9,1,5,4,5,7,4,4,5,4,5,1,13,16,2,9,1,1,C03,7,9,1,10,2,12,,16,16,1,22,8,C03,120.690742,24.225015,2
2023,3,20,19,19,臺中市,太平區,0,2,0,8,3,5,80,14,7,1,5,4,5,7,4,4,1,4,5,1,13,16,2,7,1,1,B03,7,9,1,8,2,8,,16,16,1,5,8,B03,120.716745,24.149343,2
2023,3,20,19,20,臺中市,霧峰區,0,0,0,8,3,5,50,3,1,1,5,4,5,7,1,1,10,5,5,2,16,6,,,,,B03,,,1,,2,,,6,,1,4,,B03,120.699211,24.06853,3
2023,3,20,19,21,臺中市,北區,0,1,0,8,3,5,50,4,1,1,5,4,5,7,1,1,1,4,5,2,13,23,2,7,1,1,C03,7,9,1,10,1,11,,23,23,1,5,8,C03,120.682365,24.163041,2
2023,3,20,19,23,臺中市,大里區,0,0,0,8,,,50,,,,,,,,,,,,,,,12,,,,,A41,,,1,,2,,,12,,1,22,,A41,120.694432,24.085487,3
2023,3,20,19,29,臺中市,霧峰區,0,0,0,8,,,50,,,,,,,,,,,,,,,19,,,,,C03,,,1,,2,,,19,,1,22,,C03,120.69703,24.064405,3
2023,3,20,19,30,臺中市,西屯區,0,0,0,8,,,50,,,,,,,,,,,,,,,7,,,,,C03,,,1,,1,,,7,,1,22,,C03,120.647546,24.159335,3
2023,3,20,19,31,臺中市,北屯區,0,0,0,8,,,50,,,,,,,,,,,,,,,42,,,,,B03,,,1,,2,,,42,42,1,22,,B03,120.713219,24.178056,3
2023,3,20,19,31,臺中市,清水區,0,1,0,8,3,5,50,4,1,1,5,4,5,7,1,1,10,5,5,2,16,26,3,10,1,1,B12,7,5,1,8,2,2,,26,26,1,21,8,B12,120.558483,24.273392,2
2023,3,20,19,40,臺中市,神岡區,0,1,0,7,3,5,50,14,7,1,5,4,5,7,4,4,5,4,4,1,17,10,3,10,1,1,B03,7,11,1,8,2,4,,10,10,1,12,8,B03,120.671565,24.255921,2
2023,3,20,20,9,臺中市,沙鹿區,0,0,0,8,,,40,,,,,,,,,,,,,,,23,,,,,B03,,,1,,2,,,23,,1,22,,B03,120.598111,24.251541,4
2023,3,20,20,20,臺中市,南屯區,0,0,0,8,,,40,,,,,,,,,,,,,,,40,,,,,B03,,,1,,1,,,40,,1,5,,B03,120.634991,24.152548,3
2023,3,20,20,20,臺中市,烏日區,0,0,0,,,,50,,,,,,,,,,,,,,,23,,,,,B03,,,1,,2,,,23,23,1,19,,B03,120.622886,24.106551,3
2023,3,20,20,21,臺中市,沙鹿區,0,3,0,7,3,5,50,4,1,1,5,4,5,7,4,4,10,5,5,2,16,8,2,9,1,1,C03,7,5,1,10,2,14,,8,8,1,18,9,C03,120.580844,24.224051,2
2023,3,20,20,23,臺中市,神岡區,0,0,0,8,,,50,,,,,,,,,,,,,,,6,,,,,B03,,,1,,2,,,6,,1,22,,B03,120.677061,24.270745,3
2023,3,20,20,33,臺中市,北區,0,2,0,7,3,5,50,4,2,1,5,4,5,7,1,1,10,5,5,2,16,7,2,9,1,1,C02,7,8,1,9,2,12,,7,7,1,5,8,C02,120.66634,24.159578,2
2023,3,20,20,38,臺中市,龍井區,0,0,0,8,,,40,,,,,,,,,,,,,,,26,,,,,C03,,,1,,2,,,26,,1,5,,C03,120.505779,24.210122,3
2023,3,20,20,44,臺中市,梧棲區,0,0,0,8,,,50,,,,,,,,,,,,,,,12,,,,,B03,,,1,,2,,,12,,1,5,,B03,120.540199,24.25995,3
2023,3,20,20,48,臺中市,北屯區,0,2,0,8,3,5,50,14,9,1,5,4,5,7,4,4,9,5,5,2,18,23,2,9,1,1,C03,7,9,1,10,2,11,,23,23,1,22,8,C03,120.702913,24.17674,2
2023,3,20,20,50,臺中市,大肚區,0,1,0,8,3,5,50,4,1,1,5,4,5,7,4,4,10,5,5,2,15,6,2,9,1,1,C03,7,9,1,10,2,11,,6,6,1,21,8,C03,120.540221,24.155349,2
2023,3,20,20,53,臺中市,西屯區,0,0,0,8,,,50,,,,,,,,,,,,,,,23,,,,,C03,,,1,,2,,,23,,1,21,,C03,120.647223,24.159495,3
2023,3,20,20,57,臺中市,西屯區,0,0,0,8,,,50,,,,,,,,,,,,,,,6,,,,,B03,,,1,,1,,,6,,1,22,,B03,120.621866,24.186618,3
2023,3,20,21,0,臺中市,神岡區,0,1,0,8,1,5,50,3,1,1,5,4,5,7,1,1,5,4,4,2,17,16,3,10,1,1,B03,7,9,1,10,1,1,,16,16,1,12,8,B03,120.681893,24.247108,2