年,月,日,時,分,縣市,區,死,受傷,2-30,天候,光線,道路類別,速限,道路型態,事故位置,路面鋪裝,路面狀態,路面缺陷,障礙物,視距,號誌種類,號誌動作,分向設施,快車道或一般車道間,快慢車道間,路面邊線,事故類型及型態,主要肇因,受傷程度,主要傷處,保護裝備,行動電話,當事者區分,車輛用途,當事者行動狀態,駕駛資格情形,駕駛執照種類,飲酒情形,車輛撞擊部位最初,車輛撞擊部位其他,肇事因素個別,肇事因素主要,肇事逃逸,職業,旅次目的,車種,GPS緯度,GPS經度,事故類別
2023,3,20,21,5,臺中市,西屯區,0,0,0,8,,,50,,,,,,,,,,,,,,,18,,,,,C03,,,1,,1,,,18,,1,4,,C03,120.644748,24.175338,3
2023,3,20,21,5,臺中市,梧棲區,0,2,0,8,4,5,50,14,9,1,5,4,5,7,4,4,5,5,5,1,3,52,2,9,4,5,H01,8,16,8,20,1,16,,52,52,1,5,8,H01,120.529811,24.254085,2
2023,3,20,21,11,臺中市,西屯區,0,1,0,8,1,5,50,4,1,1,5,4,5,7,1,1,10,5,5,2,17,9,3,10,3,4,B03,7,6,1,8,2,5,,9,9,1,22,9,B03,120.625002,24.182084,2
2023,3,20,21,12,臺中市,大里區,0,1,0,8,3,5,50,14,13,1,5,4,5,7,4,4,5,2,5,1,12,23,3,10,1,1,C03,7,9,1,10,2,15,,23,23,1,22,9,C03,120.697541,24.096748,2
2023,3,20,21,23,臺中市,南屯區,0,0,0,,,,40,,,,,,,,,,,,,,,23,,,,,B03,,,1,,2,,,23,,1,22,,B03,120.60419,24.134797,3
2023,3,20,21,24,臺中市,沙鹿區,0,0,0,8,,,40,,,,,,,,,,,,,,,12,,,,,B03,,,1,,2,,,12,,1,22,,B03,120.580724,24.219786,3
2023,3,20,21,25,臺中市,南區,0,0,0,8,,,50,,,,,,,,,,,,,,,6,,,,,C03,,,1,,2,,,6,,1,22,,C03,120.673816,24.131631,3
2023,3,20,21,40,臺中市,沙鹿區,0,1,0,7,3,5,60,14,7,1,5,4,1,7,1,1,3,3,3,1,29,42,2,9,3,4,C03,7,9,1,10,3,11,,42,42,1,22,8,C03,120.606522,24.247402,2
2023,3,20,21,42,臺中市,南區,0,1,0,8,3,5,50,14,7,1,5,4,5,7,4,4,5,4,4,2,17,7,3,10,1,1,C03,7,8,1,10,2,12,,7,7,1,21,8,C03,120.679217,24.128571,2
2023,3,20,21,43,臺中市,北屯區,0,2,0,8,3,5,50,4,1,1,5,4,5,7,2,1,10,5,5,2,16,19,2,8,1,1,C04,7,1,1,10,2,14,,19,19,1,21,8,C04,120.694313,24.164893,2
2023,3,20,21,44,臺中市,西屯區,0,1,0,8,3,5,30,14,9,1,5,4,5,7,4,4,10,5,5,2,13,23,3,10,1,1,B03,7,9,2,18,1,8,,23,23,1,16,8,B03,120.654586,24.160736,2
2023,3,20,21,50,臺中市,西區,0,0,0,8,,,50,,,,,,,,,,,,,,,25,,,,,B03,,,6,8,2,,,25,25,2,22,,B03,120.667054,24.136577,3
2023,3,20,21,55,臺中市,大里區,0,1,0,8,3,5,50,5,1,1,5,4,5,7,1,1,10,5,5,2,16,23,2,7,1,1,C03,7,6,1,10,2,11,,23,23,1,22,8,C03,120.689965,24.113063,2
2023,3,20,22,3,臺中市,大肚區,0,1,0,8,3,5,50,14,9,1,5,4,5,7,4,4,9,4,5,1,17,42,2,9,1,1,C03,7,9,1,10,2,14,,42,42,1,22,2,C03,120.579659,24.168618,2
2023,3,20,22,5,臺中市,太平區,0,2,0,8,3,5,30,4,1,1,5,4,5,7,4,4,10,5,5,2,15,6,3,10,1,1,B03,7,9,1,8,2,5,,6,6,1,9,8,B03,120.709124,24.150654,2
2023,3,20,22,10,臺中市,南區,0,2,0,8,3,5,50,4,1,1,5,4,5,7,1,1,10,5,5,2,15,25,2,9,1,1,C03,7,9,1,10,2,11,,25,25,1,22,8,C03,120.679398,24.124068,2
2023,3,20,22,15,臺中市,大甲區,0,1,0,8,3,5,50,11,9,1,5,4,5,7,4,4,5,5,5,1,18,43,2,1,1,1,C03,7,9,2,18,2,14,11,43,43,1,16,2,C03,120.627741,24.340543,2
2023,3,20,22,25,臺中市,北區,0,2,0,8,1,5,50,4,2,1,5,4,5,7,2,1,5,4,4,2,16,8,2,8,3,4,C03,7,5,1,10,2,12,,8,8,1,22,9,C03,120.67192,24.171681,2
2023,3,20,22,30,臺中市,潭子區,0,2,0,8,3,5,40,4,1,1,5,4,5,7,1,1,5,4,4,1,13,23,2,7,1,1,C03,7,9,4,11,2,11,,23,23,1,22,8,C03,120.707407,24.211169,2
2023,3,20,22,36,臺中市,南區,0,0,0,,,,40,,,,,,,,,,,,,,,42,,,,,C02,,,1,,2,,,42,,1,18,,C02,120.665455,24.113744,3
2023,3,20,22,40,臺中市,西屯區,0,0,0,8,,,70,,,,,,,,,,,,,,,23,,,,,B03,,,1,,1,,,23,,1,21,,B03,120.639801,24.168651,3
2023,3,20,22,42,臺中市,大肚區,0,0,0,8,,,50,,,,,,,,,,,,,,,12,,,,,B03,,,1,,2,,,12,,1,21,,B03,120.539371,24.157062,3
2023,3,20,23,13,臺中市,東區,0,1,0,8,3,5,50,4,2,1,5,4,5,7,2,1,10,5,5,2,16,6,2,9,1,1,F03,7,9,8,20,2,16,,44,6,1,18,8,F03,120.694327,24.146402,2
2023,3,20,23,50,臺中市,東區,0,0,0,8,,,50,,,,,,,,,,,,,,,23,,,,,B03,,,1,,2,,,23,,1,5,,B03,120.697147,24.138874,3
2023,3,21,0,12,臺中市,東區,0,1,0,7,3,5,50,4,1,1,5,4,5,7,3,1,10,5,5,2,15,6,2,9,1,1,C03,7,9,1,10,2,11,,6,6,1,22,9,C03,120.69835,24.150653,2
2023,3,21,0,17,臺中市,西屯區,0,1,0,8,3,5,40,3,1,1,5,4,5,7,4,4,10,5,5,2,16,10,3,10,3,4,B01,7,11,1,4,2,4,,10,10,1,22,8,B01,120.643036,24.193951,2
2023,3,21,0,28,臺中市,霧峰區,0,0,0,8,,,50,,,,,,,,,,,,,,,44,,,,,B03,,,1,,10,,,44,,1,22,,B03,120.71788,24.07817,3
2023,3,21,1,8,臺中市,西屯區,0,1,0,8,3,5,60,14,7,1,5,4,5,7,4,4,1,4,1,2,23,23,2,9,1,1,B03,7,9,1,8,8,1,,23,23,1,22,8,B03,120.63872,24.169476,2
2023,3,21,1,47,臺中市,西屯區,0,0,0,8,,,50,,,,,,,,,,,,,,,42,,,,,B03,,,1,,2,,,42,,1,22,,B03,120.656116,24.163729,3
2023,3,21,2,10,臺中市,東區,0,2,0,8,3,5,50,4,1,1,5,4,5,7,1,1,10,5,5,2,18,43,2,9,1,1,C03,7,9,1,10,2,14,,43,43,1,22,8,C03,120.694405,24.149788,2
2023,3,21,2,10,臺中市,沙鹿區,0,0,0,8,,,30,,,,,,,,,,,,,,,6,,,,,B03,,,1,,2,,,6,,1,9,,B03,120.617212,24.240488,3
2023,3,21,2,50,臺中市,北屯區,0,1,0,8,3,5,50,3,1,1,5,4,5,7,1,1,10,5,5,2,17,26,2,9,1,1,C03,7,5,3,18,2,14,,26,26,1,21,8,C03,120.678436,24.200776,2
2023,3,21,4,0,臺中市,北屯區,0,1,0,8,3,5,50,4,1,1,5,4,5,7,3,1,10,5,5,2,15,6,3,10,1,1,B03,7,9,1,8,2,4,,6,6,1,21,8,B03,120.6785,24.1754,2
2023,3,21,4,46,臺中市,西屯區,0,1,0,8,1,5,40,14,8,1,5,4,5,7,4,4,1,3,4,2,13,23,3,10,1,1,B03,7,9,1,8,1,5,,23,23,1,22,8,B03,120.628645,24.180932,2
2023,3,21,5,0,臺中市,大里區,0,0,0,8,,,80,,,,,,,,,,,,,,,7,,,,,B03,,,1,,2,,,7,,1,5,,B03,120.696227,24.110245,3
2023,3,21,6,14,臺中市,南區,0,2,0,8,1,5,50,4,1,1,5,4,5,7,1,1,9,4,4,2,12,8,2,9,1,1,F01,7,5,8,20,2,16,,8,8,1,5,1,F01,120.648654,24.119707,2
2023,3,21,6,15,臺中市,霧峰區,0,0,0,8,,,50,,,,,,,,,,,,,,,23,,,,,B03,,,1,,2,,,23,,1,9,,B03,120.695042,24.059567,3
2023,3,21,6,20,臺中市,東區,0,0,0,,,,50,,,,,,,,,,,,,,,18,,,,,B03,,,1,,2,,,18,,1,22,,B03,120.690886,24.140422,3
2023,3,21,6,30,臺中市,烏日區,0,0,0,8,,,70,,,,,,,,,,,,,,,42,,,,,B03,,,1,,2,,,42,,1,22,,B03,120.608226,24.108032,3
2023,3,21,6,44,臺中市,西屯區,0,1,0,8,1,5,40,14,8,1,5,4,5,7,4,4,1,4,1,2,12,43,2,9,1,4,C03,7,9,1,10,2,12,,43,43,1,22,8,C03,120.622544,24.179311,2
2023,3,21,6,48,臺中市,北屯區,0,1,0,8,1,5,50,3,1,1,5,4,5,7,4,4,10,5,5,2,29,23,2,9,1,1,C03,7,9,1,10,2,14,,23,23,1,21,8,C03,120.666473,24.188268,2
2023,3,21,6,50,臺中市,烏日區,0,2,0,8,1,5,50,14,9,1,5,4,5,7,4,4,1,4,5,1,13,23,2,9,1,1,C03,7,9,1,10,2,14,,3,23,1,21,8,C03,120.642694,24.109071,2
2023,3,21,7,1,臺中市,西屯區,0,1,0,8,1,5,40,14,8,1,5,4,5,7,4,4,9,4,4,2,29,42,2,9,1,1,C03,7,6,1,10,2,12,,42,42,1,12,8,C03,120.644078,24.187251,2
2023,3,21,7,4,臺中市,沙鹿區,0,0,0,8,,,50,,,,,,,,,,,,,,,42,,,,,B12,,,1,,2,,,42,,1,21,,B12,120.566652,24.204035,3
2023,3,21,7,11,臺中市,西屯區,0,0,0,8,,,50,,,,,,,,,,,,,,,23,,,,,B02,,,1,,1,,,23,,1,22,,B02,120.639958,24.171404,3
2023,3,21,7,11,臺中市,西屯區,0,2,0,8,1,5,40,14,8,1,5,4,5,7,4,4,1,4,1,2,17,23,2,9,1,1,C03,7,9,1,10,2,12,,23,23,1,18,2,C03,120.645808,24.165058,2
2023,3,21,7,13,臺中市,北屯區,0,0,0,8,,,50,,,,,,,,,,,,,,,16,,,,,C03,,,1,,1,,,16,,1,5,,C03,120.698992,24.170356,3
2023,3,21,7,13,臺中市,太平區,0,1,0,8,1,5,30,4,1,1,5,4,5,7,4,4,10,5,5,2,15,6,3,10,1,1,C03,7,9,1,10,2,11,,6,6,1,22,8,C03,120.717601,24.129716,2
2023,3,21,7,14,臺中市,豐原區,0,0,0,8,,,50,,,,,,,,,,,,,,,23,,,,,B03,,,1,,2,,,23,,1,22,,B03,120.71372,24.239678,3
2023,3,21,7,15,臺中市,清水區,0,1,0,8,1,5,50,5,1,1,5,4,5,4,3,1,10,5,5,2,15,6,3,10,1,1,B03,7,9,1,8,2,8,,6,6,1,5,5,B03,120.547271,24.26452,2
2023,3,21,7,19,臺中市,西屯區,0,0,0,8,,,50,,,,,,,,,,,,,,,23,,,,,C03,,,1,,11,,,23,,1,22,,C03,120.619955,24.170335,3
2023,3,21,7,20,臺中市,霧峰區,0,2,0,8,1,5,60,3,1,1,5,4,5,7,1,1,10,5,5,2,17,25,2,9,1,1,C03,7,9,1,10,2,11,,25,25,1,21,5,C03,120.696805,24.029072,2
2023,3,21,7,20,臺中市,龍井區,0,0,0,8,,,50,,,,,,,,,,,,,,,19,,,,,B03,,,1,,2,,,19,19,1,20,,B03,120.547028,24.208443,3
2023,3,21,7,27,臺中市,大里區,0,2,0,8,1,5,30,14,9,1,5,4,5,7,4,4,10,5,5,1,16,6,2,9,1,1,C03,7,11,1,10,2,13,,6,6,1,11,1,C03,120.663037,24.103044,2
2023,3,21,7,30,臺中市,霧峰區,0,0,0,8,,,60,,,,,,,,,,,,,,,67,,,,,,,,,,,,,67,,1,,,,120.692861,24.039695,3
2023,3,21,7,30,臺中市,大安區,0,0,0,8,,,20,,,,,,,,,,,,,,,16,3,10,1,1,C03,7,12,1,10,2,11,,16,16,1,3,8,C03,120.601503,24.395291,3
2023,3,21,7,33,臺中市,龍井區,0,1,0,8,1,5,40,4,1,1,5,4,5,7,2,1,10,5,5,2,15,23,3,10,1,1,C03,7,9,1,10,2,11,,23,23,1,22,8,C03,120.57411,24.181074,2
2023,3,21,7,34,臺中市,梧棲區,0,1,0,8,1,5,50,3,2,1,5,4,5,7,1,1,5,5,5,1,12,17,3,10,1,1,B03,7,5,1,8,2,2,,17,17,1,9,1,B03,120.537667,24.25297,2
2023,3,21,7,39,臺中市,太平區,0,1,0,8,1,5,50,3,1,1,5,4,5,7,2,1,10,5,5,2,16,26,2,7,1,1,C03,7,7,1,10,2,14,,26,26,1,22,8,C03,120.706557,24.159218,2
2023,3,21,7,40,臺中市,南區,0,1,0,8,1,5,50,14,9,1,5,4,5,7,4,4,3,4,5,2,17,23,2,9,1,1,C03,7,9,1,10,2,11,,23,23,1,22,8,C03,120.649312,24.121827,2
2023,3,21,7,40,臺中市,西屯區,0,1,0,8,1,5,30,3,2,1,5,4,5,7,4,4,10,5,5,2,13,23,2,8,1,1,C03,7,6,1,10,2,11,,23,23,1,22,8,C03,120.641677,24.192688,2
2023,3,21,7,40,臺中市,霧峰區,0,2,0,8,1,5,40,4,1,1,5,4,5,7,1,1,10,5,5,2,17,10,2,9,3,4,C03,7,11,1,10,2,14,,10,10,1,21,5,C03,120.699118,24.067792,2
2023,3,21,7,40,臺中市,大里區,0,1,0,8,1,5,50,14,9,1,5,4,5,7,4,4,5,5,5,2,16,6,2,9,1,1,C03,7,5,1,10,2,12,,6,6,1,22,8,C03,120.68381,24.105865,2
2023,3,21,7,42,臺中市,西屯區,0,2,0,8,1,5,40,14,8,1,5,4,5,7,4,4,10,4,1,2,12,23,2,9,3,4,C03,7,8,1,10,2,14,12,23,7,1,22,8,C03,120.645595,24.165305,2
2023,3,21,7,42,臺中市,太平區,0,0,0,8,,,30,,,,,,,,,,,,,,,6,,,,,B03,,,1,,2,,,6,,1,21,,B03,120.701999,24.112323,3
2023,3,21,7,45,臺中市,西屯區,0,0,0,8,,,40,,,,,,,,,,,,,,,6,,,,,B03,,,1,,1,,,6,,1,12,,B03,120.639628,24.202446,3
2023,3,21,7,45,臺中市,西屯區,0,0,0,8,,,50,,,,,,,,,,,,,,,23,,,,,B03,,,1,,1,,,23,,1,12,,B03,120.666735,24.17514,3
2023,3,21,7,46,臺中市,豐原區,0,0,0,8,,,50,,,,,,,,,,,,,,,23,,,,,B03,,,1,,2,,,23,,1,22,,B03,120.741499,24.251096,3
2023,3,21,7,47,臺中市,烏日區,0,0,0,,,,50,,,,,,,,,,,,,,,23,,,,,A12,,,1,,1,,,23,,1,21,,A12,120.59884,24.109964,3
2023,3,21,7,48,臺中市,西區,0,1,0,8,1,5,50,4,2,1,5,4,5,7,1,1,3,2,5,2,13,16,3,10,1,1,C03,7,9,1,10,2,11,,16,16,1,22,8,C03,120.667565,24.131508,2
2023,3,21,7,48,臺中市,沙鹿區,0,0,0,8,,,60,,,,,,,,,,,,,,,16,,,,,B03,,,1,,2,,,16,16,1,9,,B03,120.563644,24.240207,3
2023,3,21,7,48,臺中市,豐原區,0,0,0,,,,40,,,,,,,,,,,,,,,17,,,,,C03,,,1,,2,,,17,,1,22,,C03,120.714487,24.25107,3
2023,3,21,7,50,臺中市,東區,0,2,0,8,1,5,1,3,1,1,5,4,5,7,4,4,10,5,5,2,15,19,2,9,1,1,C03,7,1,1,10,2,12,,19,19,1,21,8,C03,120.695833,24.128417,2
2023,3,21,7,50,臺中市,后里區,0,2,0,8,1,5,60,4,1,1,5,4,5,7,1,1,4,3,5,1,13,8,2,9,1,1,C03,7,5,1,10,2,13,,8,8,1,19,8,C03,120.730815,24.335738,2
2023,3,21,7,51,臺中市,南區,0,0,0,8,,,50,,,,,,,,,,,,,,,42,,,,,B01,,,1,,3,,,42,,1,22,,B01,120.651456,24.112559,3
2023,3,21,7,51,臺中市,西屯區,0,0,0,8,,,50,,,,,,,,,,,,,,,17,,,,,B03,,,1,,1,,,17,,1,22,,B03,120.646454,24.164454,3
2023,3,21,7,51,臺中市,龍井區,0,1,0,8,1,5,40,4,1,1,5,4,5,7,2,1,10,5,5,2,16,26,2,7,1,1,C03,7,5,1,10,2,14,,26,26,1,22,8,C03,120.583819,24.186447,2
2023,3,21,7,56,臺中市,東區,0,2,0,8,1,8,50,3,1,1,5,4,5,7,4,4,10,5,5,2,16,6,2,9,1,1,C03,7,5,1,10,2,11,,6,6,1,22,8,C03,120.702195,24.137486,2
2023,3,21,7,58,臺中市,潭子區,0,0,0,8,,,50,,,,,,,,,,,,,,,23,,,,,C03,,,1,,2,,,23,,1,22,,C03,120.711179,24.206514,3
2023,3,21,7,58,臺中市,龍井區,0,1,0,8,1,5,50,14,9,1,5,4,5,7,4,4,5,4,5,1,13,23,2,9,1,1,C03,7,9,1,10,2,11,,23,23,1,12,8,C03,120.519113,24.220696,2
2023,3,21,8,1,臺中市,西屯區,0,2,0,7,1,5,50,4,1,1,5,4,5,7,2,1,10,5,5,2,16,19,2,9,1,1,C03,7,1,1,10,2,11,,19,19,1,21,1,C03,120.653696,24.195353,2
2023,3,21,8,3,臺中市,南屯區,0,1,0,8,1,5,50,14,17,1,5,4,5,7,4,4,10,5,5,1,13,23,3,10,1,1,B03,7,9,1,8,2,1,,23,23,1,22,8,B03,120.621261,24.121047,2
2023,3,21,8,3,臺中市,西屯區,0,1,0,8,1,5,50,4,2,1,5,4,5,7,2,1,8,3,5,1,13,23,3,10,1,1,B03,7,9,1,8,2,1,,23,23,1,22,8,B03,120.60706,24.160131,2
2023,3,21,8,4,臺中市,東區,0,2,0,8,1,5,50,3,1,1,5,4,5,7,4,4,10,5,5,2,16,6,2,9,1,1,C03,7,5,1,10,2,14,,6,6,1,5,8,C03,120.701128,24.143954,2
2023,3,21,8,5,臺中市,南區,0,3,0,8,1,5,50,4,1,1,5,4,5,7,1,1,10,5,5,2,16,6,2,9,1,1,B03,7,5,1,8,2,5,,6,6,1,22,8,B03,120.667595,24.128009,2
2023,3,21,8,10,臺中市,霧峰區,0,1,0,8,1,5,50,3,1,1,5,4,5,7,1,1,10,5,5,2,17,8,3,10,1,1,C03,7,5,6,18,2,12,,8,8,1,21,5,C03,120.710206,24.074337,2
2023,3,21,8,13,臺中市,中區,0,0,0,8,,,50,,,,,,,,,,,,,,,40,,,,,A12,,,1,,1,,,40,,1,4,,A12,120.682438,24.140525,3
2023,3,21,8,13,臺中市,北屯區,0,0,0,8,,,50,,,,,,,,,,,,,,,16,,,,,B03,,,1,,2,,,16,,1,5,,B03,120.66658,24.201349,3
2023,3,21,8,14,臺中市,東區,0,1,0,8,1,5,50,14,9,1,5,4,5,7,2,1,10,5,5,2,12,17,2,9,1,1,C03,7,9,3,18,2,14,,17,17,1,21,8,C03,120.690479,24.1386,2
2023,3,21,8,15,臺中市,北屯區,0,1,0,8,1,5,50,4,1,1,5,4,5,7,2,1,10,5,5,2,12,26,3,10,1,1,C03,7,9,1,10,2,11,,26,26,1,5,8,C03,120.685498,24.172177,2
2023,3,21,8,16,臺中市,大雅區,0,2,0,8,1,5,30,3,1,1,5,4,5,5,4,4,10,5,5,2,16,6,2,9,1,1,C03,7,5,1,10,2,11,,6,6,1,22,8,C03,120.667902,24.216914,2
2023,3,21,8,16,臺中市,大里區,0,1,0,8,1,5,40,11,9,1,5,4,5,7,4,4,5,5,5,1,11,26,3,10,1,1,B12,7,5,6,8,2,8,,26,26,1,4,5,B12,120.724386,24.084424,2
2023,3,21,8,17,臺中市,西屯區,0,1,0,8,1,5,50,4,1,1,5,4,5,7,4,4,10,5,5,2,16,44,2,9,3,4,C03,7,9,1,10,2,14,,44,44,1,22,8,C03,120.606465,24.188358,2
2023,3,21,8,20,臺中市,神岡區,0,0,0,8,,,50,,,,,,,,,,,,,,,23,,,,,B03,,,1,,2,,,23,,1,21,,B03,120.707468,24.260283,3
2023,3,21,8,24,臺中市,大雅區,0,0,0,8,,,50,,,,,,,,,,,,,,,23,,,,,B12,,,1,,2,,,23,,1,22,,B12,120.648038,24.215968,3
2023,3,21,8,25,臺中市,西屯區,0,2,0,8,1,5,30,3,9,1,5,4,5,7,4,4,9,5,5,2,11,6,2,9,1,1,C03,7,5,1,10,1,11,,6,6,1,12,8,C03,120.616116,24.18563,2
2023,3,21,8,25,臺中市,霧峰區,0,0,0,8,,,30,,,,,,,,,,,,,,,42,,,,,A05,,,1,,2,,,23,42,1,10,,A05,120.675408,24.076882,3
2023,3,21,8,25,臺中市,清水區,0,0,0,8,,,30,,,,,,,,,,,,,,,17,,,,,B03,,,1,,1,,,17,,1,5,,B03,120.580358,24.273518,3
2023,3,21,8,29,臺中市,太平區,0,1,0,8,1,5,50,14,12,1,5,4,5,7,4,4,5,4,4,2,13,7,2,9,1,1,C03,7,8,1,10,2,11,,7,7,1,22,1,C03,120.713285,24.149632,2
2023,3,21,8,30,臺中市,大里區,0,1,0,8,1,5,50,14,9,1,5,4,5,7,4,4,1,4,5,1,13,23,2,8,1,1,C03,7,9,1,10,2,14,,23,23,1,21,8,C03,120.69271,24.103591,2
2023,3,21,8,36,臺中市,東區,0,1,0,8,1,5,50,4,1,1,5,4,5,7,1,1,10,5,5,2,16,26,2,9,1,1,C03,7,9,1,10,2,11,,26,26,1,22,8,C03,120.702423,24.140299,2
2023,3,21,8,37,臺中市,大雅區,0,0,0,8,,,50,,,,,,,,,,,,,,,12,,,,,B03,,,1,,2,,,12,,1,22,,B03,120.653802,24.231085,3
2023,3,21,8,42,臺中市,西區,0,3,0,8,1,5,50,3,1,1,5,4,5,7,4,4,10,5,5,2,16,6,2,7,1,1,C03,7,5,1,10,2,11,,6,6,1,12,9,C03,120.670365,24.134456,2
2023,3,21,8,43,臺中市,南屯區,0,0,0,8,,,1,,,,,,,,,,,,,,,42,,,,,B02,,,1,,2,,,42,,1,19,,B02,120.649688,24.148571,3
2023,3,21,8,43,臺中市,西屯區,0,0,0,8,,,30,,,,,,,,,,,,,,,17,,,,,B12,,,1,,1,,,17,,1,22,,B12,120.61308,24.162107,3
2023,3,21,8,53,臺中市,烏日區,0,0,0,8,1,5,40,5,1,1,5,4,5,7,1,1,1,2,1,1,16,10,3,10,3,4,B12,7,11,1,8,2,8,,10,10,1,21,4,B12,120.65334,24.08991,3
2023,3,21,8,54,臺中市,北區,0,2,0,8,1,5,50,14,9,1,5,4,5,7,4,4,5,4,5,2,16,7,2,9,1,1,C03,7,8,1,10,2,12,,7,7,1,22,8,C03,120.678832,24.167145,2
2023,3,21,8,57,臺中市,中區,0,1,0,8,1,5,50,4,2,1,5,4,5,7,1,1,10,2,5,2,16,26,2,8,1,1,C03,7,7,1,10,2,14,,26,26,1,22,8,C03,120.683683,24.138642,2
2023,3,21,9,0,臺中市,西屯區,0,0,0,8,,,50,,,,,,,,,,,,,,,67,,,,,,,,,,,,,67,,1,,,,120.60047,24.172605,3
2023,3,21,9,0,臺中市,大里區,0,0,0,8,,,50,,,,,,,,,,,,,,,23,,,,,B03,,,1,,2,,,23,,1,5,,B03,120.681173,24.096124,3
2023,3,21,9,2,臺中市,后里區,0,1,0,8,2,5,50,14,9,1,5,4,3,7,4,4,5,5,5,2,12,2,2,9,1,1,C03,7,8,3,18,2,12,,2,2,1,22,8,C03,120.711811,24.305192,2
2023,3,21,9,10,臺中市,北區,0,3,0,8,1,5,40,14,9,1,5,4,5,7,4,4,10,5,5,2,12,23,2,9,1,1,C03,7,1,1,10,2,12,,23,23,1,22,8,C03,120.672874,24.169654,2
2023,3,21,9,27,臺中市,西屯區,0,1,0,8,1,5,50,5,2,1,5,4,5,7,2,1,8,3,5,1,13,23,2,9,1,1,C03,7,9,1,10,2,11,,23,23,1,22,8,C03,120.646756,24.168936,2
2023,3,21,9,30,臺中市,沙鹿區,0,0,0,8,,,50,,,,,,,,,,,,,,,23,,,,,C03,,,1,,2,,,23,,1,4,,C03,120.565908,24.250135,3
2023,3,21,9,32,臺中市,北屯區,0,0,0,8,,,50,,,,,,,,,,,,,,,16,,,,,B03,,,1,,2,,,16,,1,5,,B03,120.67837,24.184174,3
2023,3,21,9,34,臺中市,西屯區,0,0,0,8,,,50,,,,,,,,,,,,,,,44,,,,,B03,,,1,,1,,,44,,1,22,,B03,120.627238,24.177645,3
2023,3,21,9,35,臺中市,太平區,0,1,0,8,1,5,30,3,1,1,5,4,5,7,4,4,10,5,5,2,14,12,3,10,1,1,B11,7,2,1,3,2,6,,12,12,1,10,8,B11,120.729535,24.140475,2
2023,3,21,9,43,臺中市,南區,0,0,0,8,,,50,,,,,,,,,,,,,,,25,,,,,C03,,,1,,2,,,25,,1,22,,C03,120.68295,24.134424,3
2023,3,21,9,43,臺中市,神岡區,0,0,0,8,,,30,,,,,,,,,,,,,,,16,,,,,C03,,,1,,1,,,16,,1,22,,C03,120.695024,24.2468,3
2023,3,21,9,45,臺中市,霧峰區,0,0,0,8,,,60,,,,,,,,,,,,,,,23,,,,,B03,,,1,,2,,,23,23,1,4,,B03,120.692374,24.045671,3
2023,3,21,9,47,臺中市,西屯區,0,0,0,8,,,50,,,,,,,,,,,,,,,43,,,,,B12,,,1,,2,,,43,,1,22,,B12,120.632863,24.162778,3
2023,3,21,9,55,臺中市,南區,0,0,0,,,,50,,,,,,,,,,,,,,,16,,,,,B12,,,1,,2,,,16,,1,5,,B12,120.657515,24.129591,3
2023,3,21,9,58,臺中市,霧峰區,0,0,0,8,,,40,,,,,,,,,,,,,,,42,,,,,B03,,,1,,2,,,42,,1,21,,B03,120.662702,24.072991,3
2023,3,21,9,59,臺中市,烏日區,0,0,0,8,1,5,80,14,7,1,5,4,5,7,4,4,1,4,1,1,12,44,3,10,3,4,A41,7,9,1,1,2,8,,44,44,1,21,9,A41,120.60869,24.097152,3
2023,3,21,10,0,臺中市,南區,0,1,0,8,1,5,50,14,9,1,5,4,5,7,4,4,3,4,5,2,13,23,2,9,1,1,C03,7,9,3,18,2,11,,23,23,1,22,8,C03,120.65385,24.116874,2
2023,3,21,10,3,臺中市,西區,0,0,0,8,,,50,,,,,,,,,,,,,,,23,,,,,B03,,,1,,2,,,23,,1,2,,B03,120.657461,24.149501,3
2023,3,21,10,3,臺中市,石岡區,0,0,0,8,,,70,,,,,,,,,,,,,,,23,,,,,B03,,,1,,2,,,23,23,1,22,,B03,120.786848,24.274138,3
2023,3,21,10,7,臺中市,西屯區,0,1,0,8,1,5,50,3,1,1,5,4,5,7,4,4,10,5,5,2,16,6,3,10,3,4,B03,7,6,1,8,2,2,,6,6,1,22,8,B03,120.626986,24.17739,2
2023,3,21,10,10,臺中市,沙鹿區,0,1,0,8,1,5,50,4,1,1,5,4,5,7,1,1,10,5,5,2,17,26,3,10,1,1,B03,7,9,1,8,2,1,,26,26,1,21,8,B03,120.560836,24.241137,2
2023,3,21,10,11,臺中市,北區,0,0,0,,,,50,,,,,,,,,,,,,,,12,,,,,C03,,,1,,2,,,12,,1,22,,C03,120.681643,24.154837,3
2023,3,21,10,14,臺中市,北屯區,0,0,0,8,,,40,,,,,,,,,,,,,,,40,,,,,B12,,,1,,1,,,40,,1,5,,B12,120.666273,24.201404,3
2023,3,21,10,21,臺中市,大雅區,0,1,0,8,1,5,50,4,1,1,5,4,5,7,1,1,5,5,5,1,17,43,3,10,3,4,B03,7,9,1,8,9,2,,43,43,1,22,9,B03,120.645829,24.225853,2
2023,3,21,10,26,臺中市,西區,0,1,0,8,1,5,50,4,1,1,5,4,5,7,1,1,10,5,5,2,18,42,2,9,1,1,C03,7,9,3,18,2,14,,42,42,1,22,9,C03,120.655141,24.147749,2