年,月,日,時,分,縣市,區,死,受傷,2-30,天候,光線,道路類別,速限,道路型態,事故位置,路面鋪裝,路面狀態,路面缺陷,障礙物,視距,號誌種類,號誌動作,分向設施,快車道或一般車道間,快慢車道間,路面邊線,事故類型及型態,主要肇因,受傷程度,主要傷處,保護裝備,行動電話,當事者區分,車輛用途,當事者行動狀態,駕駛資格情形,駕駛執照種類,飲酒情形,車輛撞擊部位最初,車輛撞擊部位其他,肇事因素個別,肇事因素主要,肇事逃逸,職業,旅次目的,車種,GPS緯度,GPS經度,事故類別
2023,3,21,10,29,臺中市,清水區,0,1,0,8,1,5,50,4,2,1,5,4,5,7,3,1,8,3,5,1,13,23,2,9,1,1,C03,7,9,3,18,2,11,,23,23,1,21,8,C03,120.575186,24.271905,2
2023,3,21,10,30,臺中市,梧棲區,0,0,0,8,,,50,,,,,,,,,,,,,,,18,,,,,B03,,,1,,2,,,18,,1,20,,B03,120.532207,24.254108,3
2023,3,21,10,33,臺中市,西屯區,0,0,0,8,,,30,,,,,,,,,,,,,,,17,,,,,B03,,,1,,2,,,17,,1,21,,B03,120.620804,24.185691,3
2023,3,21,10,38,臺中市,霧峰區,0,1,0,8,1,5,40,3,1,1,5,4,5,7,3,1,5,4,5,1,13,23,2,9,1,1,C03,7,4,1,10,2,11,,23,23,1,18,5,C03,120.709436,24.07676,2
2023,3,21,10,40,臺中市,太平區,0,1,0,8,1,5,50,5,18,1,5,4,5,7,1,1,5,4,4,1,3,42,3,10,1,1,F03,7,5,8,20,2,16,,42,42,1,21,8,F03,120.731847,24.139292,2
2023,3,21,10,44,臺中市,北區,0,2,0,8,1,5,50,3,1,1,5,4,5,7,1,1,5,4,5,2,15,25,2,9,1,1,F01,7,1,8,20,2,16,,25,25,1,5,8,F01,120.669247,24.166837,2
2023,3,21,10,46,臺中市,太平區,0,0,0,8,,,50,,,,,,,,,,,,,,,23,,,,,B03,,,1,,1,,,23,,1,22,,B03,120.701882,24.148221,3
2023,3,21,10,47,臺中市,太平區,0,1,0,8,1,5,50,3,1,1,5,4,5,7,4,4,10,5,5,2,17,26,2,9,1,1,C03,7,9,1,10,2,15,,26,26,1,22,8,C03,120.728025,24.13467,2
2023,3,21,10,55,臺中市,北區,0,0,0,8,,,50,,,,,,,,,,,,,,,16,,,,,C03,,,1,,1,,,16,,1,22,,C03,120.682097,24.154669,3
2023,3,21,11,0,臺中市,神岡區,0,1,0,8,1,5,30,3,1,1,5,4,5,7,4,4,10,5,5,2,16,27,3,10,1,1,C03,7,5,1,10,2,14,,27,27,1,21,8,C03,120.683165,24.248003,2
2023,3,21,11,1,臺中市,北區,0,0,0,8,,,50,,,,,,,,,,,,,,,6,,,,,B03,,,1,,2,,,6,,1,22,,B03,120.667087,24.159243,3
2023,3,21,11,1,臺中市,神岡區,0,0,0,8,,,30,,,,,,,,,,,,,,,12,,,,,B02,,,1,,2,,,12,,1,22,,B02,120.69208,24.277748,3
2023,3,21,11,7,臺中市,西屯區,0,1,0,8,1,5,50,4,2,1,5,4,5,7,2,1,1,2,1,2,13,23,3,10,1,1,A11,7,9,1,1,1,1,,23,23,1,22,8,A11,120.625338,24.207037,2
2023,3,21,11,9,臺中市,北屯區,0,0,0,8,,,50,,,,,,,,,,,,,,,10,,,,,C03,,,1,,1,,,10,10,1,19,,C03,120.665499,24.186407,3
2023,3,21,11,12,臺中市,太平區,0,0,0,8,,,50,,,,,,,,,,,,,,,19,,,,,B03,,,1,,2,,,19,,1,22,,B03,120.719644,24.129689,3
2023,3,21,11,17,臺中市,北屯區,0,0,0,8,,,50,,,,,,,,,,,,,,,23,,,,,C03,,,1,,1,,,23,,1,22,,C03,120.68643,24.166858,3
2023,3,21,11,18,臺中市,南區,0,0,0,8,,,50,,,,,,,,,,,,,,,23,,,,,B03,,,1,,2,,,23,,1,22,,B03,120.67,24.117448,3
2023,3,21,11,23,臺中市,南區,0,0,0,8,,,50,,,,,,,,,,,,,,,16,,,,,C03,,,1,10,2,,,16,16,1,21,,C03,120.676047,24.127113,3
2023,3,21,11,26,臺中市,烏日區,0,1,0,8,1,5,30,14,9,2,5,4,5,7,4,4,5,4,5,2,17,19,3,10,1,1,B01,7,1,1,3,2,15,,19,19,1,10,8,B01,120.61553,24.11295,2
2023,3,21,11,26,臺中市,沙鹿區,0,0,0,8,,,60,,,,,,,,,,,,,,,23,,,,,B03,,,1,,2,,,23,,1,9,,B03,120.569457,24.23769,3
2023,3,21,11,27,臺中市,北區,0,0,0,8,,,50,,,,,,,,,,,,,,,26,,,,,B03,,,1,,2,,,26,,1,22,,B03,120.686252,24.15482,3
2023,3,21,11,30,臺中市,大雅區,0,1,0,8,1,5,50,14,9,1,5,4,5,7,1,1,5,5,5,1,17,23,2,7,1,1,C03,7,9,1,10,2,14,,23,23,1,21,8,C03,120.646401,24.21203,2
2023,3,21,11,33,臺中市,大甲區,0,1,0,8,1,5,50,5,1,1,5,4,5,7,1,1,10,5,5,2,16,25,3,10,1,1,B12,7,5,1,8,2,2,,25,25,1,4,1,B12,120.631786,24.355163,2
2023,3,21,11,36,臺中市,西屯區,0,1,0,8,1,5,40,3,1,1,5,4,5,7,4,4,1,5,1,2,12,23,2,9,1,1,C03,7,9,1,10,2,14,,23,23,1,22,8,C03,120.627026,24.177618,2
2023,3,21,11,45,臺中市,中區,0,1,0,8,1,5,50,4,2,1,5,4,5,7,1,1,10,5,5,2,17,19,3,10,3,4,B03,7,1,3,18,2,8,,19,19,1,21,8,B03,120.675804,24.144255,2
2023,3,21,11,49,臺中市,梧棲區,0,0,0,,,,70,,,,,,,,,,,,,,,23,,,,,B12,,,1,,1,,,23,,1,4,,B12,120.527012,24.259379,3
2023,3,21,11,50,臺中市,北區,0,0,0,8,,,50,,,,,,,,,,,,,,,38,,,,,C03,,,1,,1,,,38,,1,22,,C03,120.67433,24.155894,3
2023,3,21,11,50,臺中市,梧棲區,0,0,0,8,,,50,,,,,,,,,,,,,,,12,,,,,B12,,,1,,1,,,12,,1,5,,B12,120.551992,24.253493,4
2023,3,21,11,50,臺中市,豐原區,0,0,0,8,,,50,,,,,,,,,,,,,,,12,,,,,B03,,,1,,1,,,12,,1,22,,B03,120.712859,24.25029,3
2023,3,21,11,53,臺中市,東區,0,2,0,8,1,5,50,3,1,1,5,4,5,7,4,4,10,5,5,2,16,6,2,9,1,1,C03,7,6,1,10,2,14,,6,6,1,22,8,C03,120.699381,24.145221,2
2023,3,21,11,56,臺中市,潭子區,0,1,0,8,1,5,60,3,1,1,5,4,5,7,1,1,1,4,4,1,16,6,3,10,1,1,B12,7,5,1,8,2,1,,6,6,1,22,9,B12,120.702434,24.189563,2
2023,3,21,11,58,臺中市,西區,0,2,0,8,1,5,30,4,1,1,5,4,5,7,4,4,10,5,5,2,15,6,2,9,1,1,C03,7,9,1,10,2,12,,6,6,1,22,4,C03,120.660856,24.149696,2
2023,3,21,12,0,臺中市,北屯區,0,0,0,8,,,50,,,,,,,,,,,,,,,19,,,,,B12,,,1,,2,,,19,,1,21,,B12,120.662278,24.189773,3
2023,3,21,12,0,臺中市,大里區,0,0,0,8,,,50,,,,,,,,,,,,,,,19,,,,,B03,,,1,,2,,,19,19,1,22,,B03,120.679568,24.095516,3
2023,3,21,12,0,臺中市,新社區,0,0,0,8,,,50,,,,,,,,,,,,,,,23,,,,,C02,,,1,,2,,,23,,1,22,,C02,120.83504,24.16964,3
2023,3,21,12,8,臺中市,西區,0,3,0,8,1,5,40,14,8,1,5,4,5,7,4,4,1,4,1,2,13,16,2,9,1,1,C03,7,9,1,10,2,11,,16,16,1,4,8,C03,120.658942,24.157694,2
2023,3,21,12,10,臺中市,北屯區,0,0,0,8,,,50,,,,,,,,,,,,,,,16,,,,,B12,,,1,,1,,,16,,1,22,,B12,120.703146,24.159596,3
2023,3,21,12,14,臺中市,清水區,0,1,0,8,1,5,50,4,1,1,5,4,5,7,1,1,10,5,5,2,16,6,3,10,1,1,B03,7,6,1,8,2,5,,6,6,1,21,8,B03,120.572431,24.264164,2
2023,3,21,12,15,臺中市,沙鹿區,0,1,0,8,1,5,60,14,7,1,5,4,5,7,4,4,5,5,5,2,13,13,2,9,1,1,C03,7,9,1,9,2,11,,13,13,1,3,5,C03,120.575219,24.2391,2
2023,3,21,12,17,臺中市,南屯區,0,0,0,8,,,50,,,,,,,,,,,,,,,23,,,,,B03,,,1,,2,,,23,,1,22,,B03,120.64964,24.139385,3
2023,3,21,12,19,臺中市,東勢區,0,0,0,8,1,5,50,11,9,1,5,4,5,7,4,4,5,4,5,1,11,21,3,10,1,1,C03,7,9,3,18,5,14,,21,21,1,22,9,C03,120.845275,24.243935,3
2023,3,21,12,24,臺中市,中區,0,1,0,8,1,5,50,14,7,1,5,4,5,7,2,1,5,4,4,2,17,26,3,10,1,1,B03,7,8,1,8,2,7,,26,26,1,2,9,B03,120.675775,24.141511,2
2023,3,21,12,30,臺中市,西屯區,0,1,0,8,1,5,40,4,1,1,5,4,5,7,4,4,10,5,5,2,16,6,3,10,3,4,B03,7,6,1,8,2,2,,6,6,1,22,8,B03,120.65591,24.159346,2
2023,3,21,12,30,臺中市,西屯區,0,0,0,8,,,50,,,,,,,,,,,,,,,6,,,,,B03,,,1,,1,,,6,,1,12,,B03,120.644691,24.194238,3
2023,3,21,12,31,臺中市,南屯區,0,0,0,,,,50,,,,,,,,,,,,,,,12,,,,,B03,,,1,,2,,,12,,1,22,,B03,120.643872,24.135846,3
2023,3,21,12,32,臺中市,霧峰區,0,2,0,8,1,5,50,4,1,1,5,4,5,7,4,4,10,5,5,2,17,6,2,9,1,1,C03,7,9,1,10,2,11,,6,6,1,21,5,C03,120.700612,24.070873,2
2023,3,21,12,38,臺中市,西屯區,0,0,0,8,,,50,,,,,,,,,,,,,,,23,,,,,C03,,,1,,1,,,23,,1,22,,C03,120.613815,24.174574,3
2023,3,21,12,39,臺中市,北屯區,0,0,0,8,,,50,,,,,,,,,,,,,,,23,,,,,B03,,,1,,2,,,23,,1,5,,B03,120.722553,24.166445,3
2023,3,21,12,39,臺中市,沙鹿區,0,1,0,8,1,5,50,4,1,1,5,4,5,7,1,1,10,5,5,2,16,25,2,9,1,1,B03,7,11,1,8,2,5,,25,25,1,21,8,B03,120.558754,24.233577,2
2023,3,21,12,43,臺中市,南屯區,0,0,0,8,,,1,,,,,,,,,,,,,,,42,,,,,B03,,,8,,10,,,42,,1,4,,B03,120.643877,24.151164,3
2023,3,21,12,45,臺中市,西屯區,0,2,0,8,1,5,40,3,1,1,5,4,5,7,2,1,10,5,5,2,16,6,3,10,1,1,B03,7,6,1,8,2,5,,6,6,1,21,8,B03,120.614063,24.183861,2
2023,3,21,12,51,臺中市,北區,0,0,0,8,,,50,,,,,,,,,,,,,,,42,,,,,A02,,,1,,1,,,42,,1,10,,A02,120.682945,24.145658,3
2023,3,21,12,53,臺中市,西區,0,1,0,8,1,5,50,3,1,1,5,4,5,7,4,4,10,5,5,2,17,6,3,10,3,4,B03,7,6,1,8,2,8,,6,6,1,21,8,B03,120.670768,24.153096,2
2023,3,21,12,55,臺中市,東區,0,0,0,,,,,,,,,,,,,,,,,,,67,,,,,,,,,,,,,67,,1,,,,120.689329,24.144972,3
2023,3,21,13,0,臺中市,大里區,0,1,0,8,1,5,50,14,9,1,5,4,5,7,4,4,3,4,5,1,13,23,2,9,1,1,C03,7,9,1,10,2,11,,23,23,1,18,5,C03,120.681101,24.105838,2
2023,3,21,13,2,臺中市,太平區,0,0,0,8,,,50,,,,,,,,,,,,,,,12,,,,,B03,,,1,,1,,,12,,1,21,,B03,120.713233,24.131314,3
2023,3,21,13,2,臺中市,清水區,0,0,0,8,,,30,,,,,,,,,,,,,,,12,,,,,B03,,,1,,2,,,12,,1,21,,B03,120.560321,24.268508,3
2023,3,21,13,10,臺中市,潭子區,0,0,0,8,,,50,,,,,,,,,,,,,,,23,,,,,B03,,,1,,2,,,23,,1,22,,B03,120.703002,24.200654,3
2023,3,21,13,10,臺中市,南區,0,1,0,8,1,5,40,14,8,1,5,4,5,7,4,4,5,5,4,2,13,23,2,8,1,1,C03,7,9,1,10,2,11,,23,23,1,22,8,C03,120.673166,24.123988,2
2023,3,21,13,10,臺中市,烏日區,0,0,0,8,,,40,,,,,,,,,,,,,,,18,,,,,B03,,,1,,1,,,18,,1,9,,B03,120.644459,24.072129,3
2023,3,21,13,16,臺中市,北區,0,2,0,8,1,5,50,3,1,1,5,4,5,7,4,4,9,5,5,2,16,6,2,8,1,1,C03,7,5,1,10,2,11,,6,6,1,22,9,C03,120.691008,24.16138,2
2023,3,21,13,16,臺中市,西屯區,0,1,0,8,1,5,50,14,9,1,5,4,5,7,4,4,8,3,5,1,9,43,3,10,1,1,C03,7,9,1,10,2,12,,43,43,1,22,8,C03,120.66913,24.177097,2
2023,3,21,13,16,臺中市,大安區,0,1,0,8,1,5,50,4,1,1,5,4,5,7,3,1,10,5,5,2,15,6,2,9,1,1,C03,7,9,1,10,2,12,,6,6,1,21,8,C03,120.596336,24.375788,2
2023,3,21,13,18,臺中市,北屯區,0,0,0,8,,,50,,,,,,,,,,,,,,,6,,,,,B12,,,1,,1,,,6,6,1,5,,B12,120.689103,24.174131,3
2023,3,21,13,20,臺中市,北屯區,0,0,0,8,,,50,,,,,,,,,,,,,,,26,,,,,B03,,,1,,11,,,26,26,2,21,,B03,120.662469,24.188557,3
2023,3,21,13,20,臺中市,西屯區,0,0,0,8,,,50,,,,,,,,,,,,,,,12,,,,,B03,,,1,,1,,,12,,1,22,,B03,120.654345,24.164855,3
2023,3,21,13,20,臺中市,霧峰區,0,0,0,8,,,50,,,,,,,,,,,,,,,23,,,,,B03,,,1,,2,,,23,,1,22,,B03,120.698788,24.06274,3
2023,3,21,13,24,臺中市,東區,0,1,0,8,1,5,50,3,1,1,5,4,5,7,1,1,10,5,5,2,16,6,2,9,1,1,C03,7,5,1,8,2,11,,6,6,1,22,8,C03,120.692776,24.136867,2
2023,3,21,13,29,臺中市,南區,0,2,0,8,1,5,50,4,1,1,5,4,5,7,3,1,10,5,5,2,15,6,2,9,1,1,C03,7,9,1,10,2,12,,6,6,1,21,8,C03,120.6657,24.11609,2
2023,3,21,13,35,臺中市,北屯區,0,1,0,8,1,5,50,11,7,1,5,4,5,7,4,4,3,5,4,1,18,23,2,9,1,1,C02,7,9,1,9,2,12,11,23,23,1,22,8,C02,120.787449,24.205411,2
2023,3,21,13,39,臺中市,北屯區,0,0,0,8,,,50,,,,,,,,,,,,,,,12,,,,,B03,,,1,,1,,,12,,1,5,,B03,120.682541,24.18518,3
2023,3,21,13,39,臺中市,大里區,0,0,0,8,,,50,,,,,,,,,,,,,,,6,,,,,B03,,,1,,2,,,6,,1,4,,B03,120.693387,24.091936,3
2023,3,21,13,40,臺中市,霧峰區,0,0,0,8,,,30,,,,,,,,,,,,,,,42,,,,,B11,,,1,,2,,,42,,1,21,,B11,120.662034,24.067893,3
2023,3,21,13,45,臺中市,西屯區,0,0,0,8,,,50,,,,,,,,,,,,,,,23,,,,,C03,,,1,,1,,,23,,1,12,,C03,120.647178,24.196561,3
2023,3,21,13,46,臺中市,豐原區,0,1,0,8,1,5,50,15,8,1,5,4,5,7,4,4,1,4,4,1,17,42,3,10,1,1,B12,7,14,1,8,2,15,,42,42,1,22,8,B12,120.755071,24.274168,2
2023,3,21,13,49,臺中市,北屯區,0,2,0,8,1,5,50,4,1,1,5,4,5,7,1,1,10,5,5,2,13,16,2,9,1,1,C03,7,9,1,10,2,12,14,16,16,1,5,8,C03,120.693835,24.165415,2
2023,3,21,13,56,臺中市,南屯區,0,1,0,8,1,5,50,5,1,1,5,4,5,7,1,1,10,5,5,2,16,10,3,10,1,1,C03,7,11,1,10,2,14,,10,10,1,22,8,C03,120.64877,24.143783,2
2023,3,21,13,57,臺中市,南區,0,1,0,8,1,5,50,4,1,1,5,4,5,7,1,1,10,5,5,2,16,6,3,10,1,1,B03,7,5,1,8,2,8,,6,6,1,22,8,B03,120.668721,24.112818,2
2023,3,21,13,58,臺中市,西區,0,1,0,8,1,5,40,11,8,1,5,4,5,7,4,4,4,4,4,2,17,40,3,10,1,1,B11,7,13,1,4,2,4,,40,40,1,4,8,B11,120.665172,24.151518,2
2023,3,21,13,59,臺中市,南屯區,0,0,0,8,,,50,,,,,,,,,,,,,,,17,,,,,A05,,,1,,1,,,17,,1,22,,A05,120.649968,24.130773,3
2023,3,21,14,2,臺中市,梧棲區,0,0,0,,,,40,,,,,,,,,,,,,,,6,,,,,B03,,,1,,1,,,6,,1,4,,B03,120.542681,24.245918,3
2023,3,21,14,5,臺中市,烏日區,0,0,0,8,,,50,,,,,,,,,,,,,,,9,,,,,B03,,,1,,2,,,9,,1,4,,B03,120.619328,24.11662,3
2023,3,21,14,15,臺中市,北屯區,0,0,0,8,,,50,,,,,,,,,,,,,,,10,,,,,B12,,,1,,2,,,10,,1,21,,B12,120.705807,24.173678,3
2023,3,21,14,15,臺中市,沙鹿區,0,1,0,8,1,5,60,5,1,1,5,4,5,7,1,1,10,5,5,2,16,25,2,9,1,1,C03,7,9,1,10,2,11,,25,25,1,22,9,C03,120.569563,24.237414,2
2023,3,21,14,16,臺中市,北屯區,0,0,0,8,,,40,,,,,,,,,,,,,,,12,,,,,B02,,,1,,2,,,12,,1,22,,B02,120.709793,24.167035,3
2023,3,21,14,19,臺中市,北屯區,0,0,0,8,,,40,,,,,,,,,,,,,,,23,,,,,B12,,,1,,1,,,23,,1,5,,B12,120.718578,24.163481,3
2023,3,21,14,21,臺中市,外埔區,0,1,0,8,1,5,30,3,1,1,5,4,5,7,4,4,10,5,5,2,17,23,2,9,1,1,C03,7,9,1,10,2,14,,23,23,1,21,1,C03,120.643377,24.348627,2
2023,3,21,14,27,臺中市,西屯區,0,0,0,8,,,50,,,,,,,,,,,,,,,16,,,,,B03,,,1,,1,,,16,,1,21,,B03,120.609816,24.185248,3
2023,3,21,14,32,臺中市,外埔區,0,2,0,8,1,5,50,3,2,1,5,4,5,7,4,4,4,4,4,1,17,2,3,10,1,1,B12,7,11,1,8,2,15,,2,2,1,4,8,B12,120.637915,24.341561,2
2023,3,21,14,36,臺中市,西屯區,0,0,0,8,,,50,,,,,,,,,,,,,,,23,,,,,B03,,,1,,11,,,23,,1,22,,B03,120.642954,24.158177,3
2023,3,21,14,41,臺中市,南屯區,0,0,0,,,,50,,,,,,,,,,,,,,,23,,,,,C03,,,1,,1,,,23,,1,4,,C03,120.638473,24.140482,3
2023,3,21,14,42,臺中市,烏日區,0,0,0,8,,,30,,,,,,,,,,,,,,,42,,,,,B12,,,1,,2,,,42,,1,21,,B12,120.638897,24.106313,3
2023,3,21,14,43,臺中市,西區,0,1,0,8,1,5,50,4,2,1,5,4,5,7,1,1,10,5,5,2,17,7,3,10,1,1,B03,7,8,1,8,2,2,,7,7,1,19,8,B03,120.66526,24.147914,2
2023,3,21,14,44,臺中市,潭子區,0,1,0,8,1,5,50,3,1,1,5,4,5,7,4,4,5,5,5,1,17,8,3,10,1,1,C03,7,5,6,10,2,14,,8,8,1,22,8,C03,120.721454,24.204045,2
2023,3,21,14,47,臺中市,外埔區,0,1,0,8,1,5,50,10,17,1,5,4,5,7,4,4,1,3,5,1,16,23,3,10,1,1,B03,7,7,1,8,2,8,,23,23,1,4,8,B03,120.647263,24.327546,2
2023,3,21,14,48,臺中市,西屯區,0,0,0,8,,,50,,,,,,,,,,,,,,,42,,,,,A12,,,1,,1,,,42,,1,22,,A12,120.633249,24.183018,3
2023,3,21,14,50,臺中市,中區,0,0,0,8,,,50,,,,,,,,,,,,,,,23,,,,,C03,,,1,,2,,,23,,1,21,,C03,120.683198,24.142536,3
2023,3,21,14,55,臺中市,大里區,0,0,0,8,,,50,,,,,,,,,,,,,,,23,,,,,C03,,,1,,2,,,23,,1,22,,C03,120.699216,24.096611,3
2023,3,21,14,57,臺中市,南屯區,0,0,0,8,,,50,,,,,,,,,,,,,,,23,,,,,B03,,,1,,1,,,23,,1,22,,B03,120.646661,24.132365,3
2023,3,21,14,59,臺中市,西屯區,0,1,0,8,1,5,50,4,1,1,5,4,5,7,1,1,9,4,4,2,13,26,3,10,1,1,B03,7,6,1,8,2,1,,26,26,1,12,8,B03,120.655276,24.200285,2
2023,3,21,15,0,臺中市,豐原區,0,0,0,8,,,50,,,,,,,,,,,,,,,18,,,,,B12,,,1,,2,,,18,18,1,22,,B12,120.729865,24.254177,3
2023,3,21,15,11,臺中市,北屯區,0,1,0,8,1,5,50,3,2,1,5,4,5,7,1,1,5,4,4,2,16,9,3,10,1,1,B12,7,6,1,8,2,5,,9,9,1,22,8,B12,120.678276,24.203242,2
2023,3,21,15,14,臺中市,北屯區,0,0,0,8,,,50,,,,,,,,,,,,,,,43,,,,,,,,,,,,,43,,1,,,,120.686873,24.176803,3
2023,3,21,15,24,臺中市,西屯區,0,0,0,8,,,50,,,,,,,,,,,,,,,16,,,,,A02,,,1,,2,,,16,,1,22,,A02,120.608986,24.187155,3
2023,3,21,15,25,臺中市,北屯區,0,2,0,8,1,5,50,3,1,1,5,4,5,7,2,1,10,5,5,2,13,16,2,9,1,1,C03,7,9,1,10,2,11,,16,16,1,5,8,C03,120.71184,24.164591,2
2023,3,21,15,25,臺中市,西屯區,0,0,0,8,,,1,,,,,,,,,,,,,,,19,,,,,A41,,,1,,1,,,19,,1,21,,A41,120.589628,24.1675,3
2023,3,21,15,25,臺中市,烏日區,0,0,0,8,,,30,,,,,,,,,,,,,,,23,,,,,A41,,,1,,2,,,23,,1,10,,A41,120.635133,24.06651,3
2023,3,21,15,29,臺中市,西屯區,0,0,0,8,,,50,,,,,,,,,,,,,,,6,,,,,B02,,,1,,1,,,6,,1,22,,B02,120.64623,24.154795,3
2023,3,21,15,32,臺中市,大肚區,0,0,0,8,,,40,,,,,,,,,,,,,,,23,,,,,B03,,,1,,2,,,23,,1,19,,B03,120.54592,24.150037,3
2023,3,21,15,33,臺中市,北區,0,2,0,8,1,5,50,14,22,1,5,4,5,7,4,4,9,5,5,2,16,6,2,9,1,1,C03,7,5,1,10,2,12,,6,6,1,22,9,C03,120.668623,24.154613,2
2023,3,21,15,40,臺中市,新社區,0,0,0,8,1,5,50,4,9,1,5,4,5,7,3,1,10,5,5,1,17,6,,,,,B03,,,1,,2,,,6,,1,22,,B03,120.798349,24.203244,3
2023,3,21,15,48,臺中市,豐原區,0,2,0,8,1,5,40,14,9,1,5,4,5,7,4,4,10,5,5,1,17,42,3,10,1,1,C03,7,12,1,10,2,13,,42,42,1,22,8,C03,120.730902,24.262136,2
2023,3,21,15,55,臺中市,西區,0,0,0,8,,,50,,,,,,,,,,,,,,,7,,,,,B03,,,1,,1,,,44,,1,5,,B03,120.663848,24.151235,3
2023,3,21,16,7,臺中市,潭子區,0,1,0,8,1,5,50,14,9,1,5,4,5,7,4,4,10,5,5,2,17,17,3,10,1,1,B03,7,9,1,8,2,4,,17,17,1,22,8,B03,120.70191,24.192338,2
2023,3,21,16,8,臺中市,北屯區,0,0,0,8,,,50,,,,,,,,,,,,,,,23,,,,,B03,,,1,,2,,,23,,1,21,,B03,120.677714,24.183288,3
2023,3,21,16,10,臺中市,西屯區,0,0,0,8,,,40,,,,,,,,,,,,,,,7,,,,,C03,,,1,,2,,,44,7,1,22,,C03,120.63039,24.180355,3
2023,3,21,16,15,臺中市,龍井區,0,1,0,8,1,5,50,4,1,1,5,4,5,7,1,1,10,5,5,2,16,6,3,10,1,1,B03,7,6,1,8,2,2,,6,6,1,11,8,B03,120.531269,24.182382,2
2023,3,21,16,18,臺中市,大里區,0,0,0,8,,,,,,,,,,,,,,,,,,18,,,,,B01,,,,,,,,18,,1,,,B01,120.684144,24.107961,3
2023,3,21,16,18,臺中市,太平區,0,0,0,8,,,30,,,,,,,,,,,,,,,6,,,,,C03,,,1,,11,,,6,,1,22,,C03,120.707959,24.111884,3
2023,3,21,16,20,臺中市,南區,0,0,0,8,,,50,,,,,,,,,,,,,,,23,,,,,B03,,,1,,2,,,23,,1,5,,B03,120.670181,24.118517,3
2023,3,21,16,20,臺中市,龍井區,0,1,0,8,2,5,50,14,9,1,5,4,5,7,4,4,9,5,5,1,16,26,3,10,1,1,B03,7,5,1,8,2,2,,26,26,1,2,1,B03,120.582282,24.177646,2
2023,3,21,16,23,臺中市,太平區,0,0,0,8,,,30,,,,,,,,,,,,,,,12,,,,,B11,,,1,,2,,,12,,1,5,,B11,120.721207,24.150818,3
2023,3,21,16,25,臺中市,沙鹿區,0,1,0,8,1,5,50,3,1,1,5,4,5,7,4,4,10,5,5,2,16,10,3,10,1,1,B03,7,11,1,4,2,5,,10,10,1,22,1,B03,120.560184,24.238331,2
2023,3,21,16,26,臺中市,西區,0,1,0,8,1,5,50,14,7,1,5,4,5,7,4,4,5,2,5,2,17,23,3,10,1,1,B03,7,9,1,8,2,1,,23,23,1,4,7,B03,120.66202,24.149866,2
2023,3,21,16,27,臺中市,北區,0,2,0,8,1,5,50,4,1,1,5,4,5,7,1,1,1,2,4,2,17,23,2,9,1,1,C03,7,15,1,11,2,13,,44,23,1,4,8,C03,120.685395,24.152786,2
2023,3,21,16,28,臺中市,南屯區,0,0,0,8,1,5,50,4,1,1,5,4,5,7,2,1,10,5,5,2,16,26,3,10,1,1,C03,7,6,1,10,2,12,,26,26,1,22,8,C03,120.653005,24.135752,3
2023,3,21,16,28,臺中市,豐原區,0,0,0,8,,,50,,,,,,,,,,,,,,,7,,,,,B11,,,1,,2,,,7,,1,22,,B11,120.716777,24.251759,3
2023,3,21,16,35,臺中市,西屯區,0,0,0,8,,,50,,,,,,,,,,,,,,,7,,,,,B03,,,1,,1,,,7,,1,22,,B03,120.620131,24.187156,3
2023,3,21,16,39,臺中市,豐原區,0,0,0,,,,60,,,,,,,,,,,,,,,17,3,10,3,4,A12,7,9,1,7,9,4,,17,17,1,10,4,A12,120.699977,24.236839,3
2023,3,21,16,45,臺中市,南區,0,2,0,8,1,5,50,4,1,1,5,4,5,7,4,4,10,5,5,2,16,6,2,9,1,1,C03,7,6,1,10,2,11,,6,67,1,22,8,C03,120.677095,24.128143,2
2023,3,21,16,45,臺中市,霧峰區,0,0,0,8,,,50,,,,,,,,,,,,,,,23,,,,,B03,,,1,,2,,,23,,1,3,,B03,120.696125,24.065357,3
2023,3,21,16,46,臺中市,西屯區,0,3,0,8,1,5,30,3,1,1,5,4,5,7,4,4,10,5,5,2,17,19,2,9,1,1,C03,7,1,1,10,2,14,,19,19,1,22,8,C03,120.65562,24.160159,2
2023,3,21,16,51,臺中市,北屯區,0,2,0,8,1,5,50,3,2,1,5,4,5,7,4,4,9,4,4,2,16,19,3,10,1,1,B03,7,1,1,8,2,8,,19,19,1,22,8,B03,120.686626,24.197848,2
2023,3,21,16,52,臺中市,西屯區,0,0,0,8,,,1,,,,,,,,,,,,,,,19,,,,,A12,,,1,,2,,,19,,1,9,,A12,120.624875,24.156104,3
2023,3,21,16,53,臺中市,北屯區,0,2,0,8,1,5,30,4,1,1,5,4,5,7,4,4,10,5,5,2,15,6,2,9,1,1,C03,7,9,1,10,2,12,,6,6,1,22,8,C03,120.666782,24.189457,2
2023,3,21,16,54,臺中市,太平區,0,0,0,8,,,80,,,,,,,,,,,,,,,23,,,,,B12,,,1,,2,,,23,,1,22,,B12,120.710725,24.141557,3