年,月,日,時,分,縣市,區,死,受傷,2-30,天候,光線,道路類別,速限,道路型態,事故位置,路面鋪裝,路面狀態,路面缺陷,障礙物,視距,號誌種類,號誌動作,分向設施,快車道或一般車道間,快慢車道間,路面邊線,事故類型及型態,主要肇因,受傷程度,主要傷處,保護裝備,行動電話,當事者區分,車輛用途,當事者行動狀態,駕駛資格情形,駕駛執照種類,飲酒情形,車輛撞擊部位最初,車輛撞擊部位其他,肇事因素個別,肇事因素主要,肇事逃逸,職業,旅次目的,車種,GPS緯度,GPS經度,事故類別
2023,3,21,23,11,臺中市,西屯區,0,0,0,8,,,50,,,,,,,,,,,,,,,23,,,,,C03,,,3,,11,,,23,,1,22,,C03,120.642899,24.177124,3
2023,3,21,23,22,臺中市,大肚區,0,1,0,8,3,5,50,4,1,1,5,4,5,7,1,1,10,5,5,2,15,25,2,9,1,1,C03,7,9,1,10,2,11,,25,25,1,21,8,C03,120.563275,24.124091,2
2023,3,21,23,27,臺中市,北屯區,0,0,0,8,,,50,,,,,,,,,,,,,,,23,,,,,B03,,,1,,9,,,23,,1,21,,B03,120.718928,24.173657,3
2023,3,21,23,40,臺中市,北屯區,0,1,0,8,1,5,50,14,8,1,5,4,5,7,4,4,1,4,4,2,27,23,2,9,1,1,C03,7,9,1,10,2,11,,23,23,1,21,8,C03,120.686661,24.203108,2
2023,3,22,1,15,臺中市,西屯區,0,0,0,8,,,50,,,,,,,,,,,,,,,23,,,,,B03,,,1,,2,,,23,,1,22,,B03,120.655177,24.160797,3
2023,3,22,1,20,臺中市,北屯區,0,1,0,8,3,5,50,11,9,1,5,4,5,7,4,4,9,4,5,2,17,26,2,9,1,1,C03,7,9,2,18,2,11,,26,26,1,21,8,C03,120.705645,24.16743,2
2023,3,22,2,15,臺中市,南屯區,0,1,0,8,3,5,50,4,1,1,5,4,5,7,1,1,10,5,5,2,15,25,3,10,2,1,B03,7,9,1,8,2,2,,25,25,1,22,8,B03,120.647783,24.143838,2
2023,3,22,4,5,臺中市,霧峰區,0,0,0,8,,,30,,,,,,,,,,,,,,,23,,,,,C03,,,3,,11,,,23,23,2,18,,C03,120.710077,24.080314,3
2023,3,22,4,15,臺中市,西區,0,2,0,8,1,5,50,4,1,1,5,4,5,7,1,1,10,5,5,2,13,23,2,9,1,1,C03,7,9,1,10,2,11,,23,23,1,22,9,C03,120.665287,24.150867,2
2023,3,22,5,22,臺中市,龍井區,0,2,0,8,1,5,50,14,9,1,5,4,5,7,4,4,9,5,5,1,13,23,2,9,3,4,C03,7,9,1,10,2,11,,23,23,1,22,9,C03,120.590492,24.191306,2
2023,3,22,5,25,臺中市,北屯區,0,1,0,8,3,5,50,4,1,1,5,4,5,7,3,1,10,5,5,2,16,6,2,9,1,1,C03,7,9,1,10,2,11,,6,6,1,21,8,C03,120.686911,24.16816,2
2023,3,22,6,6,臺中市,南區,0,1,0,8,1,5,50,14,7,1,5,4,5,7,4,4,5,5,4,2,16,26,3,10,1,1,C03,7,5,1,10,2,12,,26,26,1,22,8,C03,120.70485,24.138022,2
2023,3,22,6,16,臺中市,霧峰區,0,2,0,8,1,5,40,4,1,1,5,4,5,7,3,1,10,5,5,1,16,1,2,9,1,1,C02,7,4,1,9,2,11,,1,1,1,4,8,C02,120.694888,24.06602,2
2023,3,22,6,30,臺中市,大肚區,0,0,0,8,,,50,,,,,,,,,,,,,,,23,,,,,B03,,,1,,2,,,23,,1,21,,B03,120.540192,24.155149,3
2023,3,22,6,34,臺中市,東區,0,2,0,8,1,5,50,3,1,1,5,4,5,7,4,4,10,5,5,2,16,19,2,9,1,1,C03,7,1,1,10,2,14,,19,19,1,5,5,C03,120.705661,24.130061,2
2023,3,22,6,40,臺中市,西屯區,0,0,0,8,,,50,,,,,,,,,,,,,,,7,,,,,B03,,,1,,11,,,7,,1,22,,B03,120.630383,24.180486,3
2023,3,22,6,46,臺中市,梧棲區,0,1,0,8,1,5,50,3,1,1,5,4,5,7,1,1,10,5,5,2,16,25,3,10,1,1,B03,7,9,1,5,5,2,,25,25,1,3,1,B03,120.519807,24.225208,2
2023,3,22,6,50,臺中市,東區,0,1,0,8,1,5,50,4,1,1,5,4,5,7,1,1,10,5,5,2,18,42,2,9,1,1,C03,7,9,1,10,2,14,,42,42,1,22,8,C03,120.705963,24.129797,2
2023,3,22,6,55,臺中市,西屯區,0,0,0,8,,,50,,,,,,,,,,,,,,,16,,,,,B03,,,1,,2,,,16,,1,22,,B03,120.633912,24.162001,3
2023,3,22,6,57,臺中市,東區,0,1,0,8,1,5,50,3,1,1,5,4,5,7,4,4,1,5,5,2,12,7,3,10,1,1,B01,7,10,1,4,2,6,,7,7,1,10,5,B01,120.697171,24.136934,2
2023,3,22,7,3,臺中市,北屯區,0,0,0,8,,,30,,,,,,,,,,,,,,,23,,,,,B03,,,1,8,1,,,23,23,1,21,,B03,120.718994,24.161507,3
2023,3,22,7,4,臺中市,大里區,0,0,0,8,,,50,,,,,,,,,,,,,,,12,,,,,B03,,,1,,1,,,12,,1,22,,B03,120.679468,24.095393,3
2023,3,22,7,5,臺中市,太平區,0,1,0,8,1,5,30,3,1,1,5,4,5,7,4,4,5,5,5,2,16,6,3,10,1,1,C03,7,6,4,8,2,11,,6,6,1,21,8,C03,120.733206,24.112287,2
2023,3,22,7,9,臺中市,神岡區,0,0,0,8,,,50,,,,,,,,,,,,,,,7,,,,,B03,,,1,,1,,,7,,1,22,,B03,120.695768,24.24838,3
2023,3,22,7,10,臺中市,大里區,0,2,0,8,1,5,50,5,2,1,5,4,5,7,1,1,5,4,5,1,13,23,2,9,1,1,C03,7,9,1,10,2,11,,23,23,1,5,1,C03,120.686931,24.121325,2
2023,3,22,7,10,臺中市,沙鹿區,0,0,0,8,,,50,,,,,,,,,,,,,,,17,,,,,B03,,,1,,2,,,17,,1,4,,B03,120.577252,24.212693,3
2023,3,22,7,15,臺中市,大里區,0,0,0,8,,,50,,,,,,,,,,,,,,,23,,,,,B03,,,1,,2,,,23,,1,22,,B03,120.70132,24.12388,3
2023,3,22,7,15,臺中市,太平區,0,1,0,8,1,5,50,4,1,1,5,4,5,7,1,1,10,5,5,2,11,7,2,8,1,1,C03,7,9,1,10,2,14,,23,7,1,9,1,C03,120.718151,24.159717,2
2023,3,22,7,18,臺中市,大肚區,0,2,0,8,1,5,50,3,2,1,5,4,5,7,1,1,1,4,4,1,13,16,2,9,1,1,C03,7,9,1,10,2,11,,16,16,1,21,8,C03,120.565004,24.123083,2
2023,3,22,7,19,臺中市,梧棲區,0,3,0,8,1,5,50,3,1,1,5,4,5,7,4,4,10,5,5,1,16,6,2,9,3,4,C03,7,5,1,10,2,12,,6,6,1,22,8,C03,120.542632,24.242248,2
2023,3,22,7,22,臺中市,龍井區,0,0,0,8,,,50,,,,,,,,,,,,,,,6,,,,,B03,,,1,,2,,,6,,1,12,,B03,120.546034,24.201728,3
2023,3,22,7,29,臺中市,潭子區,0,0,0,8,,,50,,,,,,,,,,,,,,,12,,,,,B03,,,1,,2,,,12,,1,22,,B03,120.693928,24.224648,3
2023,3,22,7,30,臺中市,大里區,0,0,0,8,,,30,,,,,,,,,,,,,,,23,,,,,B03,,,1,,2,,,23,,1,21,,B03,120.696907,24.083082,3
2023,3,22,7,30,臺中市,大甲區,0,1,0,8,1,5,50,3,1,1,5,4,5,7,4,4,5,5,5,2,17,23,2,9,1,1,C03,7,9,1,10,2,14,,23,23,1,4,1,C03,120.611006,24.354626,2
2023,3,22,7,30,臺中市,大甲區,0,0,0,8,1,5,40,4,2,1,5,4,5,7,2,1,5,5,5,2,13,23,,,,,B03,,,1,,1,,,23,23,1,22,,B03,120.642037,24.365622,3
2023,3,22,7,30,臺中市,東勢區,0,4,0,8,1,5,60,3,2,1,5,4,5,7,1,1,1,3,4,1,16,23,2,9,1,1,C03,7,9,1,10,2,11,,23,23,1,22,9,C03,120.82937,24.249335,2
2023,3,22,7,34,臺中市,霧峰區,0,1,0,8,1,8,60,3,1,1,5,4,5,7,1,1,9,4,1,1,16,9,3,10,1,1,B12,7,6,1,8,2,2,,9,9,1,22,9,B12,120.69346,24.038027,2
2023,3,22,7,40,臺中市,太平區,0,2,0,8,1,5,50,4,1,1,5,4,5,7,4,4,10,5,5,2,15,6,2,9,1,1,C03,7,9,1,10,2,12,,6,6,1,21,8,C03,120.716968,24.116678,2
2023,3,22,7,40,臺中市,大肚區,0,0,0,8,,,50,,,,,,,,,,,,,,,23,,,,,B12,,,1,,2,,,23,,1,21,,B12,120.556093,24.128403,3
2023,3,22,7,40,臺中市,豐原區,0,0,0,8,,,50,,,,,,,,,,,,,,,42,,,,,C03,,,1,,11,,,42,,2,4,,C03,120.714027,24.251702,3
2023,3,22,7,45,臺中市,太平區,0,3,0,8,1,5,50,3,1,1,5,4,5,7,1,1,5,5,5,1,16,25,2,9,1,1,C03,7,9,1,10,2,11,,25,25,1,16,8,C03,120.733713,24.156941,2
2023,3,22,7,45,臺中市,大甲區,0,2,0,8,1,5,30,14,9,1,5,4,5,7,4,4,10,5,4,2,17,19,2,9,1,1,F03,7,1,8,20,2,16,,19,19,1,4,8,F03,120.652465,24.40473,2
2023,3,22,7,49,臺中市,太平區,0,0,0,8,,,50,,,,,,,,,,,,,,,23,,,,,C03,,,1,,2,,,23,,1,22,,C03,120.733183,24.150526,3
2023,3,22,7,50,臺中市,東區,0,0,0,8,,,50,,,,,,,,,,,,,,,23,,,,,C04,,,1,,2,,,23,,1,22,,C04,120.699125,24.125577,3
2023,3,22,7,50,臺中市,大甲區,0,1,0,8,1,5,50,14,9,1,5,4,5,7,4,4,9,5,5,1,16,11,2,9,1,1,C03,7,11,1,10,2,11,,11,11,1,4,8,C03,120.6264,24.349217,2
2023,3,22,7,50,臺中市,神岡區,0,1,0,8,1,5,30,14,9,1,5,4,5,7,4,4,10,5,5,1,18,42,2,9,1,1,C03,7,9,1,10,2,12,,42,42,1,22,8,C03,120.678076,24.264217,2
2023,3,22,7,52,臺中市,北屯區,0,0,0,8,,,50,,,,,,,,,,,,,,,17,,,,,C03,,,4,,1,,,17,17,1,5,,C03,120.719649,24.181675,3
2023,3,22,7,53,臺中市,西屯區,0,1,0,8,1,5,50,4,1,1,5,4,5,7,1,1,10,5,5,2,12,6,3,10,1,1,B03,7,5,1,8,1,4,,6,6,1,22,8,B03,120.649263,24.157196,2
2023,3,22,7,53,臺中市,外埔區,0,2,0,8,1,5,50,14,9,1,5,4,5,7,4,4,5,4,5,1,3,51,2,9,4,5,H01,8,18,8,20,1,16,,51,51,1,9,8,H01,120.652215,24.347232,2
2023,3,22,7,54,臺中市,南區,0,1,0,8,1,5,50,14,7,1,5,4,5,7,1,1,1,4,4,2,12,42,2,9,1,1,C03,7,9,1,10,2,14,,42,42,1,5,8,C03,120.670203,24.117023,2
2023,3,22,7,54,臺中市,北屯區,0,1,0,8,1,5,30,3,1,1,5,4,5,7,4,4,10,5,5,2,16,6,3,10,1,1,B03,7,5,1,8,2,4,,6,6,1,5,8,B03,120.733961,24.170255,2
2023,3,22,7,55,臺中市,大雅區,0,1,0,8,1,5,50,14,8,1,5,4,5,7,4,4,5,5,4,1,12,9,3,10,1,1,C03,7,6,1,10,2,13,,9,9,1,21,8,C03,120.642567,24.21993,2
2023,3,22,7,55,臺中市,西屯區,0,0,0,8,,,40,,,,,,,,,,,,,,,17,,,,,B03,,,1,,1,,,17,,1,12,,B03,120.648281,24.196338,3
2023,3,22,7,56,臺中市,豐原區,0,1,0,8,1,5,60,4,1,1,5,4,5,7,2,1,10,5,5,2,17,23,2,9,1,1,C03,7,9,1,10,2,11,,23,23,1,22,8,C03,120.726533,24.238496,2
2023,3,22,7,57,臺中市,北屯區,0,0,0,8,,,50,,,,,,,,,,,,,,,23,,,,,B03,,,1,,1,,,23,,1,22,,B03,120.686512,24.193214,3
2023,3,22,8,0,臺中市,西屯區,0,0,0,8,,,30,,,,,,,,,,,,,,,17,,,,,B03,,,1,,1,,,17,,1,22,,B03,120.601937,24.182882,3
2023,3,22,8,0,臺中市,霧峰區,0,0,0,8,,,50,,,,,,,,,,,,,,,23,,,,,B12,,,1,,2,,,23,,1,22,,B12,120.69411,24.07328,3
2023,3,22,8,0,臺中市,大里區,0,1,0,8,1,5,40,14,8,1,4,4,5,7,4,4,3,4,3,1,18,23,2,9,1,1,C03,7,9,1,10,2,14,,23,23,1,5,1,C03,120.667451,24.083353,2
2023,3,22,8,3,臺中市,西屯區,0,0,0,8,,,80,,,,,,,,,,,,,,,23,,,,,B03,,,1,,1,,,23,23,1,22,,B03,120.627027,24.160015,3
2023,3,22,8,7,臺中市,北屯區,0,1,0,8,1,5,40,14,8,1,5,4,5,7,4,4,1,4,1,2,17,17,3,10,3,4,B03,7,4,1,8,2,2,,17,17,1,21,8,B03,120.730028,24.160762,2
2023,3,22,8,8,臺中市,西屯區,0,1,0,8,1,5,50,3,1,1,5,4,5,7,4,4,10,5,5,2,13,16,2,9,3,4,C03,7,9,1,10,2,11,,16,16,1,22,8,C03,120.594773,24.185915,2
2023,3,22,8,8,臺中市,大里區,0,1,0,8,1,5,40,4,2,1,5,4,5,7,4,4,10,5,5,2,15,6,2,3,1,1,C03,7,9,1,10,2,12,,6,6,1,20,9,C03,120.706324,24.083408,2
2023,3,22,8,10,臺中市,沙鹿區,0,1,0,8,1,5,50,4,1,1,5,4,5,7,1,1,10,5,5,2,17,23,2,9,1,1,C03,7,9,1,10,2,11,,23,23,1,21,8,C03,120.564901,24.244421,2
2023,3,22,8,10,臺中市,神岡區,0,0,0,8,,,30,,,,,,,,,,,,,,,17,,,,,B12,,,1,,1,,,17,,1,21,,B12,120.68256,24.271341,3
2023,3,22,8,11,臺中市,西屯區,0,0,0,8,,,30,,,,,,,,,,,,,,,23,,,,,C03,,,1,,11,,,23,,1,22,,C03,120.593357,24.179776,3
2023,3,22,8,14,臺中市,南區,0,0,0,8,,,50,,,,,,,,,,,,,,,23,,,,,B03,,,1,,2,,,23,,1,22,,B03,120.670077,24.114787,3
2023,3,22,8,15,臺中市,南屯區,0,1,0,8,1,5,50,5,1,1,5,4,5,7,2,1,10,5,5,2,15,25,3,10,1,1,B03,7,9,1,8,2,2,,25,25,1,22,9,B03,120.65482,24.135504,2
2023,3,22,8,15,臺中市,后里區,0,0,0,8,1,3,50,14,9,1,5,4,5,7,4,4,7,4,4,1,17,18,3,10,3,4,C03,7,3,1,10,2,5,5,18,18,1,22,8,C03,120.713943,24.306073,3
2023,3,22,8,21,臺中市,西屯區,0,0,0,8,,,50,,,,,,,,,,,,,,,42,,,,,B03,,,1,,1,,,42,,1,22,,B03,120.616104,24.190582,3
2023,3,22,8,23,臺中市,霧峰區,0,1,0,8,1,5,40,14,9,1,5,4,5,7,4,4,5,5,5,1,17,25,3,10,1,1,F03,7,1,8,20,2,16,,25,25,1,19,5,F03,120.679972,24.064933,2
2023,3,22,8,27,臺中市,烏日區,0,1,0,8,1,5,40,14,9,1,5,4,5,7,4,4,10,5,5,2,18,42,2,9,1,1,C03,7,9,1,10,2,14,,42,42,1,22,9,C03,120.588088,24.117522,2
2023,3,22,8,31,臺中市,梧棲區,0,1,0,8,1,5,50,4,1,1,5,4,5,7,4,4,10,5,5,2,15,6,2,9,1,1,C03,7,9,1,10,2,11,,6,6,1,20,1,C03,120.532789,24.256199,2
2023,3,22,8,32,臺中市,烏日區,0,0,0,,,,30,,,,,,,,,,,,,,,42,,,,,C03,,,1,,2,,,42,,1,21,,C03,120.641689,24.10258,3
2023,3,22,8,32,臺中市,沙鹿區,0,0,0,8,1,5,50,3,1,1,5,4,5,7,4,4,10,5,5,2,13,16,3,10,1,1,C03,7,6,1,10,2,11,,16,16,1,3,1,C03,120.554455,24.225539,3
2023,3,22,8,32,臺中市,梧棲區,0,2,0,8,1,5,30,4,1,1,5,4,5,7,4,4,10,5,5,2,16,6,2,9,3,4,C03,7,6,1,10,2,14,,6,6,1,22,8,C03,120.526528,24.220814,2
2023,3,22,8,33,臺中市,北區,0,0,0,,,,50,,,,,,,,,,,,,,,23,,,,,B03,,,1,,2,,,23,,1,21,,B03,120.681337,24.159322,3
2023,3,22,8,34,臺中市,北屯區,0,0,0,8,,,50,,,,,,,,,,,,,,,17,,,,,B03,,,1,,1,,,17,17,1,5,,B03,120.66221,24.184961,3
2023,3,22,8,34,臺中市,北屯區,0,0,0,8,,,50,,,,,,,,,,,,,,,23,,,,,B03,,,1,,9,,,23,,1,5,,B03,120.669708,24.177473,3
2023,3,22,8,39,臺中市,大雅區,0,0,0,8,,,30,,,,,,,,,,,,,,,23,,,,,B03,,,1,,2,,,23,,1,22,,B03,120.64835,24.23242,3
2023,3,22,8,50,臺中市,大雅區,0,2,0,8,1,5,50,3,1,1,5,4,5,7,3,1,5,5,4,1,11,6,2,9,1,1,C03,7,5,1,10,2,11,,6,6,1,21,8,C03,120.649579,24.216446,2
2023,3,22,8,50,臺中市,沙鹿區,0,0,0,8,,,50,,,,,,,,,,,,,,,12,,,,,B03,,,1,,2,,,12,,1,21,,B03,120.572302,24.220915,3
2023,3,22,8,51,臺中市,龍井區,0,2,0,8,1,5,40,4,1,1,5,4,5,7,1,1,10,5,5,2,13,16,2,8,1,1,C03,7,9,1,10,2,11,,16,16,1,5,8,C03,120.581891,24.175517,2
2023,3,22,8,54,臺中市,北屯區,0,1,0,8,1,5,50,14,8,1,5,4,5,7,4,4,1,4,4,2,16,7,2,9,1,1,C03,7,9,1,10,2,11,,23,7,1,22,8,C03,120.686251,24.194619,2
2023,3,22,8,55,臺中市,南屯區,0,0,0,8,,,50,,,,,,,,,,,,,,,19,,,,,B03,,,1,,1,,,19,,1,22,,B03,120.63673,24.14633,3
2023,3,22,8,56,臺中市,北屯區,0,0,0,8,,,50,,,,,,,,,,,,,,,23,,,,,B12,,,1,8,2,,,23,23,1,21,,B12,120.699239,24.182556,3
2023,3,22,8,59,臺中市,大雅區,0,0,0,8,,,50,,,,,,,,,,,,,,,7,,,,,B03,,,1,,2,,,7,,1,21,,B03,120.645074,24.225835,3
2023,3,22,9,0,臺中市,烏日區,0,0,0,8,1,5,50,14,9,1,5,4,5,7,4,4,1,4,5,1,17,42,,,,,B03,,,1,,2,,,42,42,1,22,,B03,120.632742,24.110091,3
2023,3,22,9,5,臺中市,烏日區,0,0,0,8,,,50,,,,,,,,,,,,,,,23,,,,,A04,,,1,,2,,,23,,1,10,,A04,120.646375,24.110952,3
2023,3,22,9,6,臺中市,太平區,0,1,0,8,1,5,50,3,1,1,5,4,5,7,4,4,10,5,5,2,16,6,3,10,1,1,B03,7,5,3,18,2,1,,6,23,1,22,8,B03,120.703644,24.112422,2
2023,3,22,9,9,臺中市,南屯區,0,0,0,,,,50,,,,,,,,,,,,,,,16,,,,,B03,,,1,,1,,,16,,1,22,,B03,120.640616,24.146988,3
2023,3,22,9,10,臺中市,西屯區,0,0,0,8,,,50,,,,,,,,,,,,,,,43,,,,,A31,,,1,,2,,,43,,1,22,,A31,120.645639,24.163678,3
2023,3,22,9,15,臺中市,太平區,0,0,0,8,,,50,,,,,,,,,,,,,,,16,,,,,B03,,,1,,2,,,16,,1,20,,B03,120.735423,24.133446,3
2023,3,22,9,16,臺中市,西屯區,0,1,0,8,1,5,1,14,20,2,5,4,5,7,4,4,10,5,5,2,18,42,2,9,3,4,C03,7,9,1,10,2,14,,42,42,1,22,8,C03,120.595222,24.182602,2
2023,3,22,9,21,臺中市,北區,0,0,0,8,,,40,,,,,,,,,,,,,,,19,,,,,B03,,,1,,1,,,19,,1,22,,B03,120.681944,24.163102,3
2023,3,22,9,30,臺中市,沙鹿區,0,0,0,6,,,40,,,,,,,,,,,,,,,12,,,,,B03,,,1,,9,,,12,,1,22,,B03,120.576997,24.214392,3
2023,3,22,9,31,臺中市,南區,0,1,0,8,1,5,30,3,1,1,5,4,5,7,4,4,10,5,5,2,18,23,2,9,1,1,F01,7,9,8,20,2,16,,23,23,1,21,8,F01,120.672021,24.125007,2
2023,3,22,9,31,臺中市,北屯區,0,1,0,8,1,5,30,14,9,1,5,4,5,7,4,4,10,5,5,1,18,23,2,9,1,1,C03,7,9,1,10,2,14,11,23,23,1,5,8,C03,120.779897,24.182809,2
2023,3,22,9,34,臺中市,北區,0,3,0,8,1,5,50,4,2,1,5,4,5,7,1,1,5,4,5,2,17,23,2,9,1,1,C03,7,9,1,10,2,11,,23,23,1,22,8,C03,120.675681,24.159002,2
2023,3,22,9,34,臺中市,太平區,0,0,0,8,,,,,,,,,,,,,,,,,,60,,,,,C03,,,1,,2,,,38,42,1,22,,C03,120.72663,24.149715,3
2023,3,22,9,34,臺中市,烏日區,0,0,0,8,1,5,50,3,1,1,5,4,5,7,1,1,1,4,5,1,12,23,,,,,B03,,,1,,2,,,23,,1,22,,B03,120.616844,24.116186,3
2023,3,22,9,40,臺中市,大雅區,0,0,0,8,,,50,,,,,,,,,,,,,,,42,,,,,B03,,,1,,2,,,42,,1,21,,B03,120.66825,24.214974,3
2023,3,22,9,43,臺中市,西區,0,1,0,8,1,5,50,4,1,1,5,4,5,7,1,1,10,4,5,2,16,17,2,9,1,1,C03,7,5,1,10,2,14,,17,17,1,22,8,C03,120.666907,24.153208,2
2023,3,22,9,43,臺中市,烏日區,0,0,0,8,,,30,,,,,,,,,,,,,,,17,,,,,A12,,,1,,2,,,17,,1,21,,A12,120.63241,24.097164,3
2023,3,22,9,45,臺中市,梧棲區,0,1,0,8,1,5,60,4,1,1,5,4,5,7,1,1,10,5,5,2,16,6,3,10,1,1,B03,7,6,1,8,2,2,,6,6,1,2,8,B03,120.540915,24.261205,2
2023,3,22,9,50,臺中市,南屯區,0,1,0,8,1,5,50,4,2,1,5,4,5,7,2,1,1,3,5,2,18,23,2,9,1,1,C03,7,9,1,10,2,12,,23,23,1,22,8,C03,120.64644,24.125351,2
2023,3,22,9,55,臺中市,西屯區,0,1,0,8,1,5,50,14,9,1,5,4,5,7,4,4,9,5,5,2,16,19,3,10,1,1,B03,7,1,1,8,2,4,,19,19,1,22,8,B03,120.639673,24.159362,2
2023,3,22,10,0,臺中市,南屯區,0,1,0,8,1,5,50,3,1,1,5,4,5,7,4,4,10,5,5,2,12,6,3,10,1,1,B03,7,6,1,8,2,2,,6,6,1,22,8,B03,120.646807,24.149946,2
2023,3,22,10,4,臺中市,霧峰區,0,0,0,8,,,50,,,,,,,,,,,,,,,23,,,,,B03,,,1,,2,,,23,,1,3,,B03,120.662206,24.059558,3
2023,3,22,10,4,臺中市,太平區,0,1,0,8,1,5,50,3,1,1,5,4,5,7,4,4,5,5,4,2,13,16,2,9,1,1,C03,7,9,1,10,2,11,,16,16,1,18,8,C03,120.713459,24.125092,2
2023,3,22,10,10,臺中市,烏日區,0,1,0,8,1,5,50,14,9,1,5,4,5,7,4,4,4,5,5,2,16,42,2,9,1,1,C03,7,9,1,10,2,11,12,42,42,1,22,9,C03,120.610977,24.110608,2
2023,3,22,10,12,臺中市,西屯區,0,0,0,8,,,50,,,,,,,,,,,,,,,23,,,,,B03,,,1,,11,,,23,,1,22,,B03,120.622012,24.183477,3
2023,3,22,10,23,臺中市,北屯區,0,0,0,8,,,50,,,,,,,,,,,,,,,23,,,,,B03,,,3,,2,,,23,,1,5,,B03,120.68135,24.169505,3
2023,3,22,10,25,臺中市,南屯區,0,1,0,8,1,5,50,4,1,1,5,4,5,7,2,1,10,5,5,2,18,23,2,9,1,1,C03,7,9,1,10,2,14,,23,23,1,22,9,C03,120.650057,24.133205,2
2023,3,22,10,28,臺中市,東區,0,2,0,8,1,5,40,4,1,1,5,4,5,7,1,1,10,5,5,2,16,6,2,9,1,1,C03,7,6,1,10,2,12,,6,6,1,5,8,C03,120.697067,24.138886,2
2023,3,22,10,35,臺中市,東區,0,1,0,8,1,5,50,3,1,1,5,4,3,7,4,4,10,5,5,2,16,6,2,9,1,1,C03,7,6,1,10,2,12,,6,6,1,5,8,C03,120.686772,24.14579,2
2023,3,22,10,35,臺中市,北屯區,0,0,0,8,,,60,,,,,,,,,,,,,,,23,,,,,B03,,,1,,2,,,23,23,1,5,,B03,120.712166,24.164674,3
2023,3,22,10,39,臺中市,豐原區,0,0,0,8,,,40,,,,,,,,,,,,,,,42,,,,,B03,,,1,,2,,,42,,1,22,,B03,120.705756,24.252238,3
2023,3,22,10,44,臺中市,北屯區,0,0,0,8,,,50,,,,,,,,,,,,,,,23,,,,,A12,,,1,3,2,,,23,23,1,21,,A12,120.670677,24.17485,3
2023,3,22,10,45,臺中市,北屯區,0,1,0,8,1,5,50,4,1,1,5,4,5,7,1,1,10,5,5,2,11,6,2,9,1,1,C03,7,5,1,10,2,11,,6,6,1,22,8,C03,120.718696,24.171442,2
2023,3,22,10,47,臺中市,南屯區,0,1,0,8,1,5,50,14,9,1,5,4,5,7,4,4,1,4,5,2,13,16,2,8,1,1,C03,7,9,1,10,2,11,,16,16,1,22,8,C03,120.64732,24.15101,2
2023,3,22,10,48,臺中市,大雅區,0,0,0,8,,,50,,,,,,,,,,,,,,,23,,,,,B03,,,1,,2,,,23,,1,21,,B03,120.645649,24.225285,3
2023,3,22,10,56,臺中市,太平區,0,1,0,8,1,5,30,4,1,1,5,4,5,7,4,4,10,5,5,2,15,6,3,10,1,1,B11,7,9,1,8,2,1,,6,6,1,5,4,B11,120.723863,24.129847,2
2023,3,22,10,57,臺中市,大雅區,0,0,0,8,,,40,,,,,,,,,,,,,,,43,,,,,B03,,,1,,2,,,43,,1,22,,B03,120.634518,24.204606,3
2023,3,22,11,0,臺中市,豐原區,0,1,0,8,1,5,50,5,9,1,5,4,5,7,4,4,5,5,5,2,17,19,3,10,1,1,B03,7,1,1,8,2,2,,19,19,1,22,8,B03,120.717855,24.250605,2
2023,3,22,11,2,臺中市,太平區,0,0,0,8,,,30,,,,,,,,,,,,,,,17,,,,,B03,,,1,,2,,,17,,1,4,,B03,120.725252,24.111067,3
2023,3,22,11,4,臺中市,北區,0,3,0,8,1,5,50,4,1,1,5,4,5,7,4,4,5,4,5,2,16,6,2,9,1,1,C03,7,5,1,10,2,13,,6,6,1,21,8,C03,120.688697,24.152433,2
2023,3,22,11,5,臺中市,北區,0,3,0,8,1,5,50,4,1,1,5,4,5,7,1,1,5,4,5,2,13,16,2,9,1,1,C03,7,9,3,18,2,11,,16,16,1,22,8,C03,120.682358,24.154094,2
2023,3,22,11,9,臺中市,西屯區,0,0,0,8,,,50,,,,,,,,,,,,,,,16,,,,,C03,,,1,,1,,,16,,1,22,,C03,120.640845,24.167487,3
2023,3,22,11,12,臺中市,大甲區,0,0,0,,,,30,,,,,,,,,,,,,,,43,,,,,B03,,,1,,1,,,43,43,1,22,,B03,120.618634,24.346879,3
2023,3,22,11,15,臺中市,北屯區,0,0,0,8,,,50,,,,,,,,,,,,,,,42,,,,,B12,,,1,,2,,,42,,1,21,,B12,120.694629,24.171273,3
2023,3,22,11,16,臺中市,南屯區,0,1,0,8,1,5,50,14,7,1,5,4,5,7,4,4,5,4,4,2,12,7,2,9,1,1,C03,7,7,1,10,2,14,,7,7,1,22,8,C03,120.615138,24.13925,2
2023,3,22,11,22,臺中市,東勢區,0,1,0,8,1,5,25,11,9,1,5,4,5,7,4,4,10,5,5,1,16,5,3,10,1,1,B03,7,9,1,8,2,4,,5,5,1,22,9,B03,120.878502,24.231692,2
2023,3,22,11,24,臺中市,西屯區,0,3,0,8,1,5,50,4,1,1,5,4,5,7,1,1,9,4,4,2,3,23,2,9,1,1,C03,7,9,1,10,2,11,,23,23,1,12,8,C03,120.649163,24.174943,2
2023,3,22,11,27,臺中市,烏日區,0,0,0,8,1,5,50,5,1,1,5,4,5,7,1,1,9,2,5,1,13,23,,,,,B03,,,1,,2,,,23,,1,22,,B03,120.637437,24.096761,3