年,月,日,時,分,縣市,區,死,受傷,2-30,天候,光線,道路類別,速限,道路型態,事故位置,路面鋪裝,路面狀態,路面缺陷,障礙物,視距,號誌種類,號誌動作,分向設施,快車道或一般車道間,快慢車道間,路面邊線,事故類型及型態,主要肇因,受傷程度,主要傷處,保護裝備,行動電話,當事者區分,車輛用途,當事者行動狀態,駕駛資格情形,駕駛執照種類,飲酒情形,車輛撞擊部位最初,車輛撞擊部位其他,肇事因素個別,肇事因素主要,肇事逃逸,職業,旅次目的,車種,GPS緯度,GPS經度,事故類別
2023,3,23,10,8,臺中市,霧峰區,0,1,0,8,1,5,40,14,7,1,5,4,5,7,4,4,5,4,4,1,17,19,3,10,3,4,B03,7,1,1,8,2,8,,19,19,1,21,5,B03,120.698626,24.062779,2
2023,3,23,10,9,臺中市,烏日區,0,0,0,8,,,30,,,,,,,,,,,,,,,17,,,,,A12,,,1,,2,,,17,,1,10,,A12,120.63922,24.107762,3
2023,3,23,10,15,臺中市,大里區,0,0,0,8,,,50,,,,,,,,,,,,,,,23,,,,,C03,,,1,,2,,,23,,1,22,,C03,120.689731,24.115266,3
2023,3,23,10,16,臺中市,神岡區,0,2,0,8,1,5,60,4,1,1,5,4,5,7,1,1,1,4,4,2,16,25,2,7,1,4,C03,7,9,2,18,2,14,,25,25,1,22,9,C03,120.680369,24.244621,2
2023,3,23,10,20,臺中市,北屯區,0,2,0,8,1,5,50,14,9,1,5,4,5,7,2,1,5,2,5,2,13,23,2,9,1,1,C03,7,9,1,10,2,11,14,23,23,1,5,8,C03,120.718865,24.174066,2
2023,3,23,10,20,臺中市,大甲區,0,0,0,,,,50,,,,,,,,,,,,,,,23,,,,,B12,,,1,,1,,,23,23,1,22,,B12,120.666982,24.373774,3
2023,3,23,10,23,臺中市,北區,0,2,0,8,1,5,40,3,8,1,5,4,5,7,1,1,1,4,4,2,13,16,2,9,1,1,C03,7,9,1,10,2,11,,16,16,1,22,8,C03,120.672887,24.168735,2
2023,3,23,10,30,臺中市,霧峰區,0,0,0,8,,,40,,,,,,,,,,,,,,,23,,,,,B12,,,1,,2,,,23,,1,21,,B12,120.678028,24.073679,3
2023,3,23,10,31,臺中市,北區,0,0,0,8,,,30,,,,,,,,,,,,,,,23,,,,,B03,,,1,,1,,,23,,1,22,,B03,120.677436,24.170663,3
2023,3,23,10,35,臺中市,北屯區,0,0,0,8,,,50,,,,,,,,,,,,,,,23,,,,,B12,,,1,,2,,,23,,1,5,,B12,120.676211,24.200346,3
2023,3,23,10,35,臺中市,龍井區,0,0,0,,,,50,,,,,,,,,,,,,,,44,,,,,A05,,,1,,1,,,17,44,1,10,,A05,120.583725,24.187744,3
2023,3,23,10,37,臺中市,西屯區,0,1,0,8,1,5,50,4,1,1,5,4,5,7,3,1,9,5,5,2,16,10,3,10,1,1,B03,7,11,1,8,2,1,,10,10,1,12,8,B03,120.603498,24.185321,2
2023,3,23,10,47,臺中市,東區,0,0,0,8,1,5,50,14,8,1,5,4,5,7,4,4,5,5,4,2,17,18,3,10,2,1,B12,7,2,1,8,2,6,,18,18,1,5,8,B12,120.70271,24.144705,3
2023,3,23,10,48,臺中市,東區,0,1,0,8,1,5,50,14,7,1,5,4,5,7,4,4,5,5,4,2,16,26,3,10,1,1,B03,7,11,1,8,2,4,,26,26,1,5,8,B03,120.702895,24.13892,2
2023,3,23,10,50,臺中市,大雅區,0,0,0,8,,,50,,,,,,,,,,,,,,,12,,,,,B03,,,1,,2,,,12,,1,22,,B03,120.64982,24.222556,3
2023,3,23,10,50,臺中市,東區,0,0,0,8,,,50,,,,,,,,,,,,,,,42,,,,,B03,,,1,,2,,,42,,1,22,,B03,120.696509,24.136899,3
2023,3,23,10,50,臺中市,西屯區,0,0,0,8,,,50,,,,,,,,,,,,,,,42,,,,,B03,,,1,,2,,,42,,1,22,,B03,120.658661,24.195001,3
2023,3,23,10,50,臺中市,清水區,0,1,0,8,1,5,50,3,2,1,5,4,5,7,4,4,5,4,5,2,13,23,2,9,1,1,C03,7,9,1,10,2,11,,23,23,1,22,8,C03,120.565097,24.273672,2
2023,3,23,10,52,臺中市,沙鹿區,0,1,0,8,1,5,50,3,1,1,5,4,5,7,4,4,10,5,5,2,13,23,2,8,1,1,C03,7,9,4,7,2,11,,23,23,1,21,8,C03,120.560927,24.24156,2
2023,3,23,10,53,臺中市,中區,0,0,0,8,,,50,,,,,,,,,,,,,,,23,,,,,B03,,,1,,2,,,23,,1,22,,B03,120.680118,24.138019,3
2023,3,23,10,57,臺中市,北屯區,0,0,0,8,,,50,,,,,,,,,,,,,,,12,,,,,A41,,,1,,1,,,12,,1,22,,A41,120.679845,24.182536,3
2023,3,23,10,59,臺中市,大雅區,0,0,0,8,,,50,,,,,,,,,,,,,,,12,,,,,B12,,,1,,2,,,12,,1,22,,B12,120.649712,24.226981,3
2023,3,23,11,0,臺中市,南區,0,0,0,8,,,40,,,,,,,,,,,,,,,12,,,,,B03,,,1,,2,,,12,,1,22,,B03,120.653514,24.129432,3
2023,3,23,11,0,臺中市,豐原區,0,1,0,8,1,5,30,4,1,1,5,4,5,7,4,4,10,5,5,2,15,6,3,10,3,4,B02,7,9,1,8,2,2,,6,6,1,22,8,B02,120.737932,24.273298,2
2023,3,23,11,2,臺中市,太平區,0,1,0,8,1,5,30,4,1,1,5,4,5,7,4,4,10,5,5,2,15,6,2,9,1,1,C03,7,9,1,10,2,11,,6,6,1,22,8,C03,120.724471,24.123248,2
2023,3,23,11,5,臺中市,沙鹿區,0,0,0,8,,,30,,,,,,,,,,,,,,,12,,,,,B12,,,1,,11,,,12,,1,10,,B12,120.616682,24.243034,3
2023,3,23,11,5,臺中市,豐原區,0,0,0,8,,,50,,,,,,,,,,,,,,,6,,,,,B12,,,1,,2,,,6,,1,22,,B12,120.719375,24.248144,3
2023,3,23,11,7,臺中市,霧峰區,0,0,0,8,,,50,,,,,,,,,,,,,,,40,,,,,B12,,,1,,2,,,40,,1,22,,B12,120.663584,24.059952,3
2023,3,23,11,9,臺中市,西區,0,1,0,8,1,5,50,14,9,1,5,4,5,7,4,4,5,5,5,2,13,16,3,10,3,4,C03,7,9,1,10,2,11,,16,16,1,21,8,C03,120.660525,24.146734,2
2023,3,23,11,17,臺中市,西屯區,0,2,0,8,1,5,50,4,1,1,5,4,5,7,1,1,10,4,5,2,16,6,2,9,3,4,C03,7,6,1,9,1,12,,6,6,1,22,8,C03,120.658311,24.195146,2
2023,3,23,11,18,臺中市,中區,0,1,0,8,1,5,50,4,1,1,5,4,5,7,1,1,10,5,5,2,17,6,3,10,3,4,B03,7,6,1,8,2,2,,6,6,1,22,5,B03,120.679547,24.142469,2
2023,3,23,11,25,臺中市,清水區,0,0,0,8,,,60,,,,,,,,,,,,,,,23,,,,,B03,,,1,,2,,,23,,1,22,,B03,120.57078,24.259401,3
2023,3,23,11,26,臺中市,豐原區,0,2,0,8,1,5,50,4,1,1,5,4,5,7,4,4,4,5,5,1,16,6,2,9,1,1,C03,7,5,1,10,2,11,12,6,6,1,22,8,C03,120.744026,24.253524,2
2023,3,23,11,27,臺中市,大里區,0,0,0,8,,,50,,,,,,,,,,,,,,,23,,,,,B03,,,1,,2,,,23,,1,21,,B03,120.693852,24.090192,3
2023,3,23,11,27,臺中市,豐原區,0,0,0,8,,,50,,,,,,,,,,,,,,,14,,,,,B03,,,1,,2,,,14,,1,22,,B03,120.716569,24.252336,3
2023,3,23,11,29,臺中市,神岡區,0,1,0,8,1,5,50,4,2,1,5,4,5,7,3,1,5,4,4,1,16,26,3,10,1,1,B03,7,11,1,8,2,1,,26,26,1,22,8,B03,120.672089,24.255518,2
2023,3,23,11,31,臺中市,潭子區,0,0,0,8,,,60,,,,,,,,,,,,,,,7,,,,,B03,,,1,,2,,,7,,1,22,,B03,120.70836,24.229515,3
2023,3,23,11,36,臺中市,東區,0,0,0,,,,50,,,,,,,,,,,,,,,23,,,,,A11,,,1,,9,,,23,,1,5,,A11,120.68753,24.142366,3
2023,3,23,11,44,臺中市,北區,0,1,0,8,1,5,50,14,9,1,5,4,5,7,4,4,5,4,5,2,17,26,2,9,1,1,C03,7,11,1,10,2,12,,26,26,1,22,8,C03,120.677213,24.166821,2
2023,3,23,11,44,臺中市,東區,0,0,0,,,,50,,,,,,,,,,,,,,,23,,,,,B03,,,1,,2,,,23,,1,5,,B03,120.699494,24.148015,3
2023,3,23,11,44,臺中市,豐原區,0,1,0,8,1,5,50,14,9,1,5,4,5,7,4,4,4,5,5,1,17,40,3,10,1,1,B03,7,13,1,8,2,4,,40,40,1,4,5,B03,120.728638,24.245461,2
2023,3,23,11,46,臺中市,大雅區,0,0,0,8,,,50,,,,,,,,,,,,,,,23,,,,,C03,,,1,,2,,,23,,1,22,,C03,120.65016,24.21165,3
2023,3,23,11,46,臺中市,西屯區,0,1,0,8,1,5,30,3,1,1,5,4,5,7,4,4,10,5,5,2,25,42,3,10,1,1,B12,7,9,1,8,3,1,,42,42,1,22,8,B12,120.666715,24.177728,2
2023,3,23,11,48,臺中市,神岡區,0,0,0,8,,,50,,,,,,,,,,,,,,,7,,,,,A41,,,1,,2,,,7,,1,22,,A41,120.665087,24.273782,3
2023,3,23,11,49,臺中市,豐原區,0,0,0,8,,,50,,,,,,,,,,,,,,,12,,,,,B12,,,1,,2,,,12,,1,22,,B12,120.707786,24.244688,3
2023,3,23,11,51,臺中市,沙鹿區,0,1,0,8,1,5,50,14,7,1,5,4,5,7,4,4,9,5,4,2,3,42,3,10,1,1,C03,7,9,1,10,2,11,,42,42,1,18,8,C03,120.570466,24.229743,2
2023,3,23,11,52,臺中市,北區,0,1,0,8,1,5,40,4,8,1,5,4,5,7,1,1,1,4,4,2,16,6,3,10,1,1,B03,7,6,1,8,2,2,,6,6,1,21,8,B03,120.67817,24.151537,2
2023,3,23,11,52,臺中市,西屯區,0,2,0,8,1,5,30,3,1,1,5,4,5,7,1,1,10,5,5,2,16,8,2,9,3,4,C04,7,5,1,8,1,14,,8,8,1,22,8,C04,120.648165,24.18213,2
2023,3,23,11,52,臺中市,沙鹿區,0,0,0,8,,,70,,,,,,,,,,,,,,,16,,,,,B03,,,1,,2,,,16,,1,9,,B03,120.612594,24.244767,3
2023,3,23,11,53,臺中市,大里區,0,1,0,8,1,5,50,11,9,1,5,4,5,7,4,4,5,5,5,1,18,43,2,9,3,4,C03,7,6,1,10,2,15,,43,43,1,21,8,C03,120.724386,24.084424,2
2023,3,23,11,53,臺中市,烏日區,0,1,0,8,1,5,50,4,1,1,5,4,5,7,1,1,1,4,5,1,16,9,3,10,1,1,B03,7,6,1,8,2,5,,9,9,1,22,8,B03,120.614085,24.106776,2
2023,3,23,11,58,臺中市,西區,0,0,0,8,,,50,,,,,,,,,,,,,,,23,,,,,B12,,,1,,2,,,23,,1,10,,B12,120.661793,24.131738,3
2023,3,23,11,58,臺中市,霧峰區,0,1,0,8,1,5,40,14,9,1,5,4,5,7,4,4,10,5,5,1,18,23,2,9,1,1,C03,7,9,1,10,2,11,,23,23,1,20,9,C03,120.689069,24.033177,2
2023,3,23,12,12,臺中市,豐原區,0,0,0,8,,,50,,,,,,,,,,,,,,,17,,,,,B03,,,1,,1,,,17,,1,22,,B03,120.714661,24.249358,3
2023,3,23,12,18,臺中市,大里區,0,2,0,8,1,5,30,3,1,1,5,4,5,7,4,4,10,5,5,2,17,19,2,9,3,1,F01,7,1,8,20,2,16,,19,19,1,19,5,F01,120.704678,24.08783,2
2023,3,23,12,22,臺中市,太平區,0,1,0,8,1,5,50,3,2,1,5,4,5,7,4,4,5,5,5,1,13,16,2,9,1,1,C03,7,9,1,10,2,11,,16,16,1,4,5,C03,120.718151,24.122714,2
2023,3,23,12,24,臺中市,西區,0,0,0,8,1,5,50,3,1,1,5,4,5,7,4,4,5,5,5,2,12,3,,,,,C03,,,1,,1,,,3,,1,21,,C03,120.661675,24.144798,3
2023,3,23,12,26,臺中市,太平區,0,0,0,8,,,50,,,,,,,,,,,,,,,18,,,,,C03,,,1,,2,,,18,,1,22,,C03,120.717474,24.152175,3
2023,3,23,12,28,臺中市,西屯區,0,0,0,8,,,50,,,,,,,,,,,,,,,16,,,,,B03,,,1,,1,,,16,,1,22,,B03,120.648652,24.168918,3
2023,3,23,12,29,臺中市,北屯區,0,0,0,8,,,40,,,,,,,,,,,,,,,18,,,,,B03,,,1,,9,,,18,,2,22,,B03,120.665223,24.18349,3
2023,3,23,12,29,臺中市,沙鹿區,0,2,0,8,1,5,50,4,1,1,5,4,5,7,1,1,10,5,5,2,17,6,2,8,1,1,C03,7,9,1,10,2,11,,23,6,1,21,8,C03,120.558825,24.234814,2
2023,3,23,12,30,臺中市,東區,0,1,0,8,1,5,50,4,1,1,5,4,5,7,1,1,10,5,5,2,16,6,3,10,1,1,B03,7,5,1,8,2,1,,6,6,1,9,8,B03,120.699663,24.144684,2
2023,3,23,12,32,臺中市,梧棲區,0,0,0,,,,50,,,,,,,,,,,,,,,23,,,,,B03,,,1,,2,,,23,,1,4,,B03,120.526429,24.222457,3
2023,3,23,12,41,臺中市,南屯區,0,1,0,8,1,5,50,14,7,1,5,4,5,7,4,4,9,5,4,2,12,10,3,10,3,4,B02,7,11,1,8,2,4,,10,10,1,22,8,B02,120.611916,24.149197,2
2023,3,23,12,42,臺中市,南屯區,0,1,0,8,1,5,50,4,1,1,5,4,5,7,1,1,10,5,5,2,16,6,3,10,3,4,B03,7,6,1,8,2,2,,6,6,1,12,8,B03,120.63407,24.158252,2
2023,3,23,12,47,臺中市,豐原區,0,0,0,8,,,50,,,,,,,,,,,,,,,23,,,,,B03,,,1,,2,,,23,,1,22,,B03,120.751236,24.260506,3
2023,3,23,12,50,臺中市,南區,0,2,0,8,1,5,50,4,1,1,5,4,5,7,1,1,10,5,5,2,16,25,2,9,1,1,C03,7,5,1,10,2,14,,25,25,1,18,8,C03,120.679262,24.126371,2
2023,3,23,12,50,臺中市,北屯區,0,0,0,8,,,50,,,,,,,,,,,,,,,12,,,,,B03,,,1,,1,,,12,,1,5,,B03,120.711417,24.168067,3
2023,3,23,13,0,臺中市,沙鹿區,0,1,0,8,1,5,30,15,9,1,5,4,5,7,4,4,10,5,5,2,11,23,2,9,1,1,C03,7,9,1,10,2,14,,23,23,1,18,9,C03,120.588792,24.213782,2
2023,3,23,13,2,臺中市,大雅區,0,1,0,8,1,5,30,14,9,1,5,4,5,7,4,4,10,5,5,2,13,16,2,8,1,1,C03,7,9,1,10,2,11,,16,16,1,22,8,C03,120.622949,24.214086,2
2023,3,23,13,5,臺中市,霧峰區,0,0,0,8,,,30,,,,,,,,,,,,,,,6,,,,,C03,,,1,,2,,,23,6,1,22,,C03,120.688449,24.044315,3
2023,3,23,13,10,臺中市,北區,0,0,0,8,,,50,,,,,,,,,,,,,,,25,,,,,C03,,,1,,2,,,25,,1,22,,C03,120.670533,24.164997,3
2023,3,23,13,28,臺中市,北屯區,0,1,0,8,1,5,50,4,1,1,5,4,5,7,4,4,10,5,5,2,15,6,3,10,1,1,B03,7,9,1,8,2,1,,6,6,1,22,8,B03,120.725351,24.157835,2
2023,3,23,13,30,臺中市,潭子區,0,0,0,8,,,50,,,,,,,,,,,,,,,19,,,,,A04,,,1,,2,,,19,,1,10,,A04,120.705256,24.206651,3
2023,3,23,13,30,臺中市,沙鹿區,0,1,0,8,1,5,30,3,1,1,5,4,5,7,4,4,10,5,5,2,16,6,2,9,1,1,C03,7,5,1,10,2,14,,6,6,1,18,2,C03,120.576167,24.231713,2
2023,3,23,13,32,臺中市,西屯區,0,0,0,8,,,30,,,,,,,,,,,,,,,40,,,,,B03,,,1,,1,,,40,,1,12,,B03,120.638906,24.180068,3
2023,3,23,13,41,臺中市,中區,0,1,0,8,1,5,50,4,1,1,5,4,5,7,1,1,10,5,5,2,3,15,3,10,1,1,B12,7,6,1,8,2,1,,15,15,1,10,4,B12,120.680732,24.138669,2
2023,3,23,13,45,臺中市,潭子區,0,0,0,8,,,50,,,,,,,,,,,,,,,43,,,,,,,,,,,,,43,,1,,,,120.710752,24.207754,3
2023,3,23,13,47,臺中市,大里區,0,0,0,8,,,50,,,,,,,,,,,,,,,26,,,,,B12,,,1,,2,,,26,,1,22,,B12,120.705344,24.095606,3
2023,3,23,13,48,臺中市,太平區,0,0,0,8,,,30,,,,,,,,,,,,,,,12,,,,,B12,,,1,,2,,,12,,1,9,,B12,120.73204,24.153959,3
2023,3,23,13,52,臺中市,烏日區,0,0,0,8,,,30,,,,,,,,,,,,,,,6,,,,,B03,,,1,,2,,,6,,1,21,,B03,120.646362,24.076161,3
2023,3,23,13,55,臺中市,太平區,0,0,0,8,,,50,,,,,,,,,,,,,,,16,,,,,C01,,,1,,2,,,16,,1,22,,C01,120.7108,24.140706,3
2023,3,23,14,2,臺中市,烏日區,0,0,0,8,,,50,,,,,,,,,,,,,,,7,,,,,B12,,,1,,2,,,7,,1,21,,B12,120.644294,24.086924,3
2023,3,23,14,3,臺中市,霧峰區,0,0,0,8,,,50,,,,,,,,,,,,,,,42,,,,,B12,,,1,,2,,,42,,1,21,,B12,120.699766,24.072269,3
2023,3,23,14,9,臺中市,北區,0,2,0,8,1,5,50,14,7,1,5,4,5,7,4,4,5,5,4,2,16,26,2,8,1,1,C03,7,11,1,10,2,14,,26,26,1,21,8,C03,120.673101,24.170071,2
2023,3,23,14,9,臺中市,北屯區,0,2,0,8,1,5,50,14,9,1,5,4,5,7,4,4,5,5,5,2,3,51,2,9,1,1,C03,7,9,1,10,2,11,,44,51,1,22,8,C03,120.709688,24.175557,2
2023,3,23,14,10,臺中市,西區,0,1,0,8,1,5,50,4,1,1,5,4,5,7,1,1,10,5,5,2,17,6,2,9,3,4,B03,7,5,1,8,2,5,,6,6,1,22,5,B03,120.667305,24.140607,2
2023,3,23,14,10,臺中市,西屯區,0,1,0,8,1,5,70,14,9,1,5,4,5,7,1,1,1,4,3,2,13,23,3,10,1,1,B03,7,9,1,8,1,1,,23,23,1,22,8,B03,120.616501,24.182574,2
2023,3,23,14,11,臺中市,南區,0,0,0,8,,,50,,,,,,,,,,,,,,,23,,,,,B03,,,1,,2,,,23,,1,22,,B03,120.656073,24.114039,3
2023,3,23,14,15,臺中市,南屯區,0,1,0,8,1,5,50,4,1,1,5,4,5,7,4,4,10,5,5,2,15,6,2,9,1,1,C03,7,9,1,10,2,11,,6,6,1,5,8,C03,120.647775,24.1426,2
2023,3,23,14,15,臺中市,北屯區,0,0,0,8,,,50,,,,,,,,,,,,,,,7,,,,,B03,,,1,,2,,,7,,1,22,,B03,120.685347,24.174132,3
2023,3,23,14,17,臺中市,北屯區,0,2,0,8,1,5,50,14,7,1,5,4,5,7,4,4,9,5,4,2,16,19,2,9,1,1,C03,7,1,1,10,2,12,14,19,19,1,5,8,C03,120.681817,24.19315,2
2023,3,23,14,19,臺中市,南屯區,0,1,0,8,1,5,50,14,9,1,5,4,5,7,1,1,1,4,5,2,13,23,3,10,1,1,A11,7,9,1,1,2,5,,23,23,1,5,1,A11,120.646629,24.140096,2
2023,3,23,14,20,臺中市,西屯區,0,2,0,8,1,5,40,4,1,1,5,4,5,7,1,1,9,4,4,2,12,8,2,9,1,1,C03,7,5,1,10,2,14,,8,8,1,12,8,C03,120.644838,24.183745,2
2023,3,23,14,24,臺中市,西屯區,0,0,0,8,,,30,,,,,,,,,,,,,,,23,,,,,B03,,,1,,1,,,23,,1,22,,B03,120.643435,24.180236,3
2023,3,23,14,27,臺中市,北屯區,0,1,0,8,1,5,40,4,1,1,5,4,5,7,1,1,10,5,5,2,16,26,3,10,1,1,B01,7,6,1,4,2,2,,26,26,1,10,8,B01,120.725155,24.157808,2
2023,3,23,14,31,臺中市,北屯區,0,0,0,8,,,50,,,,,,,,,,,,,,,17,,,,,B03,,,1,,2,,,17,,1,22,,B03,120.682505,24.188026,3
2023,3,23,14,38,臺中市,西區,0,0,0,8,,,50,,,,,,,,,,,,,,,12,,,,,B12,,,1,,1,,,12,,1,22,,B12,120.651574,24.14671,3
2023,3,23,14,43,臺中市,潭子區,0,0,0,8,,,50,,,,,,,,,,,,,,,23,,,,,B03,,,1,,2,,,23,,1,22,,B03,120.70397,24.201538,3
2023,3,23,14,46,臺中市,南區,0,2,0,8,1,5,50,14,9,1,5,4,5,7,4,4,9,5,5,2,17,23,2,9,1,1,C03,7,9,6,10,2,14,,23,23,1,5,8,C03,120.655064,24.123653,2
2023,3,23,14,46,臺中市,南屯區,0,0,0,8,1,5,50,4,2,1,5,4,5,7,2,1,5,5,4,2,13,16,3,10,1,1,C03,7,9,1,10,2,11,,16,16,1,22,8,C03,120.640748,24.153709,3
2023,3,23,14,46,臺中市,豐原區,0,2,0,8,1,7,10,4,1,1,5,4,5,7,4,4,10,5,5,2,18,43,2,9,2,1,F02,7,9,8,20,2,16,,43,43,1,22,8,F02,120.743498,24.273425,2
2023,3,23,14,48,臺中市,北屯區,0,0,0,8,,,40,,,,,,,,,,,,,,,42,,,,,B03,,,1,,2,,,42,,1,5,,B03,120.720719,24.16755,3
2023,3,23,14,55,臺中市,北區,0,2,0,8,1,5,50,5,2,1,5,4,5,7,1,1,5,4,5,2,13,16,2,9,1,1,C03,7,9,1,10,2,14,,16,16,1,22,8,C03,120.676094,24.158388,2
2023,3,23,14,56,臺中市,西屯區,0,1,0,8,1,5,50,4,4,1,5,4,5,7,2,1,1,4,1,2,17,43,3,10,1,1,B03,7,9,1,8,2,15,,43,43,1,22,8,B03,120.657519,24.157908,2
2023,3,23,15,9,臺中市,西屯區,0,0,0,8,,,50,,,,,,,,,,,,,,,42,,,,,B03,,,1,,1,,,42,,1,22,,B03,120.661523,24.171082,3
2023,3,23,15,10,臺中市,北屯區,0,0,0,,,,50,,,,,,,,,,,,,,,12,,,,,B03,,,1,,2,,,12,,1,21,,B03,120.705975,24.193562,4
2023,3,23,15,14,臺中市,北屯區,0,0,0,8,,,50,,,,,,,,,,,,,,,42,,,,,B12,,,1,,2,,,42,,1,21,,B12,120.695304,24.164973,3
2023,3,23,15,15,臺中市,烏日區,0,0,0,,,,50,,,,,,,,,,,,,,,42,,,,,B03,,,1,,10,,,42,,1,22,,B03,120.597847,24.108405,3
2023,3,23,15,17,臺中市,龍井區,0,2,0,8,1,5,50,4,1,1,5,4,5,7,1,1,9,5,5,2,16,6,2,7,1,1,C03,7,5,1,10,2,14,,6,6,1,18,2,C03,120.593073,24.18256,2
2023,3,23,15,18,臺中市,豐原區,0,1,0,8,1,5,50,14,7,1,5,4,5,7,4,4,4,5,4,2,17,10,3,10,1,1,B03,7,11,1,8,2,8,,10,10,1,19,5,B03,120.713377,24.254938,2
2023,3,23,15,21,臺中市,沙鹿區,0,1,0,8,1,5,60,5,1,1,5,4,5,7,2,1,10,5,5,2,17,6,3,10,1,1,B12,7,6,1,8,2,6,,6,6,1,4,4,B12,120.569563,24.237414,2
2023,3,23,15,23,臺中市,烏日區,0,1,0,8,1,5,50,4,1,1,5,4,5,7,1,1,10,5,5,1,16,9,3,10,1,1,B12,7,6,1,8,2,2,,9,9,1,21,8,B12,120.644829,24.056369,2
2023,3,23,15,25,臺中市,南屯區,0,0,0,8,,,50,,,,,,,,,,,,,,,17,,,,,B03,,,1,,1,,,17,,1,22,,B03,120.639893,24.142591,3
2023,3,23,15,34,臺中市,北屯區,0,1,0,8,1,5,50,4,2,1,5,4,5,7,1,1,3,4,5,2,12,16,3,10,1,1,B12,7,9,1,9,2,1,,16,16,1,22,8,B12,120.694259,24.16491,2
2023,3,23,15,34,臺中市,石岡區,0,1,0,8,1,5,30,3,2,1,5,4,5,7,4,4,10,5,5,1,18,23,2,8,1,1,C03,7,9,1,10,9,15,,23,23,1,21,8,C03,120.783875,24.27606,2
2023,3,23,15,35,臺中市,清水區,0,1,0,8,1,5,50,14,9,1,5,4,5,7,4,4,5,5,5,1,16,19,3,10,1,1,B03,7,1,1,8,2,1,,19,19,1,22,8,B03,120.566022,24.279481,2
2023,3,23,15,38,臺中市,北屯區,0,0,0,8,,,50,,,,,,,,,,,,,,,23,,,,,B02,,,1,,1,,,23,23,1,22,,B02,120.72004,24.16423,3
2023,3,23,15,41,臺中市,南屯區,0,0,0,8,,,30,,,,,,,,,,,,,,,42,,,,,A12,,,1,,2,,,42,,1,5,,A12,120.641379,24.139498,3
2023,3,23,15,43,臺中市,北屯區,0,1,0,8,1,5,50,4,1,1,5,4,5,7,1,1,1,4,5,2,12,7,2,8,1,1,C03,7,10,1,10,2,11,,7,7,1,22,8,C03,120.69083,24.182327,2
2023,3,23,15,45,臺中市,潭子區,0,0,0,8,,,50,,,,,,,,,,,,,,,18,,,,,B12,,,1,,2,,,18,,1,22,,B12,120.694702,24.193481,3
2023,3,23,15,48,臺中市,南屯區,0,0,0,8,1,5,50,14,7,1,5,4,5,7,1,1,5,5,4,2,12,6,,,,,C03,,,1,,1,,,6,,1,5,,C03,120.612796,24.138378,3
2023,3,23,15,50,臺中市,豐原區,0,1,0,8,1,5,60,14,8,1,5,4,5,7,4,4,1,4,4,1,18,42,2,9,1,1,C03,7,9,1,10,2,15,,42,42,1,22,8,C03,120.737425,24.257596,2
2023,3,23,15,53,臺中市,北區,0,2,0,8,1,5,30,4,2,1,5,4,5,7,4,4,10,5,5,2,15,6,2,9,3,4,C03,7,9,1,10,2,11,,14,6,1,22,9,C03,120.683601,24.14677,2
2023,3,23,15,55,臺中市,西屯區,0,0,0,8,,,30,,,,,,,,,,,,,,,6,,,,,B03,,,1,,1,,,6,,1,1,,B03,120.651813,24.174703,3
2023,3,23,15,57,臺中市,南區,0,1,0,8,1,5,50,4,1,1,5,4,5,7,1,1,10,5,5,2,16,6,3,10,1,1,B03,7,5,1,8,2,1,,6,6,1,22,9,B03,120.67172,24.119205,2
2023,3,23,16,0,臺中市,潭子區,0,0,0,8,,,50,,,,,,,,,,,,,,,12,,,,,B03,,,1,,2,,,12,,1,22,,B03,120.700903,24.20032,3
2023,3,23,16,4,臺中市,南屯區,0,2,0,8,1,5,50,4,1,1,5,4,5,7,4,4,10,5,5,2,15,6,2,9,1,1,C03,7,9,1,10,2,11,,6,6,1,22,8,C03,120.653952,24.143828,2
2023,3,23,16,5,臺中市,新社區,0,0,0,8,,,40,,,,,,,,,,,,,,,6,,,,,B12,,,1,,2,,,6,,1,22,,B12,120.808565,24.233934,3
2023,3,23,16,6,臺中市,東區,0,2,0,8,1,5,30,4,1,1,5,4,5,7,4,4,10,5,5,2,15,6,2,9,1,1,C03,7,9,1,10,2,11,,6,6,1,5,8,C03,120.705935,24.13118,2
2023,3,23,16,9,臺中市,西屯區,0,1,0,8,1,5,50,4,2,1,5,4,5,7,3,1,5,5,4,2,16,23,3,10,1,1,B03,7,6,1,8,1,8,,23,23,1,22,8,B03,120.634816,24.165627,2
2023,3,23,16,10,臺中市,烏日區,0,0,0,8,1,5,30,4,1,1,5,4,5,7,4,4,10,5,5,2,16,6,,,,,B01,,,1,,2,,,6,6,1,22,,B01,120.640311,24.104464,3
2023,3,23,16,12,臺中市,豐原區,0,2,0,8,1,5,50,3,1,1,5,4,5,7,4,4,10,5,5,2,16,6,2,9,3,4,C03,7,5,1,10,2,15,,6,6,1,22,8,C03,120.712027,24.247008,2
2023,3,23,16,19,臺中市,北區,0,0,0,8,,,50,,,,,,,,,,,,,,,16,,,,,B03,,,1,,1,,,16,,1,22,,B03,120.66339,24.161368,3
2023,3,23,16,20,臺中市,北屯區,0,0,0,8,,,80,,,,,,,,,,,,,,,7,,,,,B12,,,1,,9,,,7,,1,9,,B12,120.721551,24.180426,3