年,月,日,時,分,縣市,區,死,受傷,2-30,天候,光線,道路類別,速限,道路型態,事故位置,路面鋪裝,路面狀態,路面缺陷,障礙物,視距,號誌種類,號誌動作,分向設施,快車道或一般車道間,快慢車道間,路面邊線,事故類型及型態,主要肇因,受傷程度,主要傷處,保護裝備,行動電話,當事者區分,車輛用途,當事者行動狀態,駕駛資格情形,駕駛執照種類,飲酒情形,車輛撞擊部位最初,車輛撞擊部位其他,肇事因素個別,肇事因素主要,肇事逃逸,職業,旅次目的,車種,GPS緯度,GPS經度,事故類別
2023,3,24,18,48,臺中市,西區,0,0,0,8,3,5,50,4,1,1,5,4,5,7,1,1,10,5,5,2,12,17,,,,,B03,,,1,,2,,,17,,1,19,,B03,120.653005,24.14776,3
2023,3,24,18,48,臺中市,南屯區,0,0,0,8,,,40,,,,,,,,,,,,,,,19,,,,,B03,,,1,,1,,,19,,1,22,,B03,120.63343,24.148223,3
2023,3,24,18,49,臺中市,北區,0,0,0,8,,,50,,,,,,,,,,,,,,,23,,,,,B03,,,1,,2,,,23,,1,21,,B03,120.687482,24.160039,3
2023,3,24,18,52,臺中市,南區,0,0,1,7,3,5,50,3,1,1,5,4,5,7,1,1,10,5,5,2,16,8,5,9,1,1,C03,7,5,1,10,2,13,,8,8,1,22,9,C03,120.675108,24.126951,2
2023,3,24,18,54,臺中市,南區,0,0,0,8,,,50,,,,,,,,,,,,,,,23,,,,,B03,,,1,,2,,,23,,1,5,,B03,120.680025,24.11901,3
2023,3,24,18,58,臺中市,北屯區,0,1,0,8,2,5,50,4,18,1,5,4,5,7,2,1,10,5,5,2,3,15,3,10,1,1,B03,7,5,1,8,2,1,,15,15,1,9,8,B03,120.6962,24.1831,2
2023,3,24,19,0,臺中市,梧棲區,0,0,0,8,,,50,,,,,,,,,,,,,,,16,,,,,B03,,,1,,1,,,16,,1,5,,B03,120.536607,24.252548,3
2023,3,24,19,3,臺中市,大雅區,0,0,0,8,,,30,,,,,,,,,,,,,,,12,,,,,B03,,,1,,1,,,12,,1,22,,B03,120.65296,24.21904,4
2023,3,24,19,5,臺中市,西區,0,1,0,8,3,5,50,4,1,1,5,4,5,7,2,1,10,5,5,2,16,26,2,9,1,1,C03,7,9,1,10,2,11,,44,26,1,20,8,C03,120.658977,24.155921,2
2023,3,24,19,6,臺中市,西屯區,0,1,0,8,3,5,70,3,1,1,5,4,5,7,4,4,10,5,5,2,16,9,3,10,1,1,B03,7,6,1,8,2,2,,9,9,1,22,8,B03,120.628509,24.17722,2
2023,3,24,19,17,臺中市,清水區,0,1,0,8,3,5,70,14,7,1,5,4,5,7,4,4,1,4,4,1,13,23,3,10,1,1,G02,7,9,1,8,2,3,,27,23,1,4,8,G02,120.604507,24.314514,2
2023,3,24,19,18,臺中市,北屯區,0,0,0,8,,,50,,,,,,,,,,,,,,,23,,,,,B03,,,1,,1,,,23,,1,21,,B03,120.686216,24.181487,3
2023,3,24,19,18,臺中市,北屯區,0,1,0,8,3,5,50,4,1,1,5,4,5,7,4,4,10,5,5,2,15,6,3,10,1,1,B03,7,9,1,8,2,8,,6,6,1,21,8,B03,120.68023,24.178221,2
2023,3,24,19,20,臺中市,西屯區,0,0,0,8,,,50,,,,,,,,,,,,,,,16,,,,,C03,,,1,,1,,,16,,1,4,,C03,120.66558,24.172707,3
2023,3,24,19,20,臺中市,大里區,0,0,0,8,,,50,,,,,,,,,,,,,,,16,,,,,B12,,,1,,2,,,16,,1,5,,B12,120.692023,24.100738,3
2023,3,24,19,25,臺中市,南屯區,0,0,0,8,,,50,,,,,,,,,,,,,,,9,,,,,B03,,,1,,1,,,9,9,1,22,,B03,120.640702,24.14426,3
2023,3,24,19,28,臺中市,大里區,0,0,0,8,,,50,,,,,,,,,,,,,,,42,,,,,B03,,,1,,2,,,42,,1,5,,B03,120.67608,24.115215,3
2023,3,24,19,29,臺中市,南屯區,0,2,0,8,3,5,50,14,9,1,5,4,5,7,1,1,5,2,5,2,13,23,2,9,1,1,C03,7,9,3,18,2,11,,23,23,1,5,8,C03,120.649893,24.143803,2
2023,3,24,19,35,臺中市,大雅區,0,2,0,8,4,5,30,4,1,1,5,4,5,7,4,4,5,5,5,1,16,6,3,10,1,1,B03,7,5,1,8,2,4,,6,6,1,22,9,B03,120.645437,24.228118,2
2023,3,24,19,35,臺中市,北屯區,0,0,0,8,,,30,,,,,,,,,,,,,,,23,,,,,B03,,,1,,2,,,23,,1,19,,B03,120.695601,24.166747,3
2023,3,24,19,35,臺中市,烏日區,0,1,0,8,4,5,30,3,1,1,5,4,5,7,4,4,10,5,5,1,18,23,2,9,1,1,C03,7,9,1,10,2,11,,23,23,1,21,9,C03,120.650909,24.042872,2
2023,3,24,19,35,臺中市,豐原區,0,2,0,8,3,5,30,4,1,1,5,4,5,7,4,4,10,5,5,1,15,6,2,9,1,1,C03,7,9,1,10,2,11,,6,6,1,22,8,C03,120.708578,24.239481,2
2023,3,24,19,38,臺中市,西屯區,0,0,0,8,,,50,,,,,,,,,,,,,,,43,,,,,B03,,,1,,2,,,43,,1,22,,B03,120.638127,24.164082,3
2023,3,24,19,39,臺中市,大里區,0,2,0,8,3,5,50,14,9,1,5,4,5,7,4,4,1,3,4,1,17,23,2,9,1,1,C03,7,9,1,10,2,12,,23,23,1,5,8,C03,120.680306,24.105506,2
2023,3,24,19,40,臺中市,南區,0,3,0,8,2,5,50,14,9,1,5,4,5,7,4,4,5,4,5,2,17,23,2,9,3,4,C03,7,9,2,18,2,11,,23,23,1,22,8,C03,120.683188,24.133736,2
2023,3,24,19,40,臺中市,北屯區,0,0,0,8,,,50,,,,,,,,,,,,,,,16,,,,,B03,,,1,,1,,,16,,1,22,,B03,120.686582,24.201323,3
2023,3,24,19,40,臺中市,清水區,0,0,0,8,1,5,70,14,7,5,5,4,5,7,4,4,1,4,4,1,12,23,3,10,1,1,B03,7,9,1,8,2,8,,23,23,1,5,5,B03,120.604033,24.313293,3
2023,3,24,19,46,臺中市,南區,0,2,0,8,1,5,50,3,1,1,5,4,5,7,4,4,9,4,5,2,16,8,3,10,1,1,B03,7,5,1,8,2,2,,8,8,1,5,1,B03,120.676056,24.131343,2
2023,3,24,19,50,臺中市,南屯區,0,3,0,8,3,5,50,4,1,1,5,4,5,7,2,1,10,5,5,2,13,16,2,9,1,1,C03,7,9,1,10,2,11,,16,16,1,22,8,C03,120.63675,24.135747,2
2023,3,24,19,51,臺中市,西區,0,0,0,8,3,5,50,14,9,1,5,4,5,7,1,1,4,5,5,2,13,23,,,,,B03,,,1,,1,,,23,,1,21,,B03,120.664064,24.150824,3
2023,3,24,19,55,臺中市,西區,0,3,0,8,3,5,50,4,2,1,5,4,5,7,1,1,10,5,5,2,13,23,2,9,1,1,C03,7,9,1,10,2,11,13,23,23,1,5,1,C03,120.677263,24.140206,2
2023,3,24,19,55,臺中市,南區,0,1,0,8,3,5,50,3,1,1,5,4,5,7,4,4,10,5,5,2,16,6,3,10,1,1,B03,7,6,1,8,2,6,,6,6,1,22,8,B03,120.655669,24.123836,2
2023,3,24,19,57,臺中市,中區,0,0,0,,,,50,,,,,,,,,,,,,,,17,,,,,C03,,,1,,2,,,17,,1,21,,C03,120.677811,24.146145,3
2023,3,24,19,58,臺中市,南屯區,0,0,0,8,,,50,,,,,,,,,,,,,,,23,,,,,B03,,,1,,1,,,23,,1,22,,B03,120.64696,24.146745,3
2023,3,24,19,59,臺中市,龍井區,0,1,0,8,3,5,50,3,1,1,5,4,5,7,4,4,4,5,5,2,16,23,2,9,1,1,C03,7,9,1,10,2,11,,23,23,1,18,5,C03,120.514851,24.198215,2
2023,3,24,20,3,臺中市,北屯區,0,0,0,8,,,50,,,,,,,,,,,,,,,23,,,,,B03,,,1,,1,,,23,,1,21,,B03,120.693538,24.192935,3
2023,3,24,20,5,臺中市,北區,0,0,0,8,3,5,50,4,9,1,5,4,5,7,1,1,5,4,5,2,13,23,3,10,1,1,B12,7,9,1,8,1,12,,23,23,1,5,5,B12,120.672138,24.166886,4
2023,3,24,20,5,臺中市,東區,0,0,0,8,,,50,,,,,,,,,,,,,,,43,,,,,B03,,,1,8,2,,,43,43,1,5,,B03,120.687031,24.135659,3
2023,3,24,20,5,臺中市,北屯區,0,2,0,8,3,5,50,4,1,1,5,4,5,7,1,1,10,5,5,2,15,25,2,9,1,1,C03,7,9,3,18,2,12,,25,25,1,9,8,C03,120.7077,24.1821,2
2023,3,24,20,11,臺中市,東區,0,0,0,,,,50,,,,,,,,,,,,,,,23,,,,,B03,,,1,,2,,,23,,1,22,,B03,120.710341,24.141336,3
2023,3,24,20,11,臺中市,西屯區,0,0,0,8,,,30,,,,,,,,,,,,,,,42,,,,,B03,,,1,,1,,,42,,1,22,,B03,120.642583,24.1761,3
2023,3,24,20,13,臺中市,西屯區,0,2,0,8,3,5,50,4,1,1,5,4,5,7,1,1,3,4,4,2,16,25,2,9,1,1,C03,7,9,1,10,2,11,,25,25,1,22,8,C03,120.639398,24.165734,2
2023,3,24,20,15,臺中市,西屯區,0,0,0,8,,,30,,,,,,,,,,,,,,,23,,,,,B12,,,1,,2,,,23,,1,4,,B12,120.628236,24.181251,3
2023,3,24,20,19,臺中市,北區,0,0,0,8,,,50,,,,,,,,,,,,,,,23,,,,,C03,,,1,,1,,,38,23,1,22,,C03,120.684173,24.150111,3
2023,3,24,20,19,臺中市,南屯區,0,1,0,8,3,5,50,4,2,1,5,4,5,7,2,1,5,4,5,2,13,23,2,8,3,4,C03,7,9,1,9,2,11,,23,23,1,22,9,C03,120.63675,24.135747,2
2023,3,24,20,22,臺中市,大里區,0,1,0,8,3,5,50,15,6,1,5,4,5,7,3,1,1,3,4,1,16,26,2,9,1,1,C03,7,9,1,10,2,11,,26,26,1,5,8,C03,120.69951,24.114103,2
2023,3,24,20,24,臺中市,清水區,0,1,0,8,1,5,40,3,8,1,5,4,5,7,4,4,1,4,4,1,16,6,3,10,1,1,B03,7,6,1,8,2,5,,6,6,1,21,8,B03,120.561319,24.261768,2
2023,3,24,20,30,臺中市,西屯區,0,1,0,8,3,5,30,4,1,1,5,4,5,7,4,4,10,5,5,2,15,6,2,9,1,1,C03,7,9,1,10,1,11,,6,6,1,4,8,C03,120.612166,24.18525,2
2023,3,24,20,31,臺中市,豐原區,0,0,0,8,,,50,,,,,,,,,,,,,,,16,,,,,B03,,,1,,2,,,16,,1,22,,B03,120.729795,24.243646,3
2023,3,24,20,35,臺中市,北區,0,1,0,8,3,5,50,4,2,1,5,4,5,7,2,1,3,2,3,1,17,42,3,10,3,4,C03,7,15,1,10,2,14,,42,42,1,22,9,C03,120.671268,24.173885,2
2023,3,24,20,40,臺中市,南區,0,0,0,8,,,50,,,,,,,,,,,,,,,23,,,,,B12,,,1,,2,,,23,23,1,5,,B12,120.673699,24.126261,3
2023,3,24,20,41,臺中市,烏日區,0,0,0,8,,,30,,,,,,,,,,,,,,,23,,,,,B03,,,1,,2,,,23,23,1,21,,B03,120.654825,24.091538,3
2023,3,24,20,58,臺中市,烏日區,0,0,0,8,,,50,,,,,,,,,,,,,,,23,,,,,B03,,,1,,2,,,23,,1,21,,B03,120.614764,24.108573,3
2023,3,24,21,3,臺中市,潭子區,0,1,0,8,3,5,50,14,9,1,5,4,5,7,4,4,5,5,5,1,13,16,3,10,1,1,B03,7,9,1,8,2,6,,16,16,1,22,8,B03,120.699669,24.223224,2
2023,3,24,21,6,臺中市,大里區,0,1,0,8,3,5,50,4,1,1,5,4,5,7,1,1,10,5,5,1,17,23,2,9,1,1,C03,7,9,1,10,2,12,,23,23,1,5,8,C03,120.685946,24.110383,2
2023,3,24,21,7,臺中市,神岡區,0,1,0,8,3,5,60,5,1,1,5,4,5,7,1,1,1,4,4,1,16,25,3,10,1,1,B03,7,5,1,8,2,5,,25,25,1,22,8,B03,120.694495,24.232594,2
2023,3,24,21,16,臺中市,西屯區,0,1,0,8,3,7,30,14,22,1,5,4,5,7,4,4,10,5,5,2,18,43,2,9,2,1,F01,7,9,8,20,1,16,,43,43,1,22,8,F01,120.653541,24.184992,2
2023,3,24,21,19,臺中市,南區,0,0,0,,,,50,,,,,,,,,,,,,,,15,,,,,B03,,,1,,2,,,15,,1,22,,B03,120.668925,24.114486,3
2023,3,24,21,29,臺中市,北區,0,0,0,8,,,50,,,,,,,,,,,,,,,23,,,,,B12,,,1,,2,,,23,23,1,5,,B12,120.691892,24.15993,3
2023,3,24,21,29,臺中市,大里區,0,1,0,8,3,5,50,3,1,1,5,4,5,7,4,4,10,5,5,2,16,8,2,9,1,1,C03,7,5,1,10,2,12,,8,8,1,5,8,C03,120.695806,24.119741,2
2023,3,24,21,30,臺中市,西屯區,0,0,0,8,,,30,,,,,,,,,,,,,,,43,,,,,,,,,,,,,43,,1,,,,120.639651,24.180445,3
2023,3,24,21,33,臺中市,西屯區,0,0,0,8,,,50,,,,,,,,,,,,,,,67,,,,,,,,,,,,,67,,1,,,,120.664548,24.177836,3
2023,3,24,21,35,臺中市,北屯區,0,1,0,8,3,5,50,4,1,1,5,4,5,7,1,1,10,5,5,2,16,6,3,10,1,1,B03,7,5,1,8,2,8,,6,6,1,21,8,B03,120.703116,24.169654,2
2023,3,24,21,36,臺中市,外埔區,0,2,0,8,3,5,50,3,1,1,5,4,5,7,4,4,4,5,4,1,17,19,2,8,1,1,F03,7,1,8,20,2,16,,19,19,1,21,8,F03,120.63446,24.344244,2
2023,3,24,21,44,臺中市,西屯區,0,0,0,8,,,50,,,,,,,,,,,,,,,26,,,,,B03,,,4,,1,,,26,,1,22,,B03,120.615538,24.189183,3
2023,3,24,21,52,臺中市,西屯區,1,8,0,8,1,5,50,14,9,1,5,4,5,7,4,4,1,4,5,1,29,23,2,9,1,4,B03,7,9,1,8,2,1,,23,23,1,4,8,B03,120.605578,24.193076,1
2023,3,24,21,55,臺中市,西屯區,0,1,0,8,3,5,50,4,1,1,5,4,5,7,1,1,10,5,5,2,16,26,3,10,1,1,B03,7,6,1,8,2,2,,26,26,1,4,8,B03,120.628925,24.205838,2
2023,3,24,21,57,臺中市,西區,0,4,0,8,3,5,50,4,1,1,5,4,5,7,1,1,10,5,5,2,16,6,2,9,1,1,B12,7,5,1,8,2,5,,6,6,1,21,8,B12,120.667101,24.132158,2
2023,3,24,21,57,臺中市,西屯區,0,1,0,8,3,5,50,3,1,1,5,4,5,7,4,4,10,5,5,2,12,6,3,10,1,1,B02,7,6,3,18,2,2,,6,6,1,22,8,B02,120.630553,24.180202,2
2023,3,24,22,6,臺中市,東區,0,2,0,8,3,5,50,4,1,1,5,4,5,7,2,1,5,5,5,2,13,16,2,9,1,1,C03,7,9,1,10,2,11,,16,23,1,18,8,C03,120.698066,24.147903,2
2023,3,24,22,14,臺中市,太平區,0,0,0,8,,,50,,,,,,,,,,,,,,,67,,,,,,,,,,,,,67,,1,,,,120.720225,24.150527,3
2023,3,24,22,15,臺中市,南區,0,0,0,8,,,50,,,,,,,,,,,,,,,19,,,,,C03,,,1,,2,,,19,,1,4,,C03,120.659408,24.113966,3
2023,3,24,22,31,臺中市,豐原區,0,2,0,8,3,5,50,4,4,1,5,4,5,7,1,1,1,2,5,2,13,23,2,9,3,4,C03,7,9,1,10,2,11,,23,23,1,22,8,C03,120.728194,24.275188,2
2023,3,24,22,34,臺中市,北區,0,2,0,8,3,5,50,3,1,1,5,4,5,7,4,4,5,5,5,2,16,6,2,8,1,1,C03,7,5,1,10,2,14,,6,6,1,21,8,C03,120.692989,24.154398,2
2023,3,24,22,50,臺中市,西屯區,0,0,0,8,,,50,,,,,,,,,,,,,,,6,,,,,C03,,,1,,2,,,6,,1,22,,C03,120.611613,24.186461,3
2023,3,24,22,51,臺中市,東區,0,1,0,8,3,5,50,14,9,1,5,4,5,7,4,4,5,4,5,2,16,26,3,10,3,4,B03,7,11,1,8,2,7,,26,26,1,5,8,B03,120.700488,24.132211,2
2023,3,24,22,52,臺中市,南區,0,2,0,8,3,5,50,14,8,1,5,4,5,7,4,4,9,4,4,2,10,4,2,9,1,1,F01,7,9,8,20,7,16,,4,4,1,5,1,F01,120.656638,24.13003,2
2023,3,24,23,35,臺中市,西屯區,0,2,0,8,3,5,50,11,9,1,5,4,5,7,4,4,1,4,5,2,12,7,3,10,1,1,C03,7,8,1,10,2,13,,7,7,1,22,9,C03,120.64656,24.15839,2
2023,3,24,23,40,臺中市,沙鹿區,0,0,0,8,,,50,,,,,,,,,,,,,,,10,,,,,B03,,,1,,2,,,10,,1,4,,B03,120.562788,24.253488,3
2023,3,24,23,43,臺中市,大雅區,0,2,0,8,3,5,50,4,1,1,5,4,5,7,2,1,10,4,5,1,16,25,2,9,1,1,C03,7,5,1,10,2,11,,25,25,1,22,9,C03,120.649964,24.221653,2
2023,3,24,23,55,臺中市,南屯區,0,3,0,8,3,5,50,4,1,1,5,4,5,7,1,1,10,5,5,2,13,23,2,9,1,1,C03,7,9,1,10,2,11,,23,23,1,5,8,C03,120.61653,24.153576,2
2023,3,25,0,6,臺中市,西屯區,0,2,0,8,3,5,50,4,1,1,5,4,5,7,1,1,10,5,5,2,16,6,2,7,3,4,C03,7,5,1,10,2,12,,6,6,1,22,8,C03,120.648294,24.167899,2
2023,3,25,0,28,臺中市,西屯區,0,1,0,8,1,5,50,14,8,1,5,4,5,7,4,4,1,3,4,2,16,9,3,10,1,1,B03,7,6,1,8,2,2,,9,9,1,22,9,B03,120.638127,24.164082,2
2023,3,25,0,40,臺中市,神岡區,0,1,0,8,4,5,30,14,9,1,5,4,5,7,4,4,10,5,5,1,27,23,2,9,1,1,C03,7,9,1,10,2,11,,23,23,1,22,8,C03,120.683117,24.280704,2
2023,3,25,0,55,臺中市,西屯區,0,1,0,8,3,5,40,4,8,1,5,4,5,7,1,1,5,5,4,2,16,23,2,8,3,4,C03,7,9,1,10,2,15,,23,23,1,22,8,C03,120.633651,24.162074,2
2023,3,25,1,9,臺中市,大甲區,0,1,0,8,3,5,70,14,8,1,5,4,5,7,4,4,1,4,4,1,13,23,2,9,1,1,C03,7,9,1,10,4,11,,23,23,1,22,9,C03,120.63539,24.361738,2
2023,3,25,1,26,臺中市,大肚區,0,0,0,8,,,60,,,,,,,,,,,,,,,7,,,,,B03,,,1,,2,,,7,,1,22,,B03,120.583591,24.168,3
2023,3,25,2,9,臺中市,豐原區,0,0,0,8,,,50,,,,,,,,,,,,,,,14,,,,,B03,,,1,,2,,,14,,1,22,,B03,120.69895,24.246623,3
2023,3,25,5,8,臺中市,龍井區,0,0,0,8,,,50,,,,,,,,,,,,,,,26,,,,,A41,,,1,,2,,,26,,1,10,,A41,120.596348,24.188672,3
2023,3,25,6,0,臺中市,清水區,0,2,0,8,1,5,30,4,1,1,5,4,5,7,4,4,10,5,5,2,15,6,2,9,1,1,C03,7,9,1,10,2,12,,6,6,1,21,8,C03,120.557088,24.275625,2
2023,3,25,6,32,臺中市,大里區,0,3,0,8,2,5,50,4,1,1,5,4,5,7,1,1,10,5,5,2,21,25,2,9,3,4,H02,7,17,8,20,7,16,,60,25,1,22,5,H02,120.676311,24.113516,2
2023,3,25,6,35,臺中市,烏日區,0,0,0,8,,,30,,,,,,,,,,,,,,,23,,,,,A12,,,1,,9,,,23,,1,21,,A12,120.63868,24.106849,4
2023,3,25,6,38,臺中市,西屯區,0,1,0,8,1,5,50,11,9,1,5,4,5,7,4,4,5,3,5,2,18,23,2,9,1,1,C03,7,6,1,10,2,12,,23,23,1,22,9,C03,120.652239,24.198563,2
2023,3,25,6,52,臺中市,北屯區,0,0,0,8,,,50,,,,,,,,,,,,,,,16,,,,,C03,,,1,,2,,,16,,1,21,,C03,120.671098,24.174164,3
2023,3,25,7,2,臺中市,龍井區,0,0,0,8,,,50,,,,,,,,,,,,,,,44,,,,,B03,,,1,,2,,,44,44,1,4,,B03,120.546798,24.19304,3
2023,3,25,7,3,臺中市,東區,0,1,0,8,1,5,30,4,1,1,5,4,5,7,4,4,9,5,5,2,15,6,2,5,1,1,C03,7,9,1,10,2,11,,6,6,1,21,8,C03,120.685373,24.1347,2
2023,3,25,7,3,臺中市,烏日區,0,0,0,8,1,5,50,14,9,1,5,4,5,7,4,4,5,4,5,1,14,17,3,10,3,4,A11,7,11,1,3,2,6,,17,17,1,21,4,A11,120.63489,24.097805,3
2023,3,25,7,15,臺中市,潭子區,0,0,0,8,,,30,,,,,,,,,,,,,,,23,,,,,B03,,,1,,9,,,23,,1,22,,B03,120.705306,24.191623,3
2023,3,25,7,15,臺中市,大雅區,0,2,0,8,1,5,50,14,8,1,5,4,5,7,4,4,5,5,5,1,16,6,2,9,1,1,C03,7,11,3,18,2,12,,6,6,1,22,9,C03,120.641234,24.219424,2
2023,3,25,7,17,臺中市,東區,0,2,0,8,1,5,40,4,2,1,5,4,5,7,1,1,5,4,4,2,12,23,2,9,2,1,F01,7,9,8,20,2,16,,23,23,1,16,8,F01,120.704472,24.14274,2
2023,3,25,7,18,臺中市,潭子區,0,3,0,8,1,5,50,3,1,1,5,4,5,7,4,4,5,4,4,2,17,6,2,8,1,1,C03,7,11,1,10,2,14,,6,6,1,22,8,C03,120.706922,24.208066,2
2023,3,25,7,30,臺中市,西區,0,0,0,8,1,5,50,4,2,1,5,4,5,7,1,1,5,5,5,2,12,42,,,,,C03,,,1,,1,,,42,,1,22,,C03,120.676936,24.135079,3
2023,3,25,7,35,臺中市,西屯區,0,1,0,8,1,5,30,14,9,1,5,4,5,7,4,4,10,5,5,2,16,5,2,9,1,1,C03,7,9,1,10,2,11,,5,5,1,22,8,C03,120.615783,24.170485,2
2023,3,25,7,35,臺中市,大甲區,0,0,0,8,,,50,,,,,,,,,,,,,,,23,,,,,B03,,,1,,1,,,23,,1,22,,B03,120.625048,24.347924,4
2023,3,25,7,37,臺中市,西屯區,0,0,0,8,,,50,,,,,,,,,,,,,,,12,,,,,B03,,,1,,2,,,12,,1,22,,B03,120.621956,24.191083,3
2023,3,25,7,37,臺中市,霧峰區,0,0,0,8,,,40,,,,,,,,,,,,,,,23,,,,,B12,,,1,,2,,,23,,1,22,,B12,120.662927,24.072122,3
2023,3,25,7,38,臺中市,南屯區,0,0,0,8,,,50,,,,,,,,,,,,,,,23,,,,,B03,,,1,,1,,,23,,1,22,,B03,120.628569,24.137001,3
2023,3,25,7,40,臺中市,大里區,0,0,0,8,,,50,,,,,,,,,,,,,,,23,,,,,C03,,,1,,2,,,23,,1,5,,C03,120.677208,24.0991,3
2023,3,25,7,40,臺中市,烏日區,0,0,0,8,,,70,,,,,,,,,,,,,,,16,,,,,B03,,,1,,2,,,16,,1,20,,B03,120.600369,24.110679,3
2023,3,25,7,42,臺中市,大里區,0,1,0,8,1,5,50,3,1,1,5,4,5,7,4,4,10,5,5,2,16,19,3,10,1,1,B03,7,1,1,8,2,8,,19,19,1,22,8,B03,120.703416,24.097438,2
2023,3,25,7,42,臺中市,太平區,0,0,0,8,,,50,,,,,,,,,,,,,,,16,,,,,B03,,,1,,1,,,16,,1,9,,B03,120.70063,24.149118,3
2023,3,25,7,45,臺中市,北屯區,0,1,0,8,1,5,50,4,2,1,5,4,5,7,1,1,10,5,4,2,16,25,3,10,1,1,C03,7,5,1,10,2,14,,25,25,1,22,8,C03,120.683832,24.17828,2
2023,3,25,7,45,臺中市,大里區,0,0,0,8,,,50,,,,,,,,,,,,,,,42,,,,,B03,,,1,,2,,,42,,1,4,,B03,120.696888,24.111758,3
2023,3,25,7,46,臺中市,外埔區,0,2,0,8,1,5,50,4,1,1,5,4,5,7,1,1,10,5,5,2,16,6,3,10,1,1,C03,7,6,1,10,2,12,,6,6,1,21,1,C03,120.6679,24.31983,2
2023,3,25,7,47,臺中市,梧棲區,0,0,0,8,,,,,,,,,,,,,,,,,,43,,,,,,,,,,,,,43,,1,,,,120.557457,24.242351,3
2023,3,25,7,50,臺中市,東區,0,1,0,8,1,5,50,3,1,1,5,4,5,7,4,4,1,4,5,2,13,16,3,10,1,1,C03,7,9,1,10,2,11,,16,16,1,5,8,C03,120.68634,24.130089,2
2023,3,25,7,50,臺中市,西屯區,0,1,0,8,1,5,50,3,1,1,5,4,5,7,2,1,10,5,5,2,11,43,3,10,1,1,B03,7,5,1,8,2,8,,43,43,1,22,8,B03,120.615872,24.190174,2
2023,3,25,7,50,臺中市,豐原區,0,2,0,8,1,5,60,14,9,1,5,4,5,7,4,4,1,4,5,1,17,17,2,9,1,1,C03,7,9,1,10,2,13,,17,17,1,21,8,C03,120.703794,24.23813,2
2023,3,25,7,52,臺中市,太平區,0,2,0,8,1,5,50,3,1,1,5,4,5,7,4,4,10,5,5,2,15,19,2,9,1,1,C03,7,1,1,10,2,12,,19,19,1,21,8,C03,120.732085,24.150416,2
2023,3,25,7,52,臺中市,豐原區,0,0,0,8,,,50,,,,,,,,,,,,,,,16,,,,,B03,,,1,,2,,,16,,1,21,,B03,120.716917,24.248215,3
2023,3,25,7,53,臺中市,大雅區,0,1,0,8,1,5,50,4,2,1,5,4,5,7,1,1,5,4,4,1,12,6,3,10,1,1,B03,7,6,1,8,2,6,,6,6,1,21,8,B03,120.644329,24.209355,2
2023,3,25,7,54,臺中市,烏日區,0,1,0,8,1,5,30,3,1,1,5,4,5,7,4,4,10,5,5,2,16,8,2,8,1,1,C03,7,5,1,10,2,14,,8,8,1,21,9,C03,120.617104,24.105184,2
2023,3,25,7,59,臺中市,南屯區,0,1,0,8,1,5,50,14,9,1,5,4,5,7,4,4,1,4,5,2,13,23,3,10,1,1,B03,7,15,1,8,2,5,,23,23,1,5,8,B03,120.650491,24.141035,2
2023,3,25,8,0,臺中市,霧峰區,0,0,0,8,,,40,,,,,,,,,,,,,,,17,,,,,A41,,,1,,2,,,17,17,1,22,,A41,120.660927,24.072025,3
2023,3,25,8,0,臺中市,后里區,0,2,0,8,1,5,50,3,2,1,5,4,5,7,4,4,4,4,5,2,16,14,2,9,1,1,C03,7,9,1,10,2,11,,14,14,1,4,8,C03,120.734205,24.312589,2
2023,3,25,8,4,臺中市,北屯區,0,0,0,8,,,30,,,,,,,,,,,,,,,17,,,,,B03,,,1,,2,,,17,,1,21,,B03,120.661322,24.195795,3
2023,3,25,8,6,臺中市,南區,0,1,0,8,1,5,50,14,7,1,5,4,5,7,4,4,5,5,4,2,13,16,2,9,1,1,C03,7,9,1,10,2,11,,16,16,1,21,8,C03,120.649891,24.111943,2
2023,3,25,8,6,臺中市,東區,0,1,0,8,1,5,50,4,1,1,5,4,5,7,2,1,10,5,5,2,15,25,3,10,1,1,B03,7,9,1,8,2,5,,25,25,1,21,8,B03,120.692958,24.134723,2
2023,3,25,8,7,臺中市,西屯區,0,0,0,8,,,50,,,,,,,,,,,,,,,23,,,,,B11,,,1,,1,,,23,,1,22,,B11,120.653919,24.168074,3
2023,3,25,8,10,臺中市,神岡區,0,0,0,8,,,50,,,,,,,,,,,,,,,7,,,,,B12,,,1,,1,,,7,,1,12,,B12,120.695515,24.236436,3
2023,3,25,8,12,臺中市,北區,0,1,0,8,1,5,50,3,1,1,5,4,5,7,1,1,10,5,5,2,16,6,3,10,1,1,B03,7,6,1,8,2,6,,6,6,1,22,8,B03,120.672332,24.144531,2
2023,3,25,8,12,臺中市,南屯區,0,0,0,8,,,50,,,,,,,,,,,,,,,23,,,,,B03,,,1,8,1,,,23,23,1,23,,B03,120.634204,24.143912,3
2023,3,25,8,13,臺中市,南屯區,0,0,0,8,,,50,,,,,,,,,,,,,,,23,,,,,B03,,,1,8,1,,,23,23,1,23,,B03,120.643854,24.154647,3