年,月,日,時,分,縣市,區,死,受傷,2-30,天候,光線,道路類別,速限,道路型態,事故位置,路面鋪裝,路面狀態,路面缺陷,障礙物,視距,號誌種類,號誌動作,分向設施,快車道或一般車道間,快慢車道間,路面邊線,事故類型及型態,主要肇因,受傷程度,主要傷處,保護裝備,行動電話,當事者區分,車輛用途,當事者行動狀態,駕駛資格情形,駕駛執照種類,飲酒情形,車輛撞擊部位最初,車輛撞擊部位其他,肇事因素個別,肇事因素主要,肇事逃逸,職業,旅次目的,車種,GPS緯度,GPS經度,事故類別
2023,3,25,8,13,臺中市,豐原區,0,1,0,8,1,8,50,11,9,1,5,4,5,7,4,4,5,5,5,2,11,17,3,10,1,1,B03,7,9,1,8,2,4,7,17,17,1,21,1,B03,120.716578,24.245515,2
2023,3,25,8,14,臺中市,太平區,0,1,0,8,1,5,30,3,1,1,5,4,5,7,4,4,10,5,5,2,16,6,3,10,3,4,B12,7,6,1,8,2,4,,6,6,1,9,8,B12,120.716386,24.11869,2
2023,3,25,8,16,臺中市,豐原區,0,0,0,8,,,30,,,,,,,,,,,,,,,25,,,,,C03,,,1,,2,,,25,,1,22,,C03,120.714211,24.236777,3
2023,3,25,8,17,臺中市,南屯區,0,0,0,8,,,50,,,,,,,,,,,,,,,42,,,,,B12,,,1,,1,,,42,,1,22,,B12,120.604958,24.158974,3
2023,3,25,8,21,臺中市,南屯區,0,2,0,8,1,5,40,14,8,1,5,4,5,7,4,4,5,5,4,2,16,26,2,7,1,1,C03,7,11,1,10,2,14,12,26,26,1,5,8,C03,120.613828,24.14323,2
2023,3,25,8,21,臺中市,太平區,0,1,0,8,1,5,50,5,1,1,5,4,5,7,2,1,10,5,5,2,16,6,2,9,1,1,C03,7,5,1,10,2,12,,6,6,1,21,8,C03,120.714696,24.110388,2
2023,3,25,8,21,臺中市,神岡區,0,1,0,8,1,5,50,4,1,1,5,4,5,7,1,1,10,5,5,2,11,13,3,10,3,4,B12,7,9,1,8,2,8,,13,13,1,22,9,B12,120.673964,24.261213,2
2023,3,25,8,22,臺中市,沙鹿區,0,1,0,8,1,5,60,5,2,1,5,4,5,7,1,1,3,3,3,1,17,6,3,10,3,4,B03,7,6,1,8,2,2,,6,6,1,22,8,B03,120.580483,24.219547,2
2023,3,25,8,23,臺中市,北屯區,0,1,0,8,1,5,50,14,9,1,5,4,5,7,4,4,5,5,5,2,17,40,3,10,1,1,B03,7,14,3,18,11,4,,40,40,1,22,8,B03,120.672419,24.180589,2
2023,3,25,8,23,臺中市,太平區,0,1,0,8,1,5,50,3,1,1,5,4,5,7,1,1,10,5,5,2,18,25,2,9,3,4,C03,7,9,1,10,2,12,,25,25,1,9,8,C03,120.710682,24.150275,2
2023,3,25,8,25,臺中市,北屯區,0,1,0,8,1,5,50,4,2,1,5,4,5,7,2,1,10,5,5,2,18,23,2,9,1,1,C03,7,6,1,10,2,12,,23,23,1,4,8,C03,120.696122,24.167847,2
2023,3,25,8,35,臺中市,北區,0,0,0,8,,,50,,,,,,,,,,,,,,,23,,,,,B03,,,1,,2,,,38,23,1,22,,B03,120.682344,24.165307,3
2023,3,25,8,42,臺中市,南屯區,0,0,0,8,,,50,,,,,,,,,,,,,,,19,,,,,B12,,,1,,1,,,19,,1,22,,B12,120.65455,24.13496,3
2023,3,25,8,45,臺中市,沙鹿區,0,0,0,8,,,30,,,,,,,,,,,,,,,18,,,,,B03,,,1,,2,,,18,18,1,22,,B03,120.572432,24.236624,3
2023,3,25,8,55,臺中市,太平區,0,0,0,8,,,50,,,,,,,,,,,,,,,7,,,,,B03,,,1,,2,,,7,,1,21,,B03,120.717713,24.15847,3
2023,3,25,8,55,臺中市,太平區,0,2,0,8,1,5,50,14,9,1,5,4,5,7,4,4,5,4,5,1,13,16,2,8,1,1,C03,7,9,1,10,2,11,,16,16,1,21,8,C03,120.729827,24.134817,2
2023,3,25,8,56,臺中市,南屯區,0,2,0,8,1,5,50,14,9,1,5,4,5,7,4,4,9,5,5,2,16,11,2,9,1,4,C03,7,11,1,10,2,12,,11,11,1,22,8,C03,120.634392,24.141955,2
2023,3,25,9,0,臺中市,大肚區,0,0,0,8,,,30,,,,,,,,,,,,,,,42,,,,,,,,,,,,,42,,1,,,,120.580333,24.170455,3
2023,3,25,9,3,臺中市,東區,0,0,0,8,,,50,,,,,,,,,,,,,,,7,,,,,B03,,,1,,2,,,7,,1,22,,B03,120.697488,24.148008,3
2023,3,25,9,4,臺中市,西屯區,0,0,0,8,,,30,,,,,,,,,,,,,,,17,,,,,B03,,,1,,2,,,17,,1,22,,B03,120.638346,24.178025,3
2023,3,25,9,5,臺中市,西屯區,0,2,0,8,1,5,50,3,1,1,5,4,5,7,1,1,10,2,5,2,16,7,2,9,3,4,C03,7,8,1,10,2,12,,7,7,1,22,8,C03,120.631724,24.161846,2
2023,3,25,9,6,臺中市,北屯區,0,0,0,8,,,50,,,,,,,,,,,,,,,19,,,,,C03,,,1,,9,,,19,19,1,22,,C03,120.721629,24.176112,3
2023,3,25,9,10,臺中市,清水區,0,0,0,8,,,50,,,,,,,,,,,,,,,26,,,,,B03,,,1,,2,,,26,,1,22,,B03,120.544273,24.262532,3
2023,3,25,9,13,臺中市,太平區,0,2,0,8,1,5,40,14,8,1,5,4,5,7,4,4,5,5,4,2,17,30,2,9,3,4,C03,7,9,1,10,2,11,,23,30,1,19,8,C03,120.714102,24.149706,2
2023,3,25,9,15,臺中市,西屯區,0,1,0,8,1,5,30,4,1,1,5,4,5,7,4,4,10,5,5,2,17,10,3,10,1,1,B02,7,11,1,8,2,8,,10,10,1,22,8,B02,120.620228,24.178705,2
2023,3,25,9,15,臺中市,西屯區,0,0,0,8,,,50,,,,,,,,,,,,,,,42,,,,,B03,,,1,,1,,,42,,1,22,,B03,120.648766,24.168717,3
2023,3,25,9,17,臺中市,西區,0,2,0,8,1,5,50,14,7,1,5,4,5,7,4,4,1,4,4,2,13,23,3,10,1,1,B03,7,9,1,8,3,1,,23,23,1,22,9,B03,120.657285,24.146943,2
2023,3,25,9,30,臺中市,烏日區,0,1,0,8,1,5,60,3,8,1,5,4,5,7,4,4,1,4,4,1,16,6,3,10,1,1,B03,7,6,1,8,2,2,,6,6,1,21,8,B03,120.622669,24.104818,2
2023,3,25,9,30,臺中市,龍井區,0,0,0,,,,50,,,,,,,,,,,,,,,26,,,,,C03,,,1,,2,,,26,,1,22,,C03,120.582282,24.177646,3
2023,3,25,9,34,臺中市,西區,0,1,0,8,1,5,40,3,1,1,5,4,5,7,4,4,10,5,5,2,17,6,3,10,3,4,B03,7,6,1,8,2,2,,6,6,1,22,5,B03,120.670489,24.151591,2
2023,3,25,9,35,臺中市,北區,0,2,0,8,1,5,50,4,1,1,5,4,5,7,1,1,10,5,5,2,18,23,2,9,1,1,C03,7,6,1,10,2,12,,23,23,1,22,8,C03,120.677304,24.16546,2
2023,3,25,9,37,臺中市,北區,0,0,0,8,,,50,,,,,,,,,,,,,,,12,,,,,B03,,,1,,2,,,12,,1,22,,B03,120.669369,24.162971,3
2023,3,25,9,37,臺中市,南屯區,0,1,0,8,1,5,50,4,1,1,5,4,5,7,1,1,10,5,5,2,16,6,3,10,1,1,B03,7,6,1,8,2,5,,6,6,1,5,8,B03,120.631663,24.125263,2
2023,3,25,9,39,臺中市,北屯區,0,0,0,8,,,50,,,,,,,,,,,,,,,6,,,,,B03,,,1,,2,,,6,,1,22,,B03,120.673617,24.199398,3
2023,3,25,9,39,臺中市,龍井區,0,0,0,,,,60,,,,,,,,,,,,,,,23,,,,,B03,,,1,,2,,,23,,1,22,,B03,120.580525,24.188787,3
2023,3,25,9,40,臺中市,北屯區,0,1,0,8,1,5,50,4,18,1,5,4,5,7,2,1,10,5,5,2,2,15,3,10,1,1,B03,7,5,1,8,2,1,,15,15,1,22,8,B03,120.685586,24.171088,2
2023,3,25,9,41,臺中市,太平區,0,1,0,8,1,5,50,3,2,1,5,4,5,7,4,4,5,4,4,1,16,19,2,9,1,1,C03,7,1,1,10,2,11,,19,19,1,22,5,C03,120.726526,24.149872,2
2023,3,25,9,48,臺中市,東區,0,0,0,,,,50,,,,,,,,,,,,,,,12,,,,,A12,,,1,,2,,,12,,1,21,,A12,120.696393,24.148618,3
2023,3,25,9,48,臺中市,南屯區,0,1,0,8,1,5,50,14,9,1,5,4,5,7,1,1,10,5,5,2,16,7,2,8,3,4,C03,7,7,1,10,2,14,,7,7,1,12,8,C03,120.632356,24.145477,2
2023,3,25,9,49,臺中市,豐原區,0,1,0,8,1,5,50,4,2,1,5,4,5,7,3,1,5,5,4,2,13,16,3,10,1,1,C03,7,9,1,10,2,11,,16,16,1,19,7,C03,120.718167,24.254832,2
2023,3,25,9,50,臺中市,南區,0,2,0,8,1,5,50,4,1,1,5,4,5,7,1,1,10,5,5,2,16,6,2,9,1,1,C04,7,6,1,10,2,12,,6,6,1,5,8,C04,120.657448,24.125099,2
2023,3,25,9,50,臺中市,大里區,0,2,0,8,1,5,50,14,9,1,5,4,5,7,4,4,9,4,5,2,3,23,2,9,1,1,C03,7,9,1,10,2,11,,23,23,1,18,8,C03,120.673676,24.109695,2
2023,3,25,9,58,臺中市,西區,0,1,0,8,1,5,50,14,9,1,5,4,5,7,4,4,5,4,5,2,17,7,3,10,1,1,B03,7,8,1,8,2,2,,7,7,1,4,1,B03,120.658389,24.146922,2
2023,3,25,9,58,臺中市,西屯區,0,2,0,8,1,5,30,4,1,1,5,4,5,7,4,4,10,5,5,2,17,6,2,9,1,1,C03,7,6,1,10,2,15,,6,6,1,22,8,C03,120.655473,24.164846,2
2023,3,25,10,6,臺中市,霧峰區,0,1,0,8,1,5,50,14,9,1,5,4,5,7,4,4,5,5,5,1,17,43,2,9,3,4,C03,7,9,1,10,2,15,,16,43,1,18,8,C03,120.698992,24.064243,2
2023,3,25,10,7,臺中市,潭子區,0,2,0,8,1,5,30,3,1,1,5,4,5,7,4,4,10,5,5,2,17,6,2,8,1,1,C03,7,5,1,10,2,12,,6,6,1,22,8,C03,120.707477,24.206984,2
2023,3,25,10,9,臺中市,南屯區,0,0,0,8,,,40,,,,,,,,,,,,,,,18,,,,,B12,,,1,,11,,,18,,1,22,,B12,120.638202,24.140564,3
2023,3,25,10,9,臺中市,龍井區,0,2,0,8,1,5,50,4,1,1,5,4,5,7,2,1,10,5,5,1,16,8,2,9,1,1,C03,7,5,1,10,2,12,,8,8,1,20,9,C03,120.58409,24.182019,2
2023,3,25,10,12,臺中市,霧峰區,0,1,0,8,1,5,50,14,7,1,5,4,5,7,1,1,5,5,4,1,16,26,3,10,1,1,F03,7,5,8,20,2,16,,26,26,1,22,8,F03,120.698302,24.061913,2
2023,3,25,10,17,臺中市,中區,0,1,0,8,1,5,50,4,1,1,5,4,5,7,1,1,5,4,5,2,12,25,2,9,1,1,C03,7,5,1,10,2,12,,25,25,1,22,9,C03,120.680613,24.146958,2
2023,3,25,10,19,臺中市,北區,0,2,0,8,1,5,50,3,1,1,5,4,5,7,1,1,10,5,5,2,13,16,2,9,1,1,C03,7,9,1,10,2,11,,16,16,1,22,8,C03,120.673743,24.143297,2
2023,3,25,10,20,臺中市,北屯區,0,0,0,8,,,50,,,,,,,,,,,,,,,23,,,,,B03,,,1,,1,,,23,,1,4,,B03,120.674203,24.181015,3
2023,3,25,10,20,臺中市,西屯區,0,0,0,,,,50,,,,,,,,,,,,,,,26,,,,,C03,,,1,,1,,,26,,1,22,,C03,120.644471,24.171811,3
2023,3,25,10,20,臺中市,西屯區,0,0,0,8,,,40,,,,,,,,,,,,,,,23,,,,,B03,,,1,,1,,,23,,1,22,,B03,120.637591,24.17021,3
2023,3,25,10,20,臺中市,大里區,0,1,0,8,1,5,40,4,1,1,5,4,5,7,1,1,10,5,5,2,16,23,3,10,1,1,B03,7,6,1,8,2,5,,23,23,1,22,8,B03,120.671663,24.102358,2
2023,3,25,10,21,臺中市,豐原區,0,1,0,8,1,5,50,4,2,1,5,4,5,7,2,1,1,3,4,1,12,17,3,10,1,1,C03,7,9,1,10,11,12,,17,17,2,21,8,C03,120.715394,24.256255,2
2023,3,25,10,23,臺中市,北屯區,0,0,0,8,,,50,,,,,,,,,,,,,,,6,,,,,B02,,,1,,2,,,6,,1,21,,B02,120.707845,24.185076,3
2023,3,25,10,24,臺中市,北屯區,0,2,0,8,1,5,80,14,7,1,5,4,5,7,4,4,1,4,5,1,13,16,2,7,1,1,B12,7,9,1,8,2,1,,16,16,1,22,8,B12,120.68847,24.201012,2
2023,3,25,10,25,臺中市,北屯區,0,1,0,8,1,5,50,14,9,1,5,4,5,7,4,4,3,4,5,2,20,23,2,9,1,1,C03,7,9,1,10,2,12,,23,23,1,18,1,C03,120.72982,24.177898,2
2023,3,25,10,29,臺中市,沙鹿區,0,0,0,,,,50,,,,,,,,,,,,,,,12,,,,,B03,,,1,,2,,,12,,1,22,,B03,120.564094,24.248744,3
2023,3,25,10,30,臺中市,潭子區,0,2,0,8,1,5,50,14,9,1,5,4,5,7,4,4,8,5,5,1,17,23,2,9,1,1,C03,7,9,1,10,2,11,,23,23,1,22,8,C03,120.721603,24.204176,2
2023,3,25,10,35,臺中市,西屯區,0,2,0,8,1,5,50,4,1,1,5,4,5,7,1,1,10,5,5,2,17,7,2,9,1,1,C03,7,7,1,10,2,14,,7,7,1,22,8,C03,120.647985,24.169711,2
2023,3,25,10,49,臺中市,大肚區,0,0,0,,,,30,,,,,,,,,,,,,,,23,,,,,C03,,,1,,2,,,23,,1,3,,C03,120.574892,24.172165,3
2023,3,25,10,50,臺中市,北屯區,0,0,0,8,,,80,,,,,,,,,,,,,,,7,,,,,B03,,,1,,1,,,7,,1,4,,B03,120.72086,24.182195,3
2023,3,25,10,50,臺中市,神岡區,0,1,0,8,1,5,50,3,1,1,5,4,5,7,1,1,5,4,4,1,17,16,3,10,1,1,C03,7,5,1,10,2,13,,44,16,1,12,8,C03,120.704297,24.261769,2
2023,3,25,10,52,臺中市,西屯區,0,2,0,8,1,5,50,4,1,1,5,4,5,7,2,1,10,5,5,2,18,42,2,9,1,1,C03,7,6,1,10,2,14,,42,42,1,22,8,C03,120.651903,24.181987,2
2023,3,25,10,53,臺中市,西區,0,0,0,8,,,50,,,,,,,,,,,,,,,23,,,,,B03,,,1,,1,,,23,,1,22,,B03,120.662306,24.155221,3
2023,3,25,10,55,臺中市,龍井區,0,1,0,8,1,5,40,4,1,1,5,4,5,7,2,1,3,5,5,2,16,6,2,9,1,1,C03,7,9,1,10,2,14,,23,6,1,16,9,C03,120.583477,24.187279,2
2023,3,25,10,56,臺中市,北屯區,0,1,0,8,1,5,50,14,9,1,5,4,5,7,4,4,1,2,5,1,18,43,2,9,1,1,C01,7,9,1,9,2,14,,43,43,1,22,8,C01,120.793176,24.205451,2
2023,3,25,10,59,臺中市,中區,0,0,0,8,,,40,,,,,,,,,,,,,,,23,,,,,B12,,,1,,1,,,23,,1,22,,B12,120.681443,24.145294,3
2023,3,25,11,0,臺中市,西屯區,0,0,0,8,,,60,,,,,,,,,,,,,,,16,,,,,B03,,,1,,1,,,16,,1,22,,B03,120.645166,24.164975,3
2023,3,25,11,2,臺中市,北區,0,0,0,8,,,30,,,,,,,,,,,,,,,23,,,,,C03,,,1,,2,,,44,23,1,22,,C03,120.672028,24.172529,3
2023,3,25,11,3,臺中市,沙鹿區,0,1,0,8,1,5,50,3,1,1,5,4,5,7,1,1,10,5,5,2,16,10,2,9,1,1,C03,7,11,3,18,2,14,,10,10,1,22,9,C03,120.558546,24.231239,2
2023,3,25,11,10,臺中市,西屯區,0,0,0,8,,,50,,,,,,,,,,,,,,,9,,,,,B03,,,1,,1,,,9,,1,22,,B03,120.644285,24.171638,3
2023,3,25,11,11,臺中市,太平區,0,1,0,8,1,5,40,14,9,1,5,4,5,7,4,4,5,5,5,1,13,16,2,9,3,4,C03,7,9,1,10,2,11,,16,16,1,9,8,C03,120.703764,24.121408,2
2023,3,25,11,12,臺中市,沙鹿區,0,1,0,8,1,5,50,4,1,1,5,4,5,7,2,1,10,5,5,2,15,25,3,10,1,1,B03,7,9,1,8,2,2,,25,25,1,20,5,B03,120.614484,24.241967,2
2023,3,25,11,21,臺中市,東區,0,0,0,8,1,5,50,4,2,1,5,4,5,7,1,1,5,4,5,2,13,16,3,10,1,1,B01,7,9,1,4,2,1,,16,16,1,10,8,B01,120.687683,24.13706,3
2023,3,25,11,27,臺中市,和平區,0,0,0,8,3,2,50,6,9,1,4,4,5,7,4,4,8,3,5,1,13,23,3,10,2,1,B03,7,9,1,8,2,5,,23,23,1,4,9,B03,121.0086,24.203019,4
2023,3,25,11,30,臺中市,西屯區,0,0,0,8,,,30,,,,,,,,,,,,,,,67,,,,,,,,,,,,,67,,1,,,,120.65909,24.16979,3
2023,3,25,11,32,臺中市,南屯區,0,1,0,8,1,5,30,3,2,1,5,4,5,7,4,4,10,5,5,2,17,10,2,7,1,1,C03,7,11,1,10,2,11,14,10,10,1,5,4,C03,120.621574,24.135048,2
2023,3,25,11,35,臺中市,中區,0,2,0,8,1,5,50,4,1,1,5,4,5,7,1,1,5,4,4,1,16,8,3,10,1,1,C03,7,5,1,10,2,14,,8,8,1,21,8,C03,120.67729,24.145711,2
2023,3,25,11,35,臺中市,西區,0,0,0,8,,,50,,,,,,,,,,,,,,,16,,,,,B03,,,1,,1,,,16,,1,21,,B03,120.673858,24.134921,3
2023,3,25,11,35,臺中市,大里區,0,2,0,8,1,5,40,3,4,1,5,4,5,7,1,1,10,5,5,2,13,23,2,9,1,1,C03,7,9,1,10,2,11,,23,23,1,5,8,C03,120.692664,24.103543,2
2023,3,25,11,37,臺中市,北屯區,0,1,0,8,1,5,50,4,1,1,5,4,5,7,2,1,10,5,5,2,17,26,2,8,1,1,C03,7,9,1,10,2,15,,26,26,1,21,8,C03,120.694785,24.176329,2
2023,3,25,11,40,臺中市,潭子區,0,1,0,8,1,5,60,14,7,1,5,4,4,7,4,4,1,3,4,1,29,23,2,9,1,1,C03,7,9,1,8,2,11,,23,23,1,22,8,C03,120.702906,24.199792,2
2023,3,25,11,42,臺中市,大里區,0,0,0,8,,,50,,,,,,,,,,,,,,,12,,,,,B03,,,1,,2,,,12,,1,22,,B03,120.681558,24.104163,3
2023,3,25,11,48,臺中市,中區,0,1,0,8,1,5,50,14,9,1,5,4,5,7,4,4,5,4,4,2,17,23,2,9,1,1,C03,7,4,1,10,2,11,,23,23,1,20,8,C03,120.679238,24.141848,2
2023,3,25,11,50,臺中市,太平區,0,1,0,8,1,5,50,3,1,1,5,4,5,7,4,4,10,4,5,1,16,27,3,10,1,1,B12,7,6,1,7,2,2,,27,27,1,22,5,B12,120.726065,24.133172,2
2023,3,25,11,50,臺中市,烏日區,0,0,0,8,1,5,40,4,2,1,5,4,5,7,1,1,1,2,4,1,12,17,3,10,3,4,B03,7,6,1,8,2,6,,17,17,1,21,9,B03,120.620366,24.105564,3
2023,3,25,11,52,臺中市,北屯區,0,0,0,8,,,50,,,,,,,,,,,,,,,42,,,,,B12,,,1,,1,,,42,,1,22,,B12,120.729886,24.177788,3
2023,3,25,11,53,臺中市,南屯區,0,1,0,8,1,5,40,14,8,1,5,4,5,7,4,4,10,5,5,2,18,43,2,9,3,4,C03,7,14,1,10,2,15,,43,43,1,23,8,C03,120.636315,24.154996,2
2023,3,25,11,55,臺中市,沙鹿區,0,1,0,8,1,5,50,4,2,1,5,4,5,7,3,1,8,3,5,1,17,6,3,10,3,4,B03,7,9,1,8,2,1,,6,6,1,22,8,B03,120.573913,24.215613,2
2023,3,25,11,56,臺中市,北區,0,0,0,8,,,40,,,,,,,,,,,,,,,12,,,,,B03,,,1,,2,,,12,,1,22,,B03,120.682365,24.163041,3
2023,3,25,11,58,臺中市,北屯區,0,1,0,8,1,5,50,3,1,1,5,4,5,7,4,4,10,5,5,2,17,40,3,10,3,4,B03,7,13,1,8,2,4,,40,40,1,22,8,B03,120.68801,24.182796,2
2023,3,25,11,59,臺中市,西區,0,0,0,8,1,5,30,14,9,1,5,4,5,7,4,4,10,5,5,2,14,12,,,,,B03,,,1,,1,,,12,,1,22,,B03,120.664537,24.155291,3
2023,3,25,12,4,臺中市,北區,0,0,0,8,1,5,50,14,7,1,5,4,5,7,1,1,8,3,4,2,13,23,,,,,B12,,,1,,1,,,23,,1,22,,B12,120.672716,24.161651,3
2023,3,25,12,6,臺中市,北屯區,0,1,0,8,1,5,30,3,1,1,5,4,5,7,1,1,10,5,5,2,16,8,2,9,1,1,C03,7,5,1,10,2,14,,8,8,1,5,8,C03,120.673495,24.201333,2
2023,3,25,12,7,臺中市,北屯區,0,0,0,8,,,40,,,,,,,,,,,,,,,12,,,,,B03,,,1,,1,,,12,,1,22,,B03,120.6845,24.186851,3
2023,3,25,12,8,臺中市,沙鹿區,0,1,0,8,1,5,50,4,1,1,5,4,5,7,4,4,10,5,5,2,16,6,3,10,1,1,B03,7,9,1,8,2,1,,6,6,1,22,9,B03,120.561477,24.245326,2
2023,3,25,12,10,臺中市,西屯區,0,1,0,8,1,5,50,4,1,1,5,4,5,7,4,4,10,5,5,2,16,6,2,9,1,1,C04,7,9,1,9,2,11,,6,6,1,22,8,C04,120.639717,24.157124,2
2023,3,25,12,11,臺中市,太平區,0,1,0,8,1,5,50,3,1,1,5,4,5,7,4,4,10,5,5,2,9,19,3,10,1,1,C03,7,1,1,10,2,11,,19,19,1,21,8,C03,120.717505,24.14876,2
2023,3,25,12,16,臺中市,和平區,0,0,0,8,,,50,,,,,,,,,,,,,,,1,,,,,B12,,,1,,1,,,1,,1,22,,B12,120.909471,24.175379,3
2023,3,25,12,20,臺中市,龍井區,0,0,0,8,,,60,,,,,,,,,,,,,,,23,,,,,B03,,,1,,2,,,23,,1,9,,B03,120.530268,24.221173,3
2023,3,25,12,28,臺中市,西屯區,0,2,0,8,1,5,30,4,1,1,5,4,5,7,4,4,10,5,5,2,12,3,2,9,1,1,C03,7,9,4,8,2,14,,3,3,1,22,8,C03,120.655151,24.162506,2
2023,3,25,12,30,臺中市,西屯區,0,0,0,8,,,50,,,,,,,,,,,,,,,6,,,,,C03,,,1,,2,,,6,,1,22,,C03,120.644501,24.171715,3
2023,3,25,12,30,臺中市,外埔區,0,0,0,,,,50,,,,,,,,,,,,,,,23,,,,,B12,,,1,,1,,,23,,1,10,,B12,120.637388,24.342747,3
2023,3,25,12,33,臺中市,南屯區,0,1,0,8,1,5,50,4,2,1,5,4,5,7,2,1,3,4,4,2,1,15,3,10,1,4,B03,7,5,1,8,2,1,,15,15,1,22,8,B03,120.601968,24.159674,2
2023,3,25,12,40,臺中市,西屯區,0,0,0,8,,,30,,,,,,,,,,,,,,,6,,,,,B03,,,1,,1,,,6,,1,22,,B03,120.617159,24.176483,3
2023,3,25,12,44,臺中市,北區,0,0,0,8,,,50,,,,,,,,,,,,,,,19,,,,,C03,,,1,,1,,,19,,1,22,,C03,120.682798,24.152162,3
2023,3,25,12,50,臺中市,西屯區,0,1,0,8,1,5,50,4,1,1,5,4,5,7,1,1,10,5,5,2,14,12,3,10,1,1,B03,7,2,1,8,2,3,,12,12,1,22,8,B03,120.606029,24.187646,2
2023,3,25,12,55,臺中市,太平區,0,0,0,8,,,50,,,,,,,,,,,,,,,23,,,,,B03,,,1,,2,,,23,,1,9,,B03,120.732383,24.134745,3
2023,3,25,12,58,臺中市,北屯區,0,1,0,8,1,5,50,14,9,1,5,4,5,7,4,4,5,4,5,2,12,7,3,10,1,1,B03,7,8,1,8,2,6,,7,7,1,22,8,B03,120.735391,24.17738,2
2023,3,25,12,59,臺中市,外埔區,0,2,0,8,1,5,50,4,1,1,5,4,5,7,1,1,10,5,5,2,16,6,2,8,1,1,C03,7,5,1,10,2,12,,6,6,1,9,8,C03,120.656469,24.338806,2
2023,3,25,13,0,臺中市,太平區,0,1,0,8,1,5,50,14,9,1,5,4,5,7,4,4,5,4,5,2,16,26,3,10,1,1,B03,7,11,1,8,2,8,,26,26,1,22,5,B03,120.713642,24.149423,2
2023,3,25,13,0,臺中市,大甲區,0,0,0,8,,,50,,,,,,,,,,,,,,,7,,,,,B03,,,1,,2,,,7,,1,22,,B03,120.617242,24.346946,3
2023,3,25,13,2,臺中市,西屯區,0,0,0,8,,,50,,,,,,,,,,,,,,,42,,,,,B03,,,1,,2,,,42,,1,22,,B03,120.625189,24.184973,3
2023,3,25,13,6,臺中市,豐原區,0,2,0,6,1,5,50,4,1,1,4,4,5,7,4,4,4,4,4,2,12,17,2,9,1,1,C03,7,9,1,10,2,12,,17,17,1,22,8,C03,120.71528,24.240009,2
2023,3,25,13,9,臺中市,西區,0,0,0,,,,50,,,,,,,,,,,,,,,17,,,,,B03,,,1,,1,,,17,,1,5,,B03,120.661437,24.151936,3
2023,3,25,13,10,臺中市,南屯區,0,0,0,,,,50,,,,,,,,,,,,,,,23,,,,,B03,,,1,,1,,,23,,1,22,,B03,120.644454,24.140057,3
2023,3,25,13,11,臺中市,南屯區,0,0,0,8,,,50,,,,,,,,,,,,,,,12,,,,,B12,,,1,,1,,,12,,1,22,,B12,120.608854,24.134959,3
2023,3,25,13,13,臺中市,東區,0,0,0,8,,,50,,,,,,,,,,,,,,,23,,,,,B03,,,1,,2,,,23,,1,22,,B03,120.696683,24.140751,3
2023,3,25,13,13,臺中市,北屯區,0,0,0,8,,,40,,,,,,,,,,,,,,,23,,,,,B03,,,1,,1,,,23,,1,22,,B03,120.719738,24.162911,3
2023,3,25,13,15,臺中市,沙鹿區,0,0,0,8,1,5,50,14,9,1,5,4,5,7,4,4,5,5,5,1,18,42,2,9,3,4,C03,7,21,1,10,2,12,,42,42,1,21,8,C03,120.591071,24.262853,3
2023,3,25,13,16,臺中市,北屯區,0,1,0,8,1,5,50,3,1,1,5,4,5,7,2,1,10,5,5,2,16,25,3,10,1,1,B03,7,5,1,8,2,1,,25,25,1,22,8,B03,120.717774,24.182256,2
2023,3,25,13,18,臺中市,南屯區,0,1,0,8,1,5,30,14,9,1,5,4,5,7,4,4,10,5,5,2,14,12,3,10,1,1,B03,7,2,1,8,2,5,,12,12,1,5,8,B03,120.629331,24.126238,2
2023,3,25,13,19,臺中市,東區,0,2,0,8,1,5,50,14,7,1,5,4,5,7,2,1,3,4,4,2,17,19,2,9,1,1,C03,7,1,1,10,2,14,,19,19,1,21,8,C03,120.688031,24.131057,2
2023,3,25,13,20,臺中市,北區,0,0,0,8,,,50,,,,,,,,,,,,,,,17,,,,,B03,,,1,,1,,,17,,1,22,,B03,120.685152,24.165997,3
2023,3,25,13,24,臺中市,南屯區,0,0,0,8,1,5,80,14,9,1,5,4,5,7,4,4,1,4,5,1,12,42,,,,,B03,,,1,,1,,,42,42,1,5,,B03,120.623033,24.140267,3
2023,3,25,13,26,臺中市,南屯區,0,2,0,8,1,5,50,14,9,1,5,4,5,7,1,1,9,5,5,2,17,43,2,9,1,1,B03,7,7,1,8,2,8,,43,43,1,22,9,B03,120.646417,24.143033,2
2023,3,25,13,26,臺中市,烏日區,0,0,0,8,1,5,30,14,9,1,5,4,5,7,4,4,10,5,5,2,14,12,3,10,3,4,B03,7,2,1,8,2,6,,12,12,1,21,1,B03,120.646021,24.109557,3
2023,3,25,13,30,臺中市,烏日區,0,1,0,8,1,5,30,4,1,1,5,4,5,7,2,1,5,4,5,1,17,25,3,10,1,1,B12,7,3,1,10,2,15,,25,25,1,21,8,B12,120.654874,24.095124,2