年,月,日,時,分,縣市,區,死,受傷,2-30,天候,光線,道路類別,速限,道路型態,事故位置,路面鋪裝,路面狀態,路面缺陷,障礙物,視距,號誌種類,號誌動作,分向設施,快車道或一般車道間,快慢車道間,路面邊線,事故類型及型態,主要肇因,受傷程度,主要傷處,保護裝備,行動電話,當事者區分,車輛用途,當事者行動狀態,駕駛資格情形,駕駛執照種類,飲酒情形,車輛撞擊部位最初,車輛撞擊部位其他,肇事因素個別,肇事因素主要,肇事逃逸,職業,旅次目的,車種,GPS緯度,GPS經度,事故類別
2023,3,27,8,22,臺中市,沙鹿區,0,0,0,8,,,60,,,,,,,,,,,,,,,23,,,,,B03,,,1,,2,,,23,,1,9,,B03,120.577258,24.225179,3
2023,3,27,8,24,臺中市,后里區,0,1,0,8,1,5,50,14,9,1,5,4,5,7,4,4,5,5,5,1,12,6,3,10,1,1,C03,7,6,1,10,2,14,,6,6,1,22,8,C03,120.720652,24.324818,2
2023,3,27,8,26,臺中市,南屯區,0,1,0,8,1,5,50,14,9,1,5,4,5,7,4,4,5,5,5,2,18,42,2,9,1,4,C03,7,9,1,10,2,14,,42,42,1,22,8,C03,120.64759,24.144385,2
2023,3,27,8,27,臺中市,北屯區,0,2,0,8,1,5,50,4,3,1,5,4,5,7,1,1,5,4,4,2,12,26,2,9,1,1,C03,7,9,1,10,2,11,,26,26,1,22,8,C03,120.681268,24.169658,2
2023,3,27,8,28,臺中市,西屯區,0,0,0,8,,,80,,,,,,,,,,,,,,,23,,,,,B03,,,1,,1,,,23,,1,21,,B03,120.623043,24.148145,3
2023,3,27,8,29,臺中市,豐原區,0,0,0,8,,,50,,,,,,,,,,,,,,,23,,,,,C03,,,1,,2,,,23,,1,22,,C03,120.703056,24.251596,3
2023,3,27,8,33,臺中市,東區,0,0,0,8,,,50,,,,,,,,,,,,,,,42,,,,,B03,,,1,,1,,,42,,1,22,,B03,120.691062,24.142794,3
2023,3,27,8,36,臺中市,西區,0,2,0,8,1,5,50,15,9,1,5,4,5,7,1,1,10,5,5,2,17,26,2,9,1,1,C03,7,9,1,10,2,14,,26,26,1,20,8,C03,120.663617,24.132023,2
2023,3,27,8,37,臺中市,西屯區,0,1,0,8,1,5,30,4,1,1,5,4,5,7,4,4,10,5,5,2,16,6,3,10,1,1,B03,7,5,1,8,2,1,,6,6,1,4,8,B03,120.666093,24.171126,2
2023,3,27,8,50,臺中市,北屯區,0,1,0,8,1,5,50,3,1,1,5,4,5,7,4,4,10,5,5,2,16,6,3,10,1,1,B03,7,6,1,8,2,6,,6,6,1,21,8,B03,120.692889,24.164873,2
2023,3,27,8,50,臺中市,西屯區,0,0,0,,,,40,,,,,,,,,,,,,,,42,,,,,B03,,,1,,2,,,42,,1,22,,B03,120.615495,24.183376,3
2023,3,27,8,52,臺中市,北區,0,2,0,8,1,5,50,4,1,1,5,4,5,7,1,1,10,5,5,2,16,6,2,9,1,1,C03,7,5,1,10,2,14,,6,6,1,5,8,C03,120.680949,24.15816,2
2023,3,27,8,53,臺中市,南屯區,0,0,0,8,,,50,,,,,,,,,,,,,,,44,,,,,B03,,,1,,9,,,44,,1,22,,B03,120.626918,24.140103,3
2023,3,27,8,55,臺中市,豐原區,0,2,0,8,1,5,50,4,1,1,5,4,5,7,1,1,5,5,4,2,16,6,2,8,1,1,C03,7,5,1,10,2,12,,6,6,1,22,8,C03,120.722344,24.24846,2
2023,3,27,8,57,臺中市,西屯區,0,1,0,8,1,5,50,3,1,1,5,4,5,7,4,4,10,5,5,2,16,6,2,9,1,1,C03,7,5,1,10,2,14,,6,6,1,4,8,C03,120.593277,24.180012,2
2023,3,27,8,59,臺中市,西屯區,0,0,0,8,1,5,50,14,9,1,5,4,5,7,4,4,1,4,5,2,13,16,3,10,1,1,B03,7,9,1,8,1,5,,16,16,1,2,5,B03,120.655745,24.199091,3
2023,3,27,9,0,臺中市,潭子區,0,0,0,8,,,30,,,,,,,,,,,,,,,17,,,,,B03,,,1,,2,,,17,,1,22,,B03,120.710097,24.207957,3
2023,3,27,9,0,臺中市,東區,0,0,0,,,,,,,,,,,,,,,,,,,67,,,,,,,,,,,,,67,67,1,,,,120.698031,24.147951,3
2023,3,27,9,1,臺中市,北屯區,0,1,0,8,1,5,50,14,9,1,5,4,5,7,4,4,5,4,5,2,12,7,3,10,1,1,A11,7,8,1,1,2,2,,7,7,1,22,4,A11,120.731012,24.177325,2
2023,3,27,9,5,臺中市,霧峰區,0,1,0,8,1,5,70,10,7,1,5,4,5,7,4,4,1,3,5,1,20,44,2,9,1,1,B03,7,9,1,8,2,8,,44,44,1,5,8,B03,120.66207,24.055317,2
2023,3,27,9,9,臺中市,豐原區,0,2,0,8,1,5,50,5,1,1,5,4,5,7,4,4,10,5,5,2,16,6,2,9,1,1,C03,7,6,1,10,2,14,,6,6,1,22,8,C03,120.721816,24.252966,2
2023,3,27,9,10,臺中市,霧峰區,0,1,0,8,1,5,50,4,1,1,5,4,5,7,4,4,10,5,5,2,16,6,3,10,3,4,B03,7,9,1,8,2,5,,6,6,1,20,8,B03,120.699682,24.07279,2
2023,3,27,9,10,臺中市,大安區,0,0,0,8,1,6,30,14,13,1,5,4,5,7,4,4,10,5,5,1,12,19,3,10,1,1,C03,7,1,1,10,2,11,,19,19,1,4,3,C03,120.577208,24.340536,3
2023,3,27,9,13,臺中市,南區,0,1,0,8,1,5,30,13,9,1,5,4,5,7,4,4,10,5,5,2,16,19,3,10,1,1,B03,7,1,1,8,2,5,,19,19,1,5,8,B03,120.663228,24.122786,2
2023,3,27,9,20,臺中市,大雅區,0,0,0,8,,,30,,,,,,,,,,,,,,,23,,,,,B12,,,1,,2,,,23,23,1,22,,B12,120.648388,24.23474,3
2023,3,27,9,20,臺中市,西區,0,2,0,8,1,5,50,4,1,1,5,4,5,7,4,4,10,5,5,2,15,6,2,9,1,1,C03,7,9,1,10,2,12,,6,6,1,21,8,C03,120.663123,24.145527,2
2023,3,27,9,23,臺中市,潭子區,0,0,0,8,,,40,,,,,,,,,,,,,,,23,,,,,B12,,,1,,2,,,23,,1,21,,B12,120.682424,24.211922,3
2023,3,27,9,25,臺中市,神岡區,0,0,0,8,,,50,,,,,,,,,,,,,,,23,,,,,B03,,,1,,2,,,6,23,1,22,,B03,120.705848,24.26114,3
2023,3,27,9,26,臺中市,西屯區,0,2,0,8,1,5,40,14,8,1,5,4,5,7,4,4,1,5,1,2,16,7,2,9,3,4,C03,7,8,1,10,2,13,,7,7,1,22,8,C03,120.633008,24.170811,2
2023,3,27,9,28,臺中市,梧棲區,0,0,0,,,,40,,,,,,,,,,,,,,,12,,,,,B03,,,1,,2,,,12,,1,4,,B03,120.514579,24.230206,3
2023,3,27,9,30,臺中市,太平區,0,1,0,8,1,5,50,3,1,1,5,4,5,7,1,1,10,5,5,2,16,6,3,10,1,1,B12,7,5,1,8,2,6,,6,6,1,22,8,B12,120.711344,24.159091,2
2023,3,27,9,30,臺中市,大安區,0,1,0,8,1,7,50,14,13,1,5,4,5,7,4,4,1,5,5,1,18,26,2,9,1,1,C03,7,9,3,18,2,12,,26,26,1,22,8,C03,120.601039,24.390802,2
2023,3,27,9,38,臺中市,北區,0,1,0,8,1,5,50,14,9,1,5,4,5,7,4,4,9,5,5,2,16,1,3,10,1,1,B03,7,4,1,8,2,2,,1,1,1,22,8,B03,120.664337,24.160818,2
2023,3,27,9,38,臺中市,南屯區,0,0,0,,,,50,,,,,,,,,,,,,,,9,,,,,B03,,,1,,1,,,9,,1,4,,B03,120.632737,24.1375,3
2023,3,27,9,39,臺中市,南屯區,0,1,0,8,1,5,50,4,2,1,5,4,5,7,2,1,5,4,4,2,3,15,3,10,1,4,B01,7,5,1,8,2,1,,15,15,1,22,8,B01,120.638185,24.139825,2
2023,3,27,9,42,臺中市,東區,0,1,0,8,1,5,50,4,1,1,5,4,1,7,1,1,10,5,5,2,16,6,3,10,1,1,B01,7,6,1,4,2,2,,6,6,1,21,8,B01,120.697163,24.133145,2
2023,3,27,9,45,臺中市,豐原區,0,0,0,8,,,50,,,,,,,,,,,,,,,23,,,,,B12,,,1,,2,,,23,,1,21,,B12,120.742585,24.263873,3
2023,3,27,9,46,臺中市,北區,0,3,0,8,1,5,50,4,1,1,5,4,5,7,1,1,1,2,4,2,15,25,2,9,1,1,C03,7,9,1,10,2,11,,25,25,1,5,8,C03,120.68134,24.152752,2
2023,3,27,9,57,臺中市,中區,0,0,0,8,1,5,50,4,1,1,5,4,5,7,1,1,10,5,5,2,12,16,,,,,B12,,,1,,1,,,16,,1,22,,B12,120.682212,24.135899,3
2023,3,27,10,2,臺中市,北屯區,0,2,0,8,1,5,50,14,7,1,5,4,5,7,4,4,5,5,4,2,17,26,2,9,1,1,C03,7,15,1,10,2,11,,26,26,1,22,8,C03,120.672775,24.176035,2
2023,3,27,10,8,臺中市,大甲區,0,2,0,8,1,5,50,14,7,1,5,4,5,7,4,4,9,5,4,2,17,19,2,8,1,1,C03,7,1,1,10,2,11,,19,19,1,4,1,C03,120.648099,24.408432,2
2023,3,27,10,8,臺中市,新社區,0,1,0,8,1,5,30,14,9,1,5,4,5,7,4,4,10,5,5,2,17,23,3,10,1,4,C03,7,9,1,10,2,12,,23,23,1,20,8,C03,120.814384,24.250549,2
2023,3,27,10,18,臺中市,西屯區,0,1,0,8,1,5,40,14,8,1,5,4,5,7,4,4,1,5,3,2,13,23,2,9,1,1,C03,7,9,1,10,2,11,,23,23,1,4,8,C03,120.605242,24.183541,2
2023,3,27,10,19,臺中市,西屯區,0,0,0,8,,,50,,,,,,,,,,,,,,,18,,,,,B12,,,1,,1,,,18,18,1,21,,B12,120.628106,24.202061,3
2023,3,27,10,20,臺中市,太平區,0,1,0,8,1,5,50,4,1,1,5,4,5,7,2,1,10,5,5,2,15,25,3,10,1,1,B03,7,9,1,8,2,8,,25,25,1,23,8,B03,120.721978,24.149269,2
2023,3,27,10,21,臺中市,西區,0,0,0,8,,,50,,,,,,,,,,,,,,,7,,,,,C03,,,1,,1,,,7,,1,21,,C03,120.680769,24.1372,3
2023,3,27,10,24,臺中市,南屯區,0,2,0,8,1,5,30,3,2,1,5,4,5,7,4,4,10,5,5,2,11,23,2,8,1,1,C03,7,6,1,10,2,14,,23,23,1,22,8,C03,120.610225,24.13678,2
2023,3,27,10,25,臺中市,潭子區,0,0,0,8,,,30,,,,,,,,,,,,,,,17,,,,,A12,,,1,,2,,,17,,1,22,,A12,120.686962,24.22868,3
2023,3,27,10,27,臺中市,沙鹿區,0,0,0,8,1,5,50,5,2,1,5,4,5,7,1,1,3,3,3,1,17,23,2,9,3,4,F06,7,9,8,20,2,15,,23,23,1,22,8,F06,120.56053,24.234419,3
2023,3,27,10,31,臺中市,北屯區,0,1,0,8,1,5,50,4,1,1,5,4,5,7,2,1,10,5,5,2,13,16,3,10,1,1,A41,7,9,1,1,2,5,,16,16,1,21,8,A41,120.678488,24.201282,2
2023,3,27,10,33,臺中市,南屯區,0,1,0,8,1,5,50,4,1,1,5,4,5,7,1,1,10,5,5,2,16,6,3,10,3,4,B03,7,6,1,8,2,5,,6,6,1,22,8,B03,120.637236,24.130231,2
2023,3,27,10,42,臺中市,北屯區,0,0,0,8,,,50,,,,,,,,,,,,,,,7,,,,,B03,,,1,,1,,,7,,1,22,,B03,120.698241,24.172787,3
2023,3,27,10,51,臺中市,梧棲區,0,0,0,8,,,50,,,,,,,,,,,,,,,38,,,,,A31,,,1,,2,,,38,,1,10,,A31,120.532161,24.258173,3
2023,3,27,10,52,臺中市,中區,0,2,0,8,1,5,30,4,1,1,5,4,5,7,4,4,10,5,5,2,15,6,2,9,1,1,C03,7,9,1,10,2,12,,6,6,1,22,9,C03,120.682019,24.142156,2
2023,3,27,10,52,臺中市,南屯區,0,0,0,8,1,5,50,4,1,1,5,4,5,7,2,1,10,5,5,2,13,16,3,10,1,1,C03,7,9,1,10,1,11,,16,16,1,22,8,C03,120.61261,24.138468,3
2023,3,27,10,54,臺中市,清水區,0,0,0,8,,,50,,,,,,,,,,,,,,,8,,,,,B12,,,1,,2,,,8,8,1,21,,B12,120.558483,24.273392,3
2023,3,27,10,56,臺中市,西屯區,0,1,0,8,1,5,50,4,1,1,5,4,5,7,1,1,10,5,5,2,16,6,3,10,3,4,B03,7,5,1,8,2,5,,6,6,1,22,8,B03,120.629336,24.183773,2
2023,3,27,11,0,臺中市,東區,0,0,0,8,1,5,50,14,7,1,5,4,5,7,4,4,5,4,5,2,17,23,3,10,1,1,B03,7,15,1,8,11,2,,23,23,1,22,8,B03,120.690463,24.143012,3
2023,3,27,11,0,臺中市,霧峰區,0,0,0,8,1,5,40,14,9,1,5,4,5,7,4,4,9,5,5,1,11,7,,,,,B03,,,1,,2,,,7,,1,5,,B03,120.663956,24.059856,3
2023,3,27,11,0,臺中市,大甲區,0,0,0,8,,,50,,,,,,,,,,,,,,,6,,,,,C03,,,3,,1,,,6,,1,22,,C03,120.618213,24.346219,4
2023,3,27,11,3,臺中市,大雅區,0,0,0,8,,,30,,,,,,,,,,,,,,,23,,,,,B12,,,1,,2,,,23,,1,22,,B12,120.658474,24.230705,3
2023,3,27,11,8,臺中市,神岡區,0,0,0,8,,,30,,,,,,,,,,,,,,,17,,,,,A12,,,1,,2,,,17,,1,22,,A12,120.683188,24.243272,3
2023,3,27,11,10,臺中市,西區,0,0,0,,,,50,,,,,,,,,,,,,,,23,,,,,C03,,,1,,2,,,23,,1,5,,C03,120.661673,24.150865,4
2023,3,27,11,11,臺中市,太平區,0,1,0,8,1,5,50,4,2,1,5,4,5,7,1,1,5,5,5,2,14,12,3,10,1,1,B01,7,2,1,8,2,3,,12,12,1,21,8,B01,120.721023,24.151979,2
2023,3,27,11,15,臺中市,西屯區,0,0,0,8,,,50,,,,,,,,,,,,,,,12,,,,,B03,,,1,,1,,,12,,1,22,,B03,120.6676,24.174672,3
2023,3,27,11,19,臺中市,北屯區,0,0,0,8,,,40,,,,,,,,,,,,,,,7,,,,,C03,,,4,,1,,,7,,1,22,,C03,120.680456,24.196885,3
2023,3,27,11,20,臺中市,北區,0,1,0,8,1,5,50,5,1,1,5,4,5,7,1,1,10,5,5,2,16,6,3,10,1,1,B03,7,6,1,8,3,5,,6,6,1,5,8,B03,120.676191,24.158299,2
2023,3,27,11,21,臺中市,西區,0,0,0,,,,50,,,,,,,,,,,,,,,23,,,,,C04,,,1,,1,,,23,23,1,5,,C04,120.665554,24.153803,3
2023,3,27,11,26,臺中市,北區,0,0,0,8,,,50,,,,,,,,,,,,,,,42,,,,,B12,,,1,,11,,,42,,1,5,,B12,120.694686,24.161222,3
2023,3,27,11,27,臺中市,東區,0,2,0,8,1,5,50,4,1,1,5,4,5,7,4,4,10,5,5,2,15,6,2,8,1,1,C03,7,9,1,10,2,11,,6,6,1,5,8,C03,120.691035,24.145468,2
2023,3,27,11,34,臺中市,西屯區,0,0,0,8,1,5,50,3,2,1,5,4,5,7,2,1,1,4,5,2,13,23,3,10,1,1,B03,7,9,1,8,1,1,5,23,23,1,5,3,B03,120.643801,24.163405,3
2023,3,27,11,35,臺中市,北屯區,0,1,0,8,1,5,30,3,1,1,5,4,5,7,4,4,10,5,5,2,16,5,2,7,1,1,C03,7,5,1,10,2,11,,5,5,1,22,8,C03,120.672715,24.176225,2
2023,3,27,11,39,臺中市,大里區,0,0,0,8,,,80,,,,,,,,,,,,,,,7,,,,,B03,,,1,,2,,,7,,1,5,,B03,120.688613,24.095245,3
2023,3,27,11,43,臺中市,大甲區,0,1,0,8,1,5,50,3,1,1,5,4,5,7,1,1,10,5,5,1,13,23,2,8,1,1,C03,7,9,1,10,2,11,,23,23,1,22,1,C03,120.613182,24.348196,2
2023,3,27,11,45,臺中市,太平區,0,1,0,8,1,5,50,3,2,1,5,4,5,7,4,4,5,4,4,2,16,6,2,9,1,1,C03,7,5,1,10,2,12,,6,6,1,22,8,C03,120.711486,24.140985,2
2023,3,27,11,47,臺中市,南屯區,0,0,0,,,,50,,,,,,,,,,,,,,,12,,,,,B03,,,1,,1,,,12,,1,4,,B03,120.649398,24.141813,3
2023,3,27,11,51,臺中市,大里區,0,0,0,8,,,30,,,,,,,,,,,,,,,12,,,,,B02,,,1,,2,,,12,,1,22,,B02,120.681155,24.09754,3
2023,3,27,11,52,臺中市,西屯區,0,1,0,8,1,5,50,3,1,1,1,4,5,7,1,1,10,5,5,2,16,6,3,10,3,4,B03,7,6,1,8,2,6,,6,6,1,22,8,B03,120.646359,24.185132,2
2023,3,27,12,0,臺中市,西區,0,1,0,8,1,5,50,5,1,1,5,4,5,7,1,1,10,5,5,2,12,42,2,9,1,1,C03,7,9,1,10,2,12,,42,42,1,22,9,C03,120.672019,24.131402,2
2023,3,27,12,0,臺中市,南屯區,0,0,0,8,,,40,,,,,,,,,,,,,,,67,,,,,,,,,,,,,67,,1,,,,120.634235,24.148486,3
2023,3,27,12,3,臺中市,潭子區,0,0,0,8,,,50,,,,,,,,,,,,,,,43,,,,,,,,,,,,,43,,1,,,,120.692599,24.22697,3
2023,3,27,12,4,臺中市,大里區,0,1,0,8,1,5,50,4,1,1,5,4,5,7,4,4,5,5,5,1,16,6,3,10,1,1,C03,7,5,1,10,2,14,,6,6,1,5,8,C03,120.680478,24.109633,2
2023,3,27,12,7,臺中市,北屯區,0,0,0,8,,,50,,,,,,,,,,,,,,,7,,,,,B02,,,1,,1,,,7,,1,21,,B02,120.699696,24.177001,3
2023,3,27,12,9,臺中市,北屯區,0,1,0,8,1,5,50,4,2,1,5,4,5,7,1,1,5,4,5,2,11,6,2,9,1,1,C03,7,5,1,10,2,11,,6,6,1,22,8,C03,120.718558,24.170169,2
2023,3,27,12,9,臺中市,新社區,0,0,0,8,,,50,,,,,,,,,,,,,,,42,,,,,A41,,,1,,2,,,42,,1,10,,A41,120.803271,24.219366,3
2023,3,27,12,10,臺中市,西屯區,0,0,0,8,,,50,,,,,,,,,,,,,,,42,,,,,B12,,,1,,2,,,42,,1,22,,B12,120.63806,24.158593,3
2023,3,27,12,13,臺中市,南屯區,0,0,0,8,,,50,,,,,,,,,,,,,,,25,,,,,B12,,,1,,1,,,25,,1,22,,B12,120.62339,24.1497,3
2023,3,27,12,23,臺中市,南區,0,1,0,8,1,5,50,4,1,1,5,4,5,7,2,1,10,5,5,2,16,9,3,10,1,1,B03,7,6,1,8,2,6,,9,9,1,21,8,B03,120.668906,24.128283,2
2023,3,27,12,23,臺中市,烏日區,0,0,0,8,1,5,50,15,13,1,5,4,5,7,4,4,5,4,5,1,12,18,3,10,3,4,B12,7,3,1,8,2,6,,18,18,1,21,4,B12,120.642976,24.076301,3
2023,3,27,12,27,臺中市,北區,0,3,0,8,1,5,50,3,2,1,5,4,5,7,4,4,10,5,5,2,16,6,2,9,1,1,C03,7,5,1,10,2,12,,6,6,1,5,8,C03,120.686111,24.15334,2
2023,3,27,12,30,臺中市,太平區,0,1,0,8,1,5,50,4,1,1,5,4,5,7,2,1,10,5,5,2,16,9,3,10,1,1,B03,7,6,1,8,2,5,,9,9,1,5,7,B03,120.720305,24.157946,2
2023,3,27,12,34,臺中市,大里區,0,0,0,8,,,50,,,,,,,,,,,,,,,12,,,,,B03,,,1,,1,,,12,,1,20,,B03,120.683973,24.110009,3
2023,3,27,12,34,臺中市,烏日區,0,0,0,8,,,50,,,,,,,,,,,,,,,8,,,,,B03,,,1,,2,,,8,,1,5,,B03,120.618244,24.111376,3
2023,3,27,12,40,臺中市,西區,0,2,0,8,1,5,50,4,1,1,5,4,5,7,1,1,10,5,5,2,15,25,2,9,1,1,C03,7,9,1,10,1,11,,25,25,1,5,7,C03,120.661694,24.132131,2
2023,3,27,12,40,臺中市,西屯區,0,1,0,8,1,5,40,3,1,1,5,4,5,7,1,1,1,5,1,2,16,6,3,10,1,1,B03,7,6,1,8,2,2,,6,6,1,22,8,B03,120.615393,24.183567,2
2023,3,27,12,43,臺中市,北區,0,0,0,8,,,50,,,,,,,,,,,,,,,16,,,,,B03,,,1,,1,,,16,,1,5,,B03,120.67817,24.151537,3
2023,3,27,12,43,臺中市,西屯區,0,1,0,8,1,5,50,14,9,1,5,4,5,7,4,4,5,5,5,2,18,23,2,9,1,1,C03,7,9,1,10,2,12,,23,23,1,4,8,C03,120.661237,24.17254,2
2023,3,27,12,46,臺中市,北區,0,2,0,8,1,5,50,3,1,1,5,4,5,7,4,4,5,5,5,2,16,6,2,9,1,1,C03,7,5,1,10,2,12,,6,6,1,5,8,C03,120.672749,24.173596,2
2023,3,27,12,47,臺中市,南屯區,0,0,0,8,,,80,,,,,,,,,,,,,,,43,,,,,B03,,,1,,1,,,43,,1,22,,B03,120.62342,24.15061,3
2023,3,27,12,49,臺中市,大里區,0,0,0,8,,,50,,,,,,,,,,,,,,,12,,,,,B03,,,1,,2,,,12,,1,5,,B03,120.70009,24.104545,3
2023,3,27,12,50,臺中市,北區,0,3,0,8,1,5,50,14,7,1,5,4,5,7,4,4,1,4,5,2,13,16,2,9,1,1,C03,7,9,1,10,2,11,,16,16,1,5,8,C03,120.683904,24.148836,2
2023,3,27,12,51,臺中市,北區,0,0,0,8,,,50,,,,,,,,,,,,,,,6,,,,,B03,,,1,,2,,,6,,1,5,,B03,120.675156,24.16698,3
2023,3,27,12,56,臺中市,北區,0,2,0,8,1,5,50,14,9,1,5,4,5,7,4,4,5,5,5,2,16,26,2,9,1,1,C03,7,5,1,10,2,12,,26,26,1,22,8,C03,120.682419,24.162785,2
2023,3,27,12,58,臺中市,西屯區,0,1,0,7,1,5,50,4,2,1,5,4,5,7,2,1,5,5,4,2,12,17,3,10,1,1,C03,7,9,4,4,2,12,13,17,17,1,19,8,C03,120.637487,24.175913,2
2023,3,27,13,0,臺中市,東區,0,0,0,,,,,,,,,,,,,,,,,,,43,,,,,,,,,,,,,43,,1,,,,120.6943,24.147885,3
2023,3,27,13,0,臺中市,北屯區,0,0,0,8,,,50,,,,,,,,,,,,,,,23,,,,,A12,,,1,,1,,,23,,1,22,,A12,120.688483,24.171593,3
2023,3,27,13,0,臺中市,豐原區,0,2,0,8,1,5,30,14,9,1,5,4,5,7,4,4,10,5,5,1,11,6,2,9,1,1,C03,7,5,1,10,2,12,11,6,6,1,19,5,C03,120.715188,24.268909,2
2023,3,27,13,11,臺中市,西屯區,0,1,0,8,1,5,50,4,1,1,5,4,5,7,2,1,10,5,5,2,12,7,3,10,3,4,B03,7,8,1,8,2,6,,7,7,1,22,8,B03,120.653468,24.195275,2
2023,3,27,13,11,臺中市,清水區,0,0,0,8,,,50,,,,,,,,,,,,,,,23,,,,,B03,,,1,,2,,,23,,1,21,,B03,120.575048,24.268918,3
2023,3,27,13,13,臺中市,霧峰區,0,1,0,8,1,5,30,3,1,1,5,4,5,7,4,4,10,5,5,2,16,6,3,10,3,4,B03,7,5,3,18,2,5,,6,6,1,3,8,B03,120.716457,24.075644,2
2023,3,27,13,14,臺中市,太平區,0,1,0,8,1,5,40,14,8,1,5,4,5,7,4,4,9,4,4,2,17,11,3,10,1,1,F03,7,11,8,20,2,16,,11,11,1,20,8,F03,120.718312,24.153324,2
2023,3,27,13,25,臺中市,西區,0,1,0,8,1,5,50,4,1,1,5,4,5,7,4,4,10,5,5,2,15,6,3,10,1,1,B03,7,9,1,8,2,8,,6,6,1,5,5,B03,120.660179,24.137288,2
2023,3,27,13,25,臺中市,北屯區,0,1,0,8,1,5,50,14,7,1,5,4,5,7,2,1,5,5,4,2,17,42,3,10,1,1,A31,7,15,1,1,2,3,,42,42,1,21,8,A31,120.721094,24.162136,2
2023,3,27,13,28,臺中市,太平區,0,1,0,8,1,5,50,3,1,1,5,4,5,7,4,4,10,5,5,2,16,10,3,10,1,1,B12,7,11,6,18,2,4,,10,10,1,22,8,B12,120.711866,24.149933,2
2023,3,27,13,30,臺中市,大里區,0,0,0,8,,,50,,,,,,,,,,,,,,,23,,,,,B03,,,1,,2,,,23,,1,22,,B03,120.694615,24.085567,3
2023,3,27,13,30,臺中市,霧峰區,0,2,0,8,1,5,50,4,1,1,5,4,5,7,1,1,10,5,5,1,16,23,2,9,1,1,C03,7,9,1,10,2,14,,23,23,1,22,9,C03,120.70137,24.070573,2
2023,3,27,13,34,臺中市,梧棲區,0,1,0,8,1,5,30,3,1,1,5,4,5,7,4,4,10,5,5,2,17,12,3,10,1,1,B03,7,2,6,8,2,15,,12,12,1,9,8,B03,120.528521,24.220926,2
2023,3,27,13,35,臺中市,沙鹿區,0,1,0,8,1,5,40,3,2,1,5,4,5,7,4,4,10,5,5,2,16,26,3,10,1,1,B03,7,5,1,8,2,2,,26,26,1,20,5,B03,120.596095,24.26055,2
2023,3,27,13,41,臺中市,梧棲區,0,1,0,8,1,5,50,14,9,1,5,4,5,7,4,4,10,5,5,2,16,41,2,9,1,2,C03,7,9,1,10,2,11,,41,41,1,3,8,C03,120.538663,24.241985,2
2023,3,27,13,42,臺中市,豐原區,0,0,0,8,,,50,,,,,,,,,,,,,,,19,,,,,B03,,,1,,2,,,19,,1,22,,B03,120.721486,24.257063,3
2023,3,27,13,43,臺中市,大肚區,0,2,0,8,1,5,50,3,1,1,5,4,5,7,4,4,9,5,5,1,16,8,2,9,1,1,C03,7,9,1,10,2,14,,26,6,1,4,9,C03,120.579387,24.168726,2
2023,3,27,13,45,臺中市,北屯區,0,2,0,8,1,5,30,11,9,1,5,4,5,7,4,4,10,5,5,2,11,5,2,9,1,1,C03,7,9,1,10,2,14,,5,5,1,22,8,C03,120.70141,24.170156,2
2023,3,27,13,46,臺中市,太平區,0,1,0,8,1,5,50,14,9,1,5,4,5,7,4,4,5,4,5,2,17,19,3,10,1,1,C03,7,1,1,10,2,14,,19,19,1,21,8,C03,120.727438,24.134214,2
2023,3,27,13,50,臺中市,西屯區,0,0,0,8,,,60,,,,,,,,,,,,,,,23,,,,,B03,,,1,,1,,,23,,1,21,,B03,120.65272,24.160851,3
2023,3,27,13,50,臺中市,神岡區,0,0,0,8,,,50,,,,,,,,,,,,,,,17,,,,,B03,,,1,,1,,,17,,1,22,,B03,120.694117,24.231931,3
2023,3,27,13,54,臺中市,后里區,0,0,0,8,,,50,,,,,,,,,,,,,,,48,,,,,A41,,,1,,2,,,48,,1,10,,A41,120.715604,24.309623,3
2023,3,27,13,57,臺中市,北屯區,0,0,0,8,,,50,,,,,,,,,,,,,,,23,,,,,B03,,,1,,1,,,23,,1,22,,B03,120.686685,24.193173,3
2023,3,27,13,59,臺中市,神岡區,0,0,0,8,,,30,,,,,,,,,,,,,,,42,,,,,B12,,,1,,1,,,42,,1,22,,B12,120.713886,24.257863,3
2023,3,27,14,1,臺中市,西屯區,0,1,0,8,1,5,50,3,1,1,5,4,5,7,4,4,10,5,5,2,16,6,3,10,1,1,B03,7,5,1,8,2,1,,6,6,1,4,8,B03,120.662171,24.173454,2
2023,3,27,14,2,臺中市,北屯區,0,2,0,8,1,5,50,4,1,1,5,4,5,7,2,1,10,5,5,2,17,6,2,9,1,1,C03,7,6,1,10,2,12,,6,6,1,21,8,C03,120.735818,24.175355,2
2023,3,27,14,5,臺中市,南屯區,0,0,0,8,,,50,,,,,,,,,,,,,,,23,,,,,A02,,,1,,2,,,23,,1,22,,A02,120.65149,24.15102,3
2023,3,27,14,11,臺中市,北區,0,0,0,8,,,50,,,,,,,,,,,,,,,19,,,,,B03,,,1,,2,,,19,,1,5,,B03,120.6856,24.156899,3
2023,3,27,14,12,臺中市,西區,0,2,0,8,1,5,50,4,1,1,5,4,5,7,1,1,10,5,5,2,16,26,2,7,3,4,C03,7,5,1,10,2,14,,26,26,1,21,8,C03,120.675763,24.138754,2