年,月,日,時,分,縣市,區,死,受傷,2-30,天候,光線,道路類別,速限,道路型態,事故位置,路面鋪裝,路面狀態,路面缺陷,障礙物,視距,號誌種類,號誌動作,分向設施,快車道或一般車道間,快慢車道間,路面邊線,事故類型及型態,主要肇因,受傷程度,主要傷處,保護裝備,行動電話,當事者區分,車輛用途,當事者行動狀態,駕駛資格情形,駕駛執照種類,飲酒情形,車輛撞擊部位最初,車輛撞擊部位其他,肇事因素個別,肇事因素主要,肇事逃逸,職業,旅次目的,車種,GPS緯度,GPS經度,事故類別
2023,3,27,18,29,臺中市,南屯區,0,0,0,8,,,50,,,,,,,,,,,,,,,23,,,,,B03,,,1,,2,,,23,,1,22,,B03,120.634675,24.155247,3
2023,3,27,18,30,臺中市,西屯區,0,0,0,8,,,50,,,,,,,,,,,,,,,6,,,,,B01,,,1,,1,,,6,,1,22,,B01,120.636474,24.159667,3
2023,3,27,18,31,臺中市,太平區,0,1,0,8,3,5,50,3,9,1,5,4,5,7,2,1,3,4,5,2,13,16,2,9,1,1,C03,7,9,1,10,2,11,,16,16,1,21,8,C03,120.714605,24.13574,2
2023,3,27,18,37,臺中市,太平區,0,1,0,8,3,5,50,14,9,1,5,4,5,7,4,4,5,5,5,2,17,19,2,9,1,1,C03,7,1,1,10,2,11,,19,19,1,18,8,C03,120.707524,24.119538,2
2023,3,27,18,38,臺中市,西屯區,0,0,0,8,,,30,,,,,,,,,,,,,,,23,,,,,B03,,,1,,1,,,23,,1,22,,B03,120.611793,24.184375,3
2023,3,27,18,38,臺中市,大肚區,0,0,0,8,,,50,,,,,,,,,,,,,,,7,,,,,B03,,,1,,2,,,7,,1,22,,B03,120.57333,24.157753,3
2023,3,27,18,42,臺中市,西屯區,0,0,0,8,,,80,,,,,,,,,,,,,,,23,,,,,B03,,,1,,1,,,23,,1,22,,B03,120.634948,24.179291,3
2023,3,27,18,49,臺中市,北屯區,0,1,0,8,3,5,50,14,9,1,5,4,5,7,4,4,1,4,4,2,13,16,2,9,1,1,C03,7,9,1,10,2,11,,16,16,1,21,8,C03,120.664601,24.184946,2
2023,3,27,18,50,臺中市,大里區,0,0,0,8,,,50,,,,,,,,,,,,,,,12,,,,,C03,,,1,,2,,,12,,1,22,,C03,120.703175,24.096148,3
2023,3,27,18,52,臺中市,大里區,0,2,0,7,3,5,40,14,9,1,5,4,5,7,4,4,10,5,5,2,16,6,2,9,1,1,C03,7,9,1,10,2,12,,6,6,1,22,8,C03,120.687461,24.11214,2
2023,3,27,18,53,臺中市,東區,0,0,0,,,,50,,,,,,,,,,,,,,,16,,,,,B03,,,1,,2,,,16,,1,22,,B03,120.704719,24.144366,3
2023,3,27,18,56,臺中市,西區,0,0,0,8,,,50,,,,,,,,,,,,,,,18,,,,,B03,,,1,8,2,,,18,18,1,22,,B03,120.665218,24.151862,3
2023,3,27,18,58,臺中市,南區,0,1,0,7,3,5,50,4,1,1,5,4,5,7,1,1,9,4,5,2,12,9,3,10,1,1,B12,7,6,1,6,2,2,,9,9,1,5,1,B12,120.685066,24.12957,2
2023,3,27,18,58,臺中市,北屯區,0,0,0,,,,50,,,,,,,,,,,,,,,23,,,,,B03,,,1,,1,,,23,,1,21,,B03,120.690591,24.18314,3
2023,3,27,19,0,臺中市,沙鹿區,0,0,0,8,,,50,,,,,,,,,,,,,,,6,,,,,B01,,,1,,2,,,6,,1,10,,B01,120.558464,24.236745,3
2023,3,27,19,2,臺中市,南屯區,0,0,0,6,,,50,,,,,,,,,,,,,,,26,,,,,B03,,,1,,9,,,26,,2,22,,B03,120.64936,24.142146,3
2023,3,27,19,5,臺中市,西區,0,0,0,6,,,50,,,,,,,,,,,,,,,23,,,,,B03,,,1,,1,,,23,,1,5,,B03,120.656015,24.151383,3
2023,3,27,19,9,臺中市,南屯區,0,1,0,8,3,5,50,14,9,1,5,4,5,7,4,4,1,4,5,2,17,23,2,9,3,4,C03,7,9,1,10,2,11,,23,23,1,22,9,C03,120.648262,24.140251,2
2023,3,27,19,12,臺中市,西屯區,0,0,0,8,,,50,,,,,,,,,,,,,,,23,,,,,B03,,,1,,1,,,23,,1,22,,B03,120.643878,24.200856,3
2023,3,27,19,13,臺中市,北區,0,3,0,8,3,5,40,3,1,1,5,4,5,7,2,1,10,5,5,2,18,42,2,9,1,1,C03,7,9,1,10,2,14,,42,42,1,22,9,C03,120.668072,24.159227,2
2023,3,27,19,20,臺中市,大里區,0,1,0,6,3,5,50,14,9,1,4,4,5,7,4,4,5,5,5,2,17,42,2,9,1,1,C03,7,15,1,10,2,11,,42,42,1,22,8,C03,120.683986,24.111981,2
2023,3,27,19,20,臺中市,沙鹿區,0,0,0,6,,,50,,,,,,,,,,,,,,,23,,,,,B12,,,1,,2,,,23,,1,9,,B12,120.576585,24.213909,3
2023,3,27,19,26,臺中市,太平區,0,3,0,8,3,5,50,3,1,1,5,4,5,7,4,4,5,5,5,2,16,23,2,9,1,1,C03,7,9,1,10,2,11,,23,23,1,21,8,C03,120.719193,24.124938,2
2023,3,27,19,26,臺中市,烏日區,0,0,0,8,,,30,,,,,,,,,,,,,,,17,,,,,B03,,,1,,2,,,17,,1,4,,B03,120.605761,24.117743,3
2023,3,27,19,29,臺中市,烏日區,0,0,0,8,,,50,,,,,,,,,,,,,,,42,,,,,B03,,,1,,2,,,42,,1,9,,B03,120.616844,24.116186,3
2023,3,27,19,39,臺中市,大肚區,0,1,0,6,3,5,50,14,9,1,4,4,5,7,4,4,5,5,5,1,17,26,3,10,3,4,C03,7,11,1,10,2,13,,26,26,1,22,9,C03,120.580658,24.172977,2
2023,3,27,19,42,臺中市,太平區,0,2,0,8,3,5,50,4,19,1,5,4,5,7,2,1,10,5,5,2,6,52,2,9,4,1,H01,8,18,8,20,10,16,,52,52,1,13,8,H01,120.723188,24.131929,2
2023,3,27,19,44,臺中市,霧峰區,0,1,0,6,3,5,60,14,8,1,4,4,5,7,4,4,1,4,1,1,17,23,2,9,1,1,C03,7,9,1,10,2,11,,23,23,1,22,8,C03,120.656671,24.087007,2
2023,3,27,19,47,臺中市,南屯區,0,1,0,8,3,5,30,11,9,1,5,4,5,7,4,4,10,5,5,2,18,43,2,9,1,1,C03,7,9,1,10,2,14,,43,43,1,22,8,C03,120.619254,24.150967,2
2023,3,27,19,47,臺中市,西屯區,0,0,0,6,,,50,,,,,,,,,,,,,,,16,,,,,C03,,,1,,1,,,16,,1,22,,C03,120.641442,24.173438,3
2023,3,27,19,50,臺中市,北區,0,0,0,8,,,50,,,,,,,,,,,,,,,42,,,,,A02,,,1,,1,,,42,,1,22,,A02,120.685988,24.154188,3
2023,3,27,19,58,臺中市,烏日區,0,0,0,8,,,50,,,,,,,,,,,,,,,12,,,,,B03,,,1,,2,,,12,,1,20,,B03,120.598031,24.109872,3
2023,3,27,20,0,臺中市,中區,0,0,0,,,,50,,,,,,,,,,,,,,,19,,,,,B03,,,1,,1,,,19,,1,5,,B03,120.680341,24.14182,3
2023,3,27,20,12,臺中市,西屯區,1,1,0,6,3,5,50,4,1,1,4,4,5,7,1,1,10,5,5,2,17,6,2,9,1,1,C03,7,5,1,10,2,11,,6,6,1,22,5,C03,120.634897,24.198062,1
2023,3,27,20,19,臺中市,西屯區,0,2,0,8,3,5,50,4,1,1,5,4,5,7,4,4,10,5,5,2,15,6,2,9,1,1,C03,7,9,1,10,2,12,,6,6,1,22,8,C03,120.655134,24.156565,2
2023,3,27,20,35,臺中市,龍井區,0,0,0,8,,,50,,,,,,,,,,,,,,,12,,,,,B03,,,1,,2,,,12,,1,22,,B03,120.587631,24.192138,3
2023,3,27,20,35,臺中市,沙鹿區,0,0,0,8,,,50,,,,,,,,,,,,,,,42,,,,,B03,,,1,,2,,,42,,1,21,,B03,120.579565,24.221673,3
2023,3,27,20,40,臺中市,豐原區,0,0,0,8,,,50,,,,,,,,,,,,,,,18,,,,,B03,,,1,,9,,,18,,1,22,,B03,120.723118,24.252797,3
2023,3,27,20,45,臺中市,南區,0,1,0,6,3,5,50,3,1,1,4,4,5,7,4,4,3,5,5,2,16,6,3,10,1,1,B03,7,6,1,8,2,2,,6,6,1,4,5,B03,120.670085,24.125645,2
2023,3,27,20,46,臺中市,北區,0,1,0,7,3,5,50,5,1,1,4,4,5,7,1,1,10,5,5,2,17,43,2,9,3,4,C03,7,6,1,10,2,14,,43,43,1,5,8,C03,120.674357,24.163259,2
2023,3,27,20,46,臺中市,南屯區,0,0,0,6,,,50,,,,,,,,,,,,,,,42,,,,,B03,,,1,,1,,,42,,1,22,,B03,120.635308,24.151451,3
2023,3,27,20,51,臺中市,南屯區,0,0,0,8,,,50,,,,,,,,,,,,,,,12,,,,,B12,,,1,,1,,,12,,1,22,,B12,120.643907,24.148095,3
2023,3,27,20,53,臺中市,南區,0,0,0,,,,50,,,,,,,,,,,,,,,23,,,,,B03,,,1,,2,,,23,,1,22,,B03,120.670188,24.114652,3
2023,3,27,20,54,臺中市,龍井區,0,1,0,8,3,5,50,4,2,1,5,4,5,7,1,1,5,5,5,1,16,19,2,8,3,4,C03,7,1,1,10,2,14,,19,19,1,22,9,C03,120.585023,24.18446,2
2023,3,27,20,55,臺中市,西屯區,0,1,0,6,3,5,50,3,1,1,4,4,5,7,2,1,10,5,5,2,13,16,2,9,1,1,B03,7,9,6,8,6,1,,16,16,1,22,8,B03,120.650673,24.175868,2
2023,3,27,20,55,臺中市,西屯區,0,2,0,6,3,5,40,4,1,1,4,4,5,7,1,1,10,5,5,2,13,16,2,9,1,1,C03,7,9,1,10,2,11,,16,16,1,22,8,C03,120.641076,24.167898,2
2023,3,27,20,56,臺中市,西屯區,0,1,0,8,1,5,40,5,2,1,5,4,5,7,2,1,1,4,1,2,13,16,2,8,1,1,F02,7,9,8,20,2,16,,16,16,1,22,8,F02,120.643586,24.165906,2
2023,3,27,20,58,臺中市,南屯區,0,1,0,6,3,5,50,4,1,1,4,4,5,7,1,1,5,5,5,2,12,6,3,10,3,4,B03,7,6,1,8,2,2,,6,6,1,22,8,B03,120.638191,24.139863,2
2023,3,27,20,59,臺中市,南屯區,0,1,0,6,1,5,50,4,1,1,4,4,5,7,1,1,10,5,5,2,18,23,2,9,1,1,C03,7,6,1,10,2,12,,23,23,1,22,8,C03,120.64696,24.150831,2
2023,3,27,21,21,臺中市,西屯區,0,0,0,8,,,40,,,,,,,,,,,,,,,12,,,,,B02,,,1,,1,,,12,,1,22,,B02,120.660981,24.16424,3
2023,3,27,21,25,臺中市,西區,0,1,0,7,3,5,50,4,1,1,4,4,5,7,1,1,10,5,5,2,16,10,2,9,1,1,C03,7,9,1,10,2,11,,44,10,1,4,8,C03,120.670562,24.139192,2
2023,3,27,21,26,臺中市,太平區,0,1,0,8,3,5,50,14,9,1,4,4,5,7,4,4,5,5,5,2,17,23,2,9,1,1,C03,7,9,1,10,2,11,,23,23,1,21,8,C03,120.718312,24.153324,2
2023,3,27,21,29,臺中市,南屯區,0,0,0,,,,50,,,,,,,,,,,,,,,12,,,,,B03,,,1,,1,,,12,,1,22,,B03,120.647016,24.148797,3
2023,3,27,21,43,臺中市,南區,0,0,0,8,,,50,,,,,,,,,,,,,,,23,,,,,B03,,,1,,2,,,23,,1,5,,B03,120.660486,24.113207,3
2023,3,27,21,43,臺中市,沙鹿區,0,0,0,8,4,5,50,14,7,1,5,4,5,7,4,4,5,5,4,2,18,42,2,9,1,1,C03,7,12,1,10,2,14,,42,42,1,9,8,C03,120.579149,24.22011,3
2023,3,27,21,45,臺中市,北區,0,1,0,8,3,5,50,4,1,1,5,4,5,7,2,1,3,4,4,2,13,23,2,9,1,1,C03,7,9,1,10,2,11,,23,23,1,22,8,C03,120.69432,24.156811,2
2023,3,27,21,47,臺中市,北區,0,1,0,7,3,5,50,14,9,1,5,4,5,7,4,4,5,5,5,2,17,26,3,10,1,1,B03,7,9,1,8,2,2,,26,17,1,22,9,B03,120.670529,24.162837,2
2023,3,27,21,49,臺中市,北屯區,0,1,0,8,3,5,40,3,1,1,5,4,5,7,4,4,1,4,5,2,13,13,2,9,1,1,C03,7,9,1,10,2,11,,13,13,1,3,8,C03,120.6678,24.1793,2
2023,3,27,21,50,臺中市,南區,0,1,0,7,1,5,50,4,1,1,5,4,5,7,4,4,10,5,5,2,18,23,2,9,1,1,C03,7,9,1,10,2,14,,23,23,1,22,8,C03,120.683142,24.131573,2
2023,3,27,22,3,臺中市,北區,0,0,0,8,,,50,,,,,,,,,,,,,,,12,,,,,C03,,,1,,2,,,12,,1,22,,C03,120.679922,24.159125,3
2023,3,27,22,11,臺中市,龍井區,0,0,0,,,,30,,,,,,,,,,,,,,,23,,,,,B03,,,1,,2,,,23,,1,5,,B03,120.590785,24.180035,3
2023,3,27,22,17,臺中市,北區,0,1,0,7,3,5,40,14,8,1,5,4,5,7,4,4,3,4,4,2,12,23,3,10,1,1,C03,7,9,1,10,2,12,,23,23,1,22,8,C03,120.675989,24.158825,2
2023,3,27,22,23,臺中市,潭子區,0,1,0,8,1,5,60,3,2,1,5,4,5,7,4,4,1,4,4,1,17,23,2,9,1,1,C03,7,9,2,18,2,11,,23,23,1,22,8,C03,120.705267,24.209873,2
2023,3,27,22,23,臺中市,南屯區,0,0,0,8,,,50,,,,,,,,,,,,,,,25,,,,,B02,,,1,,2,,,25,,1,16,,B02,120.646712,24.150935,4
2023,3,27,22,45,臺中市,北屯區,0,1,0,8,3,5,50,14,8,1,5,4,5,7,4,4,5,4,4,2,16,23,2,9,1,1,C03,7,9,1,10,2,11,,23,23,1,21,8,C03,120.7113,24.16972,2
2023,3,28,1,1,臺中市,大里區,0,1,0,8,3,5,50,4,1,1,4,4,5,7,3,1,10,5,5,2,15,6,3,10,1,1,B03,7,9,1,8,2,2,,6,6,1,5,5,B03,120.692295,24.115145,2
2023,3,28,1,7,臺中市,北區,0,0,0,6,,,50,,,,,,,,,,,,,,,23,,,,,B11,,,1,,1,,,23,23,1,22,,B11,120.691738,24.160486,3
2023,3,28,1,7,臺中市,西屯區,0,1,0,6,3,5,50,4,2,1,4,4,5,7,1,1,1,2,5,2,18,42,2,9,1,1,C03,7,9,1,10,2,12,,42,42,1,22,8,C03,120.659291,24.175778,2
2023,3,28,1,12,臺中市,南屯區,0,0,0,6,,,50,,,,,,,,,,,,,,,26,,,,,B12,,,6,18,11,,,26,26,2,22,,B12,120.637667,24.138471,3
2023,3,28,1,24,臺中市,南區,0,1,0,6,3,5,50,3,2,1,4,4,5,7,2,1,10,5,5,2,12,23,2,9,1,1,C03,7,9,1,10,2,12,,23,23,1,21,8,C03,120.679294,24.122292,2
2023,3,28,1,35,臺中市,南屯區,0,1,0,6,3,5,50,3,2,1,4,4,5,7,4,4,4,3,5,2,16,6,3,10,1,1,A11,7,6,1,3,2,5,1,6,6,1,22,8,A11,120.640936,24.14693,2
2023,3,28,2,28,臺中市,西區,0,0,0,,,,50,,,,,,,,,,,,,,,23,,,,,B03,,,1,,2,,,23,,1,5,,B03,120.678394,24.136479,3
2023,3,28,3,3,臺中市,大里區,0,0,0,8,1,5,50,14,13,1,5,4,5,7,4,4,5,5,5,1,29,19,,,,,B12,,,1,,11,,,19,,1,10,,B12,120.698203,24.096646,3
2023,3,28,5,15,臺中市,西區,0,0,0,8,,,30,,,,,,,,,,,,,,,6,,,,,C03,,,1,,2,,,6,,1,4,,C03,120.675424,24.150936,3
2023,3,28,5,20,臺中市,烏日區,0,3,0,8,3,5,50,4,1,1,5,4,5,7,3,1,10,5,5,2,16,6,2,9,1,1,B03,7,9,1,8,2,4,,6,6,1,21,8,B03,120.64545,24.057853,2
2023,3,28,6,36,臺中市,北屯區,0,3,0,8,1,5,50,5,1,1,5,4,5,7,2,1,10,5,5,2,17,25,2,9,1,1,C03,7,9,1,10,2,11,,25,25,1,5,8,C03,120.699657,24.182576,2
2023,3,28,6,45,臺中市,龍井區,0,0,0,,,,50,,,,,,,,,,,,,,,23,,,,,B03,,,1,,2,,,23,,1,5,,B03,120.573923,24.185589,3
2023,3,28,6,52,臺中市,北屯區,0,1,0,8,1,5,50,14,9,1,5,4,5,7,4,4,5,5,5,2,16,19,3,10,1,1,B03,7,1,1,8,2,8,,19,19,1,22,8,B03,120.700408,24.186128,2
2023,3,28,6,57,臺中市,豐原區,0,2,0,8,1,5,50,4,1,1,5,4,5,7,1,1,10,5,5,2,17,8,2,9,1,1,C03,7,5,1,10,2,12,,8,8,1,22,8,C03,120.726647,24.247665,2
2023,3,28,7,7,臺中市,太平區,0,2,0,8,1,5,50,4,1,1,5,4,5,7,4,4,5,4,5,2,3,23,2,8,1,1,C03,7,9,1,10,2,11,,23,23,1,21,8,C03,120.734197,24.149852,2
2023,3,28,7,10,臺中市,北區,0,1,0,8,1,5,50,3,2,1,5,4,5,7,4,4,5,4,5,2,18,42,2,9,1,1,C03,7,9,1,10,11,12,,42,42,1,22,8,C03,120.67517,24.159213,2
2023,3,28,7,10,臺中市,大甲區,0,2,0,7,1,5,50,4,1,1,5,4,5,7,1,1,10,5,5,1,15,25,2,2,1,1,B03,7,9,1,8,3,1,,25,25,1,22,8,B03,120.621558,24.34778,2
2023,3,28,7,15,臺中市,沙鹿區,0,1,0,8,1,5,50,14,9,1,5,4,5,7,4,4,1,3,4,1,12,7,3,10,1,1,B03,7,8,1,8,2,2,,7,7,1,22,8,B03,120.552859,24.216617,2
2023,3,28,7,20,臺中市,大雅區,0,1,0,8,1,5,50,3,1,1,5,4,5,7,2,1,10,4,5,1,15,25,3,10,1,1,C03,7,9,1,10,2,11,,25,25,1,22,9,C03,120.644474,24.229064,2
2023,3,28,7,23,臺中市,西屯區,0,0,0,8,,,60,,,,,,,,,,,,,,,25,,,,,B03,,,6,,3,,,25,,1,22,,B03,120.628867,24.162746,3
2023,3,28,7,26,臺中市,豐原區,0,1,0,7,1,5,50,3,1,1,5,4,5,1,4,4,5,5,5,1,17,19,3,10,1,1,B03,7,1,1,8,2,5,,19,19,1,22,8,B03,120.701129,24.245298,2
2023,3,28,7,29,臺中市,沙鹿區,0,0,0,8,1,5,40,14,8,1,5,4,5,7,4,4,10,5,5,1,13,23,2,8,1,1,C03,7,9,1,10,2,11,,23,23,1,4,1,C03,120.570601,24.236051,3
2023,3,28,7,29,臺中市,東勢區,0,0,0,8,,,60,,,,,,,,,,,,,,,23,,,,,B03,,,1,,9,,,23,23,1,21,,B03,120.811514,24.281566,3
2023,3,28,7,30,臺中市,西屯區,0,0,0,8,,,80,,,,,,,,,,,,,,,67,,,,,,,,,,,,,67,,1,,,,120.634948,24.179291,3
2023,3,28,7,33,臺中市,大安區,0,2,0,8,1,5,50,14,9,1,5,4,5,7,4,4,5,5,5,1,12,42,2,9,1,1,C03,7,9,1,10,2,12,,42,42,1,22,1,C03,120.586857,24.345705,2
2023,3,28,7,34,臺中市,北區,0,2,0,8,1,5,40,4,9,1,5,4,5,7,1,1,1,4,4,2,16,9,2,9,1,1,C03,7,6,1,10,2,12,,9,9,1,22,9,C03,120.684845,24.16349,2
2023,3,28,7,34,臺中市,豐原區,0,1,0,8,1,5,50,14,7,1,5,4,5,7,4,4,5,5,4,2,17,40,3,10,1,1,B03,7,14,1,8,2,8,,40,40,1,22,8,B03,120.724466,24.249457,2
2023,3,28,7,35,臺中市,西屯區,0,0,0,8,,,50,,,,,,,,,,,,,,,19,,,,,B03,,,1,,1,,,19,,1,4,,B03,120.660696,24.16534,3
2023,3,28,7,35,臺中市,清水區,0,0,0,,,,50,,,,,,,,,,,,,,,16,,,,,C03,,,1,,1,,,16,16,1,5,,C03,120.577053,24.272998,3
2023,3,28,7,35,臺中市,清水區,0,0,0,,,,30,,,,,,,,,,,,,,,6,,,,,A12,,,1,,2,,,6,,1,10,,A12,120.577673,24.28722,3
2023,3,28,7,37,臺中市,北屯區,0,0,0,8,,,50,,,,,,,,,,,,,,,26,,,,,B03,,,1,,1,,,26,,1,4,,B03,120.717751,24.167973,3
2023,3,28,7,37,臺中市,沙鹿區,0,0,0,8,1,5,60,14,12,1,5,4,5,7,1,1,1,4,4,1,13,16,2,8,1,1,C03,7,9,1,10,2,11,,16,16,1,9,8,C03,120.60765,24.246637,3
2023,3,28,7,37,臺中市,梧棲區,0,0,0,,,,40,,,,,,,,,,,,,,,12,,,,,B03,,,1,,2,,,12,,1,4,,B03,120.53628,24.257178,3
2023,3,28,7,38,臺中市,大里區,0,1,0,8,2,5,50,3,1,1,5,4,5,7,4,4,10,5,5,2,29,66,,,,,,,,,,,,,66,66,1,,,,120.697763,24.094794,2
2023,3,28,7,39,臺中市,西屯區,0,1,0,8,1,5,50,14,9,1,5,4,5,7,4,4,9,5,5,2,16,19,3,10,3,4,B03,7,1,1,8,2,7,,19,19,1,22,8,B03,120.626301,24.18278,2
2023,3,28,7,39,臺中市,沙鹿區,0,0,0,8,,,50,,,,,,,,,,,,,,,23,,,,,B03,,,1,,2,,,23,,1,4,,B03,120.569453,24.202096,3
2023,3,28,7,40,臺中市,太平區,0,0,0,8,,,50,,,,,,,,,,,,,,,26,,,,,C03,,,1,,2,,,26,,1,22,,C03,120.724808,24.142324,3
2023,3,28,7,41,臺中市,太平區,0,0,0,8,,,50,,,,,,,,,,,,,,,26,,,,,C03,,,1,,2,,,26,,1,21,,C03,120.713341,24.149452,3
2023,3,28,7,44,臺中市,南屯區,0,0,0,8,1,5,50,14,9,1,5,4,5,7,4,4,5,5,5,2,13,23,,,,,B03,,,1,,1,,,23,23,1,5,,B03,120.612791,24.148444,3
2023,3,28,7,44,臺中市,大里區,0,0,0,8,,,50,,,,,,,,,,,,,,,23,,,,,C03,,,1,,2,,,23,,1,22,,C03,120.704403,24.105979,3
2023,3,28,7,47,臺中市,大雅區,0,2,0,8,1,5,30,4,1,1,5,4,5,7,4,4,10,5,5,1,15,6,2,9,1,1,C03,7,9,1,10,11,12,,6,6,2,21,8,C03,120.67038,24.243823,2
2023,3,28,7,47,臺中市,北區,0,0,0,8,,,50,,,,,,,,,,,,,,,23,,,,,C03,,,1,,1,,,23,,1,5,,C03,120.669247,24.166837,3
2023,3,28,7,47,臺中市,北屯區,0,0,0,8,,,50,,,,,,,,,,,,,,,23,,,,,B03,,,1,,1,,,23,23,1,21,,B03,120.700136,24.164975,3
2023,3,28,7,49,臺中市,大里區,0,0,0,8,,,50,,,,,,,,,,,,,,,23,,,,,B03,,,1,,2,,,23,,1,5,,B03,120.699811,24.110395,3
2023,3,28,7,50,臺中市,南屯區,0,0,0,8,1,5,50,4,22,1,5,4,5,7,4,4,10,5,5,2,25,42,3,10,3,4,A41,7,15,1,1,2,1,,42,42,1,22,8,A41,120.62547,24.117889,3
2023,3,28,7,52,臺中市,太平區,0,2,0,8,1,5,30,4,1,1,5,4,5,7,1,1,5,5,5,2,16,6,2,9,1,1,C03,7,5,1,10,2,11,,6,6,1,18,8,C03,120.719885,24.121204,2
2023,3,28,7,53,臺中市,北屯區,0,0,0,8,,,50,,,,,,,,,,,,,,,23,,,,,B03,,,1,,1,,,23,,1,22,,B03,120.679641,24.189413,3
2023,3,28,7,55,臺中市,潭子區,0,1,0,8,1,5,50,4,18,1,5,4,5,7,4,4,5,5,5,2,3,15,3,10,1,1,C03,7,9,1,10,2,11,,15,15,1,22,9,C03,120.705658,24.231632,2
2023,3,28,7,55,臺中市,南屯區,0,1,0,8,1,5,50,4,1,1,5,4,5,7,1,1,10,5,5,2,18,42,2,9,1,4,C03,7,5,1,10,2,12,,42,42,1,22,8,C03,120.653005,24.135752,2
2023,3,28,7,56,臺中市,沙鹿區,0,0,0,8,,,60,,,,,,,,,,,,,,,42,,,,,B03,,,1,,2,,,42,,1,22,,B03,120.59692,24.249968,4
2023,3,28,7,59,臺中市,中區,0,1,0,8,1,5,50,4,1,1,5,4,5,7,1,1,10,5,5,2,17,10,3,10,1,1,B03,7,11,1,8,2,2,,10,10,1,4,1,B03,120.682905,24.140778,2
2023,3,28,8,0,臺中市,西屯區,0,1,0,8,1,5,50,4,1,1,5,4,5,7,1,1,9,4,4,2,13,23,2,9,1,1,C03,7,9,1,10,2,11,,23,23,1,12,8,C03,120.637821,24.17154,2
2023,3,28,8,0,臺中市,沙鹿區,0,0,0,8,1,5,60,3,7,1,1,4,5,7,1,1,1,3,4,1,12,7,,,,,B03,,,1,,2,,,7,,1,22,,B03,120.603614,24.248578,3
2023,3,28,8,0,臺中市,神岡區,0,0,0,8,,,30,,,,,,,,,,,,,,,23,,,,,B12,,,1,,1,,,23,,1,21,,B12,120.709283,24.264366,3
2023,3,28,8,2,臺中市,北屯區,0,2,0,8,1,5,30,14,9,1,5,4,5,7,4,4,1,4,5,2,13,23,2,8,1,1,C03,7,9,1,9,2,11,,23,23,1,21,8,C03,120.674333,24.201431,2
2023,3,28,8,3,臺中市,西屯區,0,0,0,8,1,5,50,14,9,1,5,4,5,7,4,4,5,4,5,2,13,16,3,10,1,1,C03,7,9,1,10,1,11,,16,16,1,4,1,C03,120.619281,24.187737,3
2023,3,28,8,5,臺中市,北屯區,0,0,0,8,,,50,,,,,,,,,,,,,,,7,,,,,B03,,,1,,2,,,7,,1,21,,B03,120.701003,24.164984,3
2023,3,28,8,5,臺中市,烏日區,0,0,0,8,1,5,50,14,9,1,5,4,5,7,4,4,10,5,5,2,17,17,,,,,B03,,,1,,2,,,17,,1,22,,B03,120.637483,24.110491,3
2023,3,28,8,6,臺中市,西屯區,0,0,0,8,,,30,,,,,,,,,,,,,,,23,,,,,B03,,,1,,1,,,23,,1,22,,B03,120.639414,24.188611,3
2023,3,28,8,8,臺中市,北屯區,0,2,0,8,1,5,50,4,1,1,5,4,5,7,4,4,10,5,5,2,16,6,2,9,1,1,C03,7,9,1,10,2,11,,6,6,1,4,8,C03,120.683048,24.183601,2
2023,3,28,8,11,臺中市,潭子區,0,0,0,8,,,60,,,,,,,,,,,,,,,42,,,,,B12,,,6,,2,,,42,42,1,22,,B12,120.705022,24.207144,3
2023,3,28,8,13,臺中市,西屯區,0,2,0,8,1,5,50,3,1,1,5,4,5,7,4,4,10,5,5,2,17,6,2,9,3,4,C03,7,6,1,10,2,13,,6,6,1,22,8,C03,120.654631,24.199008,2
2023,3,28,8,14,臺中市,北區,0,1,0,8,1,5,50,14,7,1,5,4,5,7,4,4,1,4,5,2,16,7,3,10,1,1,C03,7,7,1,10,2,12,,7,7,1,5,8,C03,120.687213,24.155849,2
2023,3,28,8,16,臺中市,北區,0,0,0,8,,,40,,,,,,,,,,,,,,,43,,,,,C03,,,1,,1,,,43,43,1,22,,C03,120.68785,24.153266,3
2023,3,28,8,17,臺中市,北屯區,0,0,0,8,,,50,,,,,,,,,,,,,,,23,,,,,B12,,,1,,1,,,23,,1,21,,B12,120.717862,24.170169,3
2023,3,28,8,20,臺中市,北區,0,1,0,8,1,5,50,11,9,1,5,4,5,7,4,4,10,5,5,2,16,19,3,10,1,1,B03,7,1,1,8,2,8,,19,19,1,5,8,B03,120.685456,24.163099,2
2023,3,28,8,20,臺中市,烏日區,0,0,0,8,1,5,50,14,8,1,5,4,5,7,4,4,9,4,4,2,16,26,,,,,F02,,,8,,2,,,26,26,1,22,,F02,120.646344,24.093525,3
2023,3,28,8,27,臺中市,北區,0,1,0,8,1,5,50,4,1,1,5,4,5,7,1,1,10,5,5,2,15,25,3,10,1,1,B03,7,9,1,8,2,1,,25,25,1,5,8,B03,120.676489,24.159195,2
2023,3,28,8,27,臺中市,北屯區,0,0,0,8,,,50,,,,,,,,,,,,,,,16,,,,,B12,,,1,,2,,,16,,1,21,,B12,120.698174,24.171305,3