年,月,日,時,分,縣市,區,死,受傷,2-30,天候,光線,道路類別,速限,道路型態,事故位置,路面鋪裝,路面狀態,路面缺陷,障礙物,視距,號誌種類,號誌動作,分向設施,快車道或一般車道間,快慢車道間,路面邊線,事故類型及型態,主要肇因,受傷程度,主要傷處,保護裝備,行動電話,當事者區分,車輛用途,當事者行動狀態,駕駛資格情形,駕駛執照種類,飲酒情形,車輛撞擊部位最初,車輛撞擊部位其他,肇事因素個別,肇事因素主要,肇事逃逸,職業,旅次目的,車種,GPS緯度,GPS經度,事故類別
2023,3,28,8,28,臺中市,大雅區,0,0,0,6,,,50,,,,,,,,,,,,,,,26,,,,,B03,,,1,,2,,,26,,1,21,,B03,120.650736,24.209452,3
2023,3,28,8,29,臺中市,北屯區,0,2,0,8,1,5,50,4,1,1,5,4,5,7,2,1,10,5,5,2,17,26,2,9,1,1,C03,7,9,1,10,2,14,,26,26,1,5,8,C03,120.685398,24.172386,2
2023,3,28,8,31,臺中市,北屯區,0,0,0,8,,,50,,,,,,,,,,,,,,,16,,,,,B03,,,1,,1,,,16,,1,21,,B03,120.705206,24.168257,3
2023,3,28,8,32,臺中市,大雅區,0,1,0,7,1,5,50,4,1,1,5,4,5,7,4,4,10,4,5,1,15,6,2,9,1,1,C03,7,9,1,9,2,11,,6,6,1,22,9,C03,120.666221,24.238067,2
2023,3,28,8,32,臺中市,北屯區,0,1,0,8,1,5,30,3,1,1,5,4,5,7,4,4,10,5,5,2,16,6,3,10,1,1,B03,7,5,1,8,2,1,,6,6,1,21,8,B03,120.662506,24.192175,2
2023,3,28,8,33,臺中市,西屯區,0,1,0,8,1,5,50,3,1,1,5,4,5,7,4,4,1,5,5,2,16,9,3,10,1,1,B03,7,6,1,8,2,6,,9,9,1,4,8,B03,120.640626,24.154672,2
2023,3,28,8,35,臺中市,北區,0,0,0,8,,,30,,,,,,,,,,,,,,,12,,,,,B12,,,1,,1,,,12,,1,22,,B12,120.694126,24.153245,3
2023,3,28,8,37,臺中市,西屯區,0,1,0,8,1,5,40,15,8,1,5,4,5,7,4,4,5,4,4,2,13,16,2,9,3,4,C03,7,9,1,10,2,11,,16,16,1,22,8,C03,120.621123,24.171906,2
2023,3,28,8,39,臺中市,西屯區,0,2,0,8,1,5,50,4,1,1,5,4,5,7,1,1,1,3,5,2,16,25,2,9,1,1,C03,7,9,1,10,2,11,,25,25,1,22,8,C03,120.642715,24.172185,2
2023,3,28,8,40,臺中市,南屯區,0,2,0,8,1,5,40,14,8,1,5,4,5,7,1,1,5,4,4,2,17,4,3,10,1,1,C03,7,9,1,10,2,14,,4,4,1,5,1,C03,120.612558,24.13844,2
2023,3,28,8,41,臺中市,霧峰區,0,0,0,8,1,5,50,5,1,1,5,4,5,7,1,1,10,5,5,2,16,19,,,,,B03,,,1,,2,,,19,,1,2,,B03,120.6963,24.054327,3
2023,3,28,8,45,臺中市,東區,0,2,0,8,1,5,30,3,1,1,5,4,5,7,4,4,10,5,5,2,12,6,2,9,1,1,C03,7,5,1,10,2,14,,6,6,1,22,8,C03,120.707858,24.1461,2
2023,3,28,8,45,臺中市,大肚區,0,0,0,8,,,50,,,,,,,,,,,,,,,6,,,,,C03,,,1,,1,,,6,,1,2,,C03,120.548492,24.148408,4
2023,3,28,8,47,臺中市,西區,0,2,0,7,1,5,1,14,9,1,5,4,5,7,4,4,5,5,5,2,17,19,2,9,3,4,C03,7,1,1,10,2,11,,19,19,1,21,8,C03,120.667319,24.151985,2
2023,3,28,8,47,臺中市,西屯區,0,2,0,8,1,5,30,4,1,1,5,4,5,7,4,4,9,5,5,2,16,6,2,9,1,1,C03,7,9,1,10,1,11,,6,6,1,12,8,C03,120.638061,24.181681,2
2023,3,28,8,47,臺中市,霧峰區,0,0,0,8,,,40,,,,,,,,,,,,,,,26,,,,,B12,,,1,,2,,,26,,1,10,,B12,120.662944,24.063028,3
2023,3,28,8,47,臺中市,龍井區,0,0,0,8,,,30,,,,,,,,,,,,,,,23,,,,,B03,,,1,,2,,,23,,1,21,,B03,120.5,24.1,3
2023,3,28,8,48,臺中市,西屯區,0,0,0,8,1,5,50,4,2,1,5,4,5,7,4,4,5,4,5,2,13,16,3,10,1,1,C03,7,9,1,10,1,11,,16,16,1,5,1,C03,120.655924,24.171946,4
2023,3,28,8,50,臺中市,豐原區,0,0,0,8,,,50,,,,,,,,,,,,,,,6,,,,,B12,,,1,,2,,,6,,1,22,,B12,120.721282,24.277861,3
2023,3,28,8,56,臺中市,沙鹿區,0,2,0,8,1,5,30,15,9,2,5,4,5,7,4,4,10,5,5,2,11,5,2,8,1,1,C03,7,15,1,10,2,11,,5,5,1,18,9,C03,120.588894,24.19861,2
2023,3,28,8,58,臺中市,北屯區,0,3,0,8,1,5,30,14,9,1,5,4,5,7,4,4,10,5,5,2,12,16,2,8,1,1,C03,7,9,1,10,2,14,,16,16,1,22,8,C03,120.697942,24.177061,2
2023,3,28,9,1,臺中市,西屯區,0,2,0,8,1,5,50,3,1,1,5,4,5,7,4,4,10,5,5,2,16,8,2,9,1,4,C03,7,5,1,10,2,14,,8,8,1,22,8,C03,120.654875,24.198968,2
2023,3,28,9,1,臺中市,神岡區,0,0,0,8,,,60,,,,,,,,,,,,,,,16,,,,,B03,,,1,,2,,,16,,1,22,,B03,120.695282,24.232793,3
2023,3,28,9,3,臺中市,后里區,0,0,0,8,,,50,,,,,,,,,,,,,,,23,,,,,B03,,,1,,2,,,23,,1,5,,B03,120.721588,24.309016,3
2023,3,28,9,5,臺中市,北區,0,2,0,8,1,5,50,4,1,1,5,4,5,7,1,1,5,4,5,2,16,8,2,9,1,1,C03,7,5,1,10,2,11,,8,8,1,5,8,C03,120.675156,24.16698,2
2023,3,28,9,5,臺中市,大里區,0,0,0,8,,,60,,,,,,,,,,,,,,,7,,,,,C03,,,1,,2,,,7,,1,22,,C03,120.684871,24.09709,3
2023,3,28,9,6,臺中市,北屯區,0,1,0,8,1,5,50,5,1,1,5,4,5,7,1,1,10,5,5,2,17,6,3,10,1,1,B03,7,5,1,8,2,1,,6,6,1,21,8,B03,120.695089,24.185355,2
2023,3,28,9,13,臺中市,龍井區,0,3,0,8,1,5,40,4,1,1,5,4,5,7,1,1,1,5,5,2,16,25,2,8,1,1,B03,7,5,1,8,2,1,,25,25,1,22,8,B03,120.582898,24.187285,2
2023,3,28,9,20,臺中市,梧棲區,0,0,0,8,,,50,,,,,,,,,,,,,,,42,,,,,B03,,,1,,1,,,42,,1,19,,B03,120.53602,24.258917,3
2023,3,28,9,22,臺中市,太平區,0,0,0,8,,,50,,,,,,,,,,,,,,,19,,,,,C03,,,1,,1,,,19,,1,22,,C03,120.700997,24.148036,3
2023,3,28,9,23,臺中市,西屯區,0,0,0,8,,,40,,,,,,,,,,,,,,,23,,,,,B03,,,1,,1,,,23,,1,22,,B03,120.626236,24.178337,3
2023,3,28,9,26,臺中市,西屯區,0,0,0,8,,,40,,,,,,,,,,,,,,,23,,,,,A11,,,1,,1,,,23,23,1,22,,A11,120.63189,24.162268,3
2023,3,28,9,27,臺中市,西區,0,0,0,8,1,5,50,4,2,1,5,4,5,7,1,1,5,4,5,2,13,23,,,,,C03,,,1,,1,,,23,,1,19,,C03,120.675492,24.133622,3
2023,3,28,9,29,臺中市,北屯區,0,2,0,8,1,5,50,4,1,1,5,4,5,7,4,4,10,5,5,2,16,6,2,8,1,1,B03,7,5,1,8,2,4,,6,6,1,21,8,B03,120.724507,24.167476,2
2023,3,28,9,35,臺中市,大甲區,0,1,0,8,1,5,50,4,1,1,5,4,5,7,4,4,10,5,5,1,15,6,3,10,1,1,B03,7,9,1,8,2,1,,6,6,1,22,8,B03,120.618137,24.351445,2
2023,3,28,9,43,臺中市,清水區,0,1,0,8,1,5,50,4,1,1,5,4,5,7,1,1,10,5,5,2,12,17,3,10,1,1,B03,7,9,1,8,2,2,,17,17,1,4,5,B03,120.577053,24.272998,2
2023,3,28,9,44,臺中市,西區,0,2,0,8,1,5,50,4,1,1,5,4,5,7,4,4,10,5,5,2,15,6,2,9,1,1,C03,7,9,1,10,2,11,,6,6,1,21,8,C03,120.666869,24.133901,2
2023,3,28,9,52,臺中市,烏日區,0,0,0,8,,,60,,,,,,,,,,,,,,,23,,,,,C03,,,1,,2,,,23,,1,21,,C03,120.634183,24.106282,3
2023,3,28,9,57,臺中市,南屯區,0,1,0,8,1,5,50,14,7,1,5,4,5,7,4,4,1,4,4,2,13,16,2,9,3,4,C03,7,9,1,10,2,11,,16,16,1,4,9,C03,120.627848,24.144943,2
2023,3,28,10,0,臺中市,大里區,0,0,0,8,1,5,50,14,13,1,5,4,5,7,4,4,9,5,5,1,17,23,,,,,B03,,,1,,2,,,23,,1,5,,B03,120.715256,24.099369,3
2023,3,28,10,3,臺中市,太平區,0,1,0,8,1,5,50,4,1,1,5,4,5,7,1,1,10,5,5,2,16,6,3,10,1,1,A12,7,5,1,7,2,8,,6,6,1,21,8,A12,120.729245,24.106828,2
2023,3,28,10,6,臺中市,沙鹿區,0,1,0,8,1,5,50,3,1,1,5,4,5,7,4,4,10,5,5,2,16,6,3,10,1,1,B03,7,6,1,8,2,5,,6,6,1,9,8,B03,120.568699,24.21668,2
2023,3,28,10,8,臺中市,沙鹿區,0,0,0,8,1,5,50,14,9,1,5,4,5,7,1,1,4,4,5,2,27,23,2,9,1,1,C03,7,9,1,10,2,11,,23,23,1,4,1,C03,120.571385,24.199228,3
2023,3,28,10,10,臺中市,沙鹿區,0,1,0,8,1,5,50,4,9,1,5,4,5,7,1,1,4,3,4,1,12,1,2,9,1,1,C03,7,4,1,10,2,12,,1,1,1,22,8,C03,120.573294,24.222368,2
2023,3,28,10,15,臺中市,南區,0,1,0,8,1,5,50,14,9,1,5,4,5,7,4,4,5,5,5,2,16,1,2,7,1,1,C03,7,4,1,10,2,12,,1,1,1,18,8,C03,120.681113,24.123633,2
2023,3,28,10,15,臺中市,東區,0,1,0,8,1,5,50,4,1,1,5,4,5,7,2,1,10,5,2,2,17,26,2,9,1,1,C03,7,5,4,11,2,13,,26,26,1,21,8,C03,120.690048,24.12703,2
2023,3,28,10,20,臺中市,沙鹿區,0,0,0,8,,,40,,,,,,,,,,,,,,,23,,,,,B03,,,1,,2,,,23,,1,22,,B03,120.57459,24.229507,3
2023,3,28,10,24,臺中市,外埔區,0,0,0,8,,,50,,,,,,,,,,,,,,,23,,,,,A11,,,1,,2,,,23,,1,10,,A11,120.642098,24.341638,4
2023,3,28,10,26,臺中市,清水區,0,1,0,8,1,5,50,14,7,1,5,4,5,7,4,4,5,5,4,2,13,16,2,9,1,1,C03,7,9,1,10,2,12,,16,26,1,21,8,C03,120.572451,24.273868,2
2023,3,28,10,30,臺中市,大雅區,0,0,0,8,,,50,,,,,,,,,,,,,,,16,,,,,A12,,,1,,2,,,16,,1,22,,A12,120.649809,24.213705,4
2023,3,28,10,30,臺中市,東區,0,2,0,8,1,5,50,3,1,1,5,4,5,7,4,4,10,5,5,2,13,16,2,9,1,1,C03,7,9,1,10,2,11,,16,16,1,22,8,C03,120.686831,24.143065,2
2023,3,28,10,30,臺中市,南區,0,0,0,,,,50,,,,,,,,,,,,,,,23,,,,,B03,,,1,,2,,,23,,1,5,,B03,120.662382,24.120947,3
2023,3,28,10,31,臺中市,西屯區,0,0,0,8,,,50,,,,,,,,,,,,,,,23,,,,,B03,,,1,,1,,,23,,1,4,,B03,120.612108,24.184295,3
2023,3,28,10,35,臺中市,東區,0,1,0,8,1,5,50,4,2,1,5,4,5,7,3,1,10,5,5,2,12,23,3,10,1,1,B03,7,9,1,8,2,2,,23,23,1,4,8,B03,120.692536,24.146241,2
2023,3,28,10,35,臺中市,北屯區,0,2,0,8,1,5,50,14,9,1,5,4,5,7,1,1,5,5,5,2,17,7,2,9,1,1,F02,7,7,8,20,2,15,,7,7,1,4,8,F02,120.726858,24.174103,2
2023,3,28,10,39,臺中市,梧棲區,0,0,0,,,,40,,,,,,,,,,,,,,,12,,,,,A12,,,1,,2,,,12,,1,4,,A12,120.530615,24.241316,3
2023,3,28,10,41,臺中市,北區,0,0,0,8,,,50,,,,,,,,,,,,,,,16,,,,,B12,,,1,,1,,,16,,1,5,,B12,120.684855,24.159942,3
2023,3,28,10,41,臺中市,龍井區,0,0,0,8,,,60,,,,,,,,,,,,,,,23,,,,,B03,,,1,,2,,,23,,1,21,,B03,120.53,24.22,3
2023,3,28,10,42,臺中市,西屯區,0,0,0,8,,,50,,,,,,,,,,,,,,,6,,,,,A06,,,1,,2,,,6,6,1,12,,A06,120.644571,24.194756,3
2023,3,28,10,44,臺中市,東區,0,0,0,,,,50,,,,,,,,,,,,,,,23,,,,,C03,,,1,,2,,,23,,1,5,,C03,120.697171,24.136934,3
2023,3,28,10,50,臺中市,豐原區,0,3,0,8,1,5,50,14,7,1,5,4,5,7,4,4,9,5,4,2,12,16,2,9,1,1,C03,7,9,4,8,2,11,,16,16,1,19,5,C03,120.723367,24.251848,2
2023,3,28,11,0,臺中市,北屯區,0,0,0,8,,,50,,,,,,,,,,,,,,,7,,,,,A11,,,1,,1,,,7,,1,21,,A11,120.693691,24.163834,3
2023,3,28,11,2,臺中市,豐原區,0,1,0,8,1,5,50,14,7,1,5,4,5,7,4,4,5,5,4,2,18,42,2,9,1,1,C03,7,9,1,10,2,14,,42,42,1,21,8,C03,120.724398,24.239041,2
2023,3,28,11,4,臺中市,北屯區,0,1,0,8,1,5,50,3,1,1,5,4,5,7,1,1,10,5,5,2,13,16,2,8,1,1,C03,7,9,1,10,2,11,,16,16,1,22,1,C03,120.70566,24.172837,2
2023,3,28,11,6,臺中市,南屯區,0,0,0,8,1,5,30,15,9,1,5,4,5,7,4,4,10,5,5,2,17,40,,,,,B11,,,1,,1,,,40,,1,5,,B11,120.608868,24.134511,3
2023,3,28,11,11,臺中市,西區,0,1,0,8,1,5,50,14,9,1,5,4,5,7,4,4,1,2,5,2,13,23,2,8,1,1,C03,7,9,1,10,2,11,,23,23,1,22,9,C03,120.666537,24.14079,2
2023,3,28,11,15,臺中市,南屯區,0,1,0,8,1,5,50,4,1,1,5,4,5,7,1,1,10,5,5,2,15,25,3,10,1,1,B01,7,9,1,4,2,4,,25,25,1,22,8,B01,120.648711,24.147736,2
2023,3,28,11,15,臺中市,大里區,0,3,0,8,1,5,50,4,1,1,5,4,5,7,1,1,10,5,5,2,16,25,2,9,1,1,C03,7,9,1,10,2,12,,25,25,1,3,8,C03,120.695773,24.096526,2
2023,3,28,11,16,臺中市,北屯區,0,0,0,8,,,50,,,,,,,,,,,,,,,23,,,,,B03,,,1,,1,,,23,,1,21,,B03,120.699698,24.164923,3
2023,3,28,11,24,臺中市,龍井區,0,0,0,8,,,50,,,,,,,,,,,,,,,23,,,,,C03,,,1,,2,,,23,,1,22,,C03,120.585245,24.181948,3
2023,3,28,11,30,臺中市,大雅區,0,1,0,8,1,5,50,4,1,1,5,4,5,7,4,4,10,4,5,1,15,6,2,9,1,1,C03,7,9,1,10,2,11,,6,6,1,22,9,C03,120.650902,24.217735,2
2023,3,28,11,33,臺中市,北區,0,1,0,8,1,5,50,4,18,1,5,4,5,7,1,1,10,5,5,2,3,15,3,10,1,1,B03,7,5,1,8,2,15,,15,15,1,22,9,B03,120.673313,24.166785,2
2023,3,28,11,33,臺中市,西屯區,0,1,0,8,1,5,50,4,1,1,5,4,5,7,2,1,10,5,5,2,13,16,2,7,1,1,C03,7,9,1,10,1,11,,16,16,1,5,8,C03,120.644268,24.171377,2
2023,3,28,11,48,臺中市,南屯區,0,1,0,7,1,5,50,14,9,1,5,4,5,7,4,4,10,5,5,2,18,42,2,9,1,4,C03,7,1,1,10,2,14,,42,42,1,22,8,C03,120.638393,24.137987,2
2023,3,28,11,52,臺中市,潭子區,0,0,0,8,,,50,,,,,,,,,,,,,,,19,,,,,B03,,,1,,2,,,19,,1,22,,B03,120.722619,24.203621,3
2023,3,28,11,52,臺中市,西屯區,0,0,0,8,,,50,,,,,,,,,,,,,,,44,,,,,B03,,,1,,2,,,44,,1,12,,B03,120.64414,24.195061,3
2023,3,28,11,53,臺中市,后里區,0,0,0,,,,30,,,,,,,,,,,,,,,42,,,,,A11,,,1,,2,,,42,42,1,4,,A11,120.692451,24.31386,3
2023,3,28,11,53,臺中市,后里區,0,1,0,8,1,5,30,14,9,1,5,4,5,7,4,4,10,5,5,2,18,23,2,7,1,1,C03,7,6,1,10,2,12,,23,23,1,21,1,C03,120.718275,24.308211,2
2023,3,28,11,54,臺中市,西區,0,2,0,8,1,5,50,4,1,1,5,4,5,7,3,1,10,5,5,2,16,6,2,9,1,1,C03,7,6,1,10,2,11,,6,6,1,23,8,C03,120.662374,24.161842,2
2023,3,28,11,54,臺中市,外埔區,0,0,0,8,,,50,,,,,,,,,,,,,,,6,,,,,B03,,,1,,2,,,6,,1,20,,B03,120.655013,24.344242,3
2023,3,28,12,0,臺中市,清水區,0,0,0,,,,70,,,,,,,,,,,,,,,7,,,,,A12,,,1,,2,,,7,,1,10,,A12,120.592999,24.304468,3
2023,3,28,12,2,臺中市,清水區,0,0,0,8,,,40,,,,,,,,,,,,,,,12,,,,,B03,,,1,,1,,,12,12,1,21,,B03,120.566741,24.269333,3
2023,3,28,12,4,臺中市,潭子區,0,0,0,8,,,50,,,,,,,,,,,,,,,23,,,,,B03,,,1,,2,,,23,,1,22,,B03,120.705623,24.211553,3
2023,3,28,12,6,臺中市,南區,0,0,0,8,,,50,,,,,,,,,,,,,,,25,,,,,C03,,,6,10,2,,,25,25,1,22,,C03,120.660486,24.123575,3
2023,3,28,12,7,臺中市,神岡區,0,0,0,8,,,40,,,,,,,,,,,,,,,12,,,,,B12,,,1,,2,,,12,,1,22,,B12,120.66116,24.25766,3
2023,3,28,12,9,臺中市,龍井區,0,2,0,8,1,5,30,14,9,1,5,4,5,7,4,4,9,5,4,2,16,6,2,7,1,1,C03,7,5,1,10,2,14,,6,6,1,22,8,C03,120.587193,24.18127,2
2023,3,28,12,10,臺中市,南區,0,0,0,,,,50,,,,,,,,,,,,,,,12,,,,,B12,,,1,,2,,,12,,1,5,,B12,120.64705,24.113097,3
2023,3,28,12,16,臺中市,南屯區,0,0,0,8,,,50,,,,,,,,,,,,,,,42,,,,,C03,,,1,,1,,,42,,1,22,,C03,120.650139,24.148417,3
2023,3,28,12,20,臺中市,豐原區,0,1,0,7,1,5,50,14,7,1,5,4,5,7,4,4,5,5,4,2,13,16,2,9,1,1,C03,7,9,1,10,2,11,,16,16,1,22,8,C03,120.706202,24.2495,2
2023,3,28,12,23,臺中市,西區,0,0,0,8,,,40,,,,,,,,,,,,,,,7,,,,,C03,,,1,,2,,,7,,1,21,,C03,120.658463,24.157328,3
2023,3,28,12,25,臺中市,西屯區,0,1,0,8,1,5,50,14,9,1,5,4,5,7,4,4,1,4,5,2,13,16,2,8,1,1,C03,7,9,1,10,2,11,,16,16,1,4,8,C03,120.657564,24.200134,2
2023,3,28,12,26,臺中市,豐原區,0,1,0,8,1,5,30,4,1,1,5,4,5,7,4,4,5,5,4,2,15,14,2,9,1,1,C03,7,9,1,10,2,14,,14,14,1,22,8,C03,120.716569,24.252336,2
2023,3,28,12,31,臺中市,霧峰區,0,2,0,8,1,5,40,3,1,1,5,4,5,7,4,4,5,5,5,1,13,9,3,10,1,1,C03,7,6,1,10,2,13,,9,9,1,18,8,C03,120.708713,24.074067,2
2023,3,28,12,35,臺中市,西區,0,0,0,8,,,50,,,,,,,,,,,,,,,23,,,,,B03,,,1,8,1,,,23,16,1,22,,B03,120.673517,24.147762,3
2023,3,28,12,36,臺中市,大里區,0,0,0,8,,,50,,,,,,,,,,,,,,,26,,,,,B03,,,1,,2,,,26,,1,5,,B03,120.689951,24.100805,3
2023,3,28,12,38,臺中市,西屯區,0,0,0,8,,,40,,,,,,,,,,,,,,,42,,,,,B03,,,1,,2,,,42,,1,22,,B03,120.641076,24.167898,3
2023,3,28,12,39,臺中市,西屯區,0,1,0,8,1,5,50,14,9,1,5,4,5,7,4,4,8,3,5,2,17,12,3,10,1,1,B12,7,2,1,8,2,6,,12,12,1,22,8,B12,120.647841,24.171535,2
2023,3,28,12,43,臺中市,南屯區,0,1,0,8,1,5,50,14,7,1,5,4,5,7,4,4,3,4,4,2,17,26,3,10,1,1,B12,7,6,1,8,11,2,,26,26,1,22,8,B12,120.623511,24.140755,2
2023,3,28,12,54,臺中市,西屯區,0,0,0,8,1,5,50,4,2,1,5,4,2,5,2,1,5,5,4,2,13,16,3,10,1,1,C03,7,9,1,10,1,11,,16,16,1,18,5,C03,120.637274,24.1756,3
2023,3,28,12,55,臺中市,北屯區,0,1,0,8,1,5,50,4,1,1,5,4,5,7,4,4,10,5,5,2,17,23,2,9,1,1,C03,7,9,1,10,2,14,,23,23,1,21,8,C03,120.680405,24.179329,2
2023,3,28,12,57,臺中市,石岡區,0,0,0,8,,,30,,,,,,,,,,,,,,,23,,,,,B03,,,1,,2,,,23,,1,21,,B03,120.792876,24.273445,3
2023,3,28,13,5,臺中市,龍井區,0,1,0,8,1,5,50,3,1,1,5,4,5,7,3,1,9,4,5,2,17,6,3,10,1,1,C03,7,5,1,10,2,11,,6,6,1,22,8,C03,120.57435,24.196425,2
2023,3,28,13,10,臺中市,北屯區,0,0,0,8,,,50,,,,,,,,,,,,,,,42,,,,,B03,,,1,,1,,,42,,1,5,,B03,120.713246,24.18019,3
2023,3,28,13,10,臺中市,北屯區,0,0,0,8,,,50,,,,,,,,,,,,,,,23,,,,,B03,,,1,,1,,,23,,1,22,,B03,120.702009,24.185282,3
2023,3,28,13,15,臺中市,大里區,0,2,0,8,1,5,50,4,1,1,5,4,5,7,3,1,10,5,5,2,16,6,2,9,1,1,C03,7,9,1,10,2,14,,6,6,1,3,8,C03,120.696915,24.08276,2
2023,3,28,13,17,臺中市,大雅區,0,2,0,8,1,5,50,11,9,1,5,4,5,7,4,4,5,5,5,1,11,26,2,3,1,1,C03,7,5,1,10,2,11,,26,26,1,21,8,C03,120.646775,24.225817,2
2023,3,28,13,24,臺中市,潭子區,0,0,0,8,,,80,,,,,,,,,,,,,,,48,,,,,B03,,,1,,2,,,48,,1,22,,B03,120.696555,24.201,3
2023,3,28,13,25,臺中市,東區,0,1,0,8,1,5,50,14,8,1,5,4,5,7,4,4,5,5,4,2,16,23,2,9,1,1,C03,7,9,1,10,2,11,,23,23,1,22,8,C03,120.694957,24.129769,2
2023,3,28,13,28,臺中市,豐原區,0,0,0,8,,,30,,,,,,,,,,,,,,,12,,,,,B11,,,1,,2,,,12,,1,9,,B11,120.722938,24.265471,3
2023,3,28,13,29,臺中市,大雅區,0,0,0,8,,,50,,,,,,,,,,,,,,,26,,,,,C03,,,1,,2,,,26,,1,22,,C03,120.65178,24.227995,3
2023,3,28,13,31,臺中市,豐原區,0,1,0,7,1,5,40,4,2,1,5,4,5,7,4,4,5,5,4,2,12,10,3,10,1,1,B12,7,11,1,8,2,8,,10,10,1,22,8,B12,120.71882,24.250059,2
2023,3,28,13,32,臺中市,西區,0,0,0,8,,,50,,,,,,,,,,,,,,,43,,,,,,,,,,,,,43,,1,,,,120.656706,24.145485,3
2023,3,28,13,37,臺中市,霧峰區,0,1,0,8,1,5,50,4,1,1,5,4,5,7,1,1,10,5,5,2,16,6,3,10,1,1,B03,7,6,1,8,2,2,,6,6,1,4,8,B03,120.671291,24.043189,2
2023,3,28,13,39,臺中市,西區,0,1,0,8,1,5,50,5,1,1,5,4,5,7,1,1,10,5,5,2,17,44,3,10,1,1,C03,7,5,1,10,2,15,,42,44,1,19,7,C03,120.67253,24.131787,2
2023,3,28,13,43,臺中市,大甲區,0,0,0,,,,40,,,,,,,,,,,,,,,23,,,,,A12,,,1,,2,,,23,23,1,22,,A12,120.609869,24.317894,3
2023,3,28,13,45,臺中市,東區,0,0,0,8,1,5,50,14,7,1,5,4,5,7,4,4,1,4,5,2,13,23,3,10,1,1,B03,7,9,1,8,1,5,,23,23,1,22,8,B03,120.700993,24.125207,3
2023,3,28,13,46,臺中市,北區,0,1,0,8,1,5,50,4,2,1,5,4,5,7,1,1,1,4,5,2,13,23,3,10,1,1,B03,7,9,1,8,2,1,,23,23,1,5,8,B03,120.674507,24.162862,2
2023,3,28,13,50,臺中市,北區,0,0,0,8,,,50,,,,,,,,,,,,,,,6,,,,,C03,,,1,,1,,,6,,1,5,,C03,120.675153,24.171499,3
2023,3,28,13,50,臺中市,東勢區,0,0,0,8,,,60,,,,,,,,,,,,,,,43,,,,,A12,,,1,,9,,,43,,1,10,,A12,120.837225,24.220403,3
2023,3,28,13,58,臺中市,北區,0,0,0,8,,,50,,,,,,,,,,,,,,,26,,,,,B03,,,1,,1,,,26,,1,22,,B03,120.677341,24.151293,3
2023,3,28,14,5,臺中市,大里區,0,0,0,8,,,40,,,,,,,,,,,,,,,23,,,,,A11,,,1,,2,,,23,,1,10,,A11,120.699976,24.093992,3
2023,3,28,14,8,臺中市,北區,0,2,0,8,1,5,50,14,9,1,5,4,5,7,4,4,5,4,5,2,16,4,2,9,1,1,C03,7,1,1,10,2,14,,4,4,1,4,8,C03,120.681806,24.167354,2
2023,3,28,14,12,臺中市,西屯區,0,0,0,8,,,30,,,,,,,,,,,,,,,43,,,,,A11,,,1,,9,,,43,,1,22,,A11,120.642414,24.197275,3
2023,3,28,14,17,臺中市,北屯區,0,0,0,8,,,50,,,,,,,,,,,,,,,1,,,,,B03,,,1,,1,,,1,,1,22,,B03,120.671094,24.175055,3
2023,3,28,14,25,臺中市,中區,0,1,0,8,1,5,50,4,1,1,5,4,5,7,4,4,10,5,5,2,15,6,2,9,1,1,C03,7,9,1,10,2,12,,6,6,1,21,8,C03,120.677496,24.144801,2
2023,3,28,14,30,臺中市,西區,0,1,0,8,1,5,50,4,1,1,5,4,5,7,1,1,10,5,5,2,16,9,3,10,1,1,B03,7,6,1,8,2,2,,9,9,1,21,8,B03,120.657259,24.135114,2
2023,3,28,14,30,臺中市,北屯區,0,1,0,8,1,5,50,4,1,1,5,4,5,7,1,1,10,5,5,2,15,25,2,9,1,1,C03,7,9,1,10,2,14,,25,25,1,5,8,C03,120.676344,24.184374,2
2023,3,28,14,30,臺中市,神岡區,0,0,0,8,,,50,,,,,,,,,,,,,,,12,,,,,B03,,,1,,1,,,12,,2,12,,B03,120.686937,24.247466,3
2023,3,28,14,31,臺中市,南屯區,0,1,0,8,1,5,50,4,1,1,5,4,5,7,4,4,10,5,5,2,15,6,2,9,1,1,C03,7,9,1,10,2,11,12,6,6,1,5,8,C03,120.645059,24.152403,2
2023,3,28,14,39,臺中市,北屯區,0,0,0,8,,,50,,,,,,,,,,,,,,,23,,,,,B03,,,1,,11,,,23,,1,22,,B03,120.68751,24.20129,3
2023,3,28,14,52,臺中市,北區,0,0,0,8,,,50,,,,,,,,,,,,,,,23,,,,,A02,,,1,,2,,,38,,1,5,,A02,120.685725,24.155948,3
2023,3,28,14,52,臺中市,大里區,0,0,0,8,,,60,,,,,,,,,,,,,,,26,,,,,B03,,,1,,2,,,26,,1,22,,B03,120.687891,24.094591,3
2023,3,28,15,5,臺中市,太平區,0,2,0,8,1,5,30,4,1,1,5,4,5,7,4,4,10,5,5,2,16,5,2,7,1,1,C03,7,6,1,10,2,12,,23,5,1,21,8,C03,120.701654,24.146264,2
2023,3,28,15,8,臺中市,太平區,0,0,0,8,,,30,,,,,,,,,,,,,,,19,,,,,B03,,,1,,2,,,19,,1,22,,B03,120.706897,24.117836,3