年,月,日,時,分,縣市,區,死,受傷,2-30,天候,光線,道路類別,速限,道路型態,事故位置,路面鋪裝,路面狀態,路面缺陷,障礙物,視距,號誌種類,號誌動作,分向設施,快車道或一般車道間,快慢車道間,路面邊線,事故類型及型態,主要肇因,受傷程度,主要傷處,保護裝備,行動電話,當事者區分,車輛用途,當事者行動狀態,駕駛資格情形,駕駛執照種類,飲酒情形,車輛撞擊部位最初,車輛撞擊部位其他,肇事因素個別,肇事因素主要,肇事逃逸,職業,旅次目的,車種,GPS緯度,GPS經度,事故類別
2023,3,28,15,9,臺中市,霧峰區,0,0,0,8,1,1,40,14,8,1,5,4,5,7,1,1,1,4,4,2,13,23,,,,,B12,,,1,,2,,,23,,1,22,,B12,120.662014,24.068952,3
2023,3,28,15,11,臺中市,中區,0,0,0,8,,,50,,,,,,,,,,,,,,,6,,,,,B03,,,1,,2,,,6,,1,22,,B03,120.681454,24.139382,3
2023,3,28,15,15,臺中市,大雅區,0,0,0,8,,,30,,,,,,,,,,,,,,,19,,,,,B03,,,1,,2,,,19,,1,22,,B03,120.65539,24.233055,3
2023,3,28,15,15,臺中市,大里區,0,2,0,8,1,5,50,4,1,1,5,4,5,7,1,1,1,4,5,1,12,6,2,9,1,1,C03,7,9,3,18,2,12,,6,6,1,22,8,C03,120.680771,24.10579,2
2023,3,28,15,19,臺中市,北屯區,0,0,0,,,,50,,,,,,,,,,,,,,,12,,,,,B03,,,1,,2,,,12,,1,22,,B03,120.690441,24.182581,3
2023,3,28,15,19,臺中市,西屯區,0,1,0,8,1,5,50,14,9,1,5,4,5,7,3,1,8,3,5,1,17,23,2,9,1,1,C03,7,9,2,18,2,11,,23,23,1,22,8,C03,120.603397,24.185609,2
2023,3,28,15,22,臺中市,大雅區,0,1,0,8,1,5,50,14,8,1,5,4,5,7,4,4,1,5,4,1,12,6,3,10,1,1,B03,7,6,1,8,2,5,,6,6,1,21,8,B03,120.646738,24.222107,2
2023,3,28,15,24,臺中市,大里區,0,0,0,8,,,50,,,,,,,,,,,,,,,7,,,,,B03,,,1,,2,,,7,,1,5,,B03,120.69165,24.1004,3
2023,3,28,15,29,臺中市,西屯區,0,0,0,8,,,50,,,,,,,,,,,,,,,16,,,,,C03,,,1,,1,,,16,,1,22,,C03,120.648763,24.168902,3
2023,3,28,15,36,臺中市,西屯區,0,1,0,7,1,5,40,14,7,1,5,4,5,7,4,4,5,5,4,2,16,19,3,10,1,1,B03,7,1,1,8,2,8,,19,19,1,21,8,B03,120.635804,24.168998,2
2023,3,28,15,37,臺中市,大里區,0,0,0,8,,,50,,,,,,,,,,,,,,,17,,,,,C03,,,1,,2,,,17,,1,22,,C03,120.679898,24.109349,3
2023,3,28,15,40,臺中市,西屯區,0,1,0,8,1,5,50,14,9,1,5,4,5,7,4,4,1,4,5,2,16,6,3,10,3,4,B11,7,6,1,8,2,5,,6,6,1,22,8,B11,120.655736,24.198753,2
2023,3,28,15,41,臺中市,新社區,0,0,0,,,,50,,,,,,,,,,,,,,,43,,,,,B03,,,1,,2,,,43,,1,5,,B03,120.811825,24.237962,3
2023,3,28,15,45,臺中市,西區,0,1,0,8,1,5,50,4,1,1,5,4,5,7,1,1,10,5,5,2,17,25,3,10,1,1,B12,7,5,1,8,2,2,,25,25,1,4,1,B12,120.672794,24.146902,2
2023,3,28,15,45,臺中市,南區,0,0,0,8,,,50,,,,,,,,,,,,,,,23,,,,,B12,,,1,,2,,,23,,1,22,,B12,120.660004,24.124771,3
2023,3,28,15,45,臺中市,西屯區,0,0,0,8,,,50,,,,,,,,,,,,,,,23,,,,,B03,,,1,,11,,,23,,1,22,,B03,120.642635,24.169418,3
2023,3,28,15,55,臺中市,北屯區,0,1,0,8,3,5,50,4,1,1,5,4,5,7,1,1,10,5,5,2,17,6,3,10,1,1,B03,7,6,1,8,2,2,,6,6,1,21,8,B03,120.702185,24.184528,2
2023,3,28,15,55,臺中市,西屯區,0,0,0,8,,,50,,,,,,,,,,,,,,,6,,,,,C03,,,1,,1,,,6,,1,21,,C03,120.651768,24.16685,4
2023,3,28,15,57,臺中市,大肚區,0,0,0,8,,,50,,,,,,,,,,,,,,,23,,,,,B03,,,1,,2,,,23,,1,22,,B03,120.574574,24.160134,3
2023,3,28,16,0,臺中市,烏日區,0,2,0,8,1,5,50,4,1,1,5,4,5,7,1,1,9,4,4,2,16,9,2,9,2,1,F01,7,6,8,20,11,16,,9,9,1,16,8,F01,120.607647,24.120939,2
2023,3,28,16,6,臺中市,北屯區,0,1,0,8,1,5,50,3,1,1,5,4,5,7,1,1,10,5,5,2,16,6,3,10,1,1,B03,7,5,1,8,2,5,,6,6,1,21,8,B03,120.699346,24.170247,2
2023,3,28,16,6,臺中市,西屯區,0,1,0,8,1,5,50,14,7,1,5,4,5,7,1,1,5,5,4,2,13,16,2,9,3,4,C03,7,9,1,10,2,11,,16,16,1,22,8,C03,120.666701,24.17115,2
2023,3,28,16,6,臺中市,清水區,0,1,0,8,1,5,40,4,1,1,5,4,5,7,2,1,1,4,4,1,15,25,2,9,1,1,C03,7,9,3,18,2,14,,25,25,1,19,8,C03,120.571383,24.275531,2
2023,3,28,16,14,臺中市,梧棲區,0,0,0,8,,,50,,,,,,,,,,,,,,,10,,,,,A05,,,1,,2,,,10,10,1,10,,A05,120.534231,24.253565,3
2023,3,28,16,15,臺中市,南屯區,0,1,0,8,1,5,50,4,2,1,5,4,5,7,4,4,5,4,5,2,12,40,3,10,1,1,B03,7,14,1,8,2,4,,40,40,1,22,8,B03,120.65026,24.136735,2
2023,3,28,16,20,臺中市,清水區,0,0,0,,,,50,,,,,,,,,,,,,,,23,,,,,B03,,,1,,2,,,23,,1,5,,B03,120.550835,24.281178,3
2023,3,28,16,22,臺中市,東區,0,2,0,8,1,5,50,3,1,1,5,4,5,7,4,4,5,5,5,2,16,8,2,9,1,1,C03,7,5,1,10,2,14,,8,8,1,4,5,C03,120.6858,24.131226,2
2023,3,28,16,28,臺中市,西區,0,0,0,8,,,50,,,,,,,,,,,,,,,12,,,,,A05,,,1,1,2,,,12,12,2,22,,A05,120.664679,24.139897,3
2023,3,28,16,30,臺中市,東區,0,0,0,,,,50,,,,,,,,,,,,,,,23,,,,,B03,,,1,,1,,,23,,1,22,,B03,120.705352,24.130402,3
2023,3,28,16,31,臺中市,大里區,0,1,0,8,1,5,50,3,1,1,5,4,5,7,4,4,10,5,5,1,17,23,2,9,1,1,C03,7,9,1,10,2,14,,23,23,1,5,8,C03,120.690376,24.109988,2
2023,3,28,16,33,臺中市,龍井區,0,0,0,8,,,30,,,,,,,,,,,,,,,17,,,,,B12,,,1,,2,,,17,,1,10,,B12,120.536505,24.17696,3
2023,3,28,16,35,臺中市,沙鹿區,0,0,0,8,,,50,,,,,,,,,,,,,,,16,,,,,B03,,,1,,2,,,42,16,1,21,,B03,120.570918,24.199817,3
2023,3,28,16,37,臺中市,北屯區,0,0,0,8,,,50,,,,,,,,,,,,,,,23,,,,,B12,,,1,,1,,,23,,1,5,,B12,120.689475,24.173022,3
2023,3,28,16,38,臺中市,北區,0,1,0,8,1,5,50,4,1,1,5,4,5,7,1,1,5,5,5,2,14,12,3,10,1,1,B03,7,2,1,8,2,7,,12,12,1,21,8,B03,120.67997,24.160365,2
2023,3,28,16,41,臺中市,霧峰區,0,2,0,8,1,5,50,14,7,1,5,4,5,7,4,4,4,4,4,2,16,26,2,9,1,1,C03,7,11,1,10,2,12,,26,26,1,22,9,C03,120.698731,24.064779,2
2023,3,28,16,41,臺中市,大里區,0,2,0,8,1,5,40,3,1,1,5,4,5,7,4,4,10,5,5,1,16,6,2,9,1,1,C03,7,6,1,10,2,14,,6,6,1,4,8,C03,120.708991,24.087198,2
2023,3,28,16,42,臺中市,大里區,0,1,0,8,1,5,50,5,1,1,5,4,5,7,4,4,5,4,4,2,15,6,3,10,1,1,B12,7,9,1,8,2,5,,6,6,1,22,8,B12,120.675805,24.097739,2
2023,3,28,16,43,臺中市,中區,0,1,0,8,1,5,50,4,1,1,5,4,5,7,3,1,10,5,5,2,17,6,3,10,1,1,B03,7,9,1,8,2,5,,6,6,1,19,7,B03,120.675833,24.142835,2
2023,3,28,16,45,臺中市,西屯區,0,1,0,8,1,5,50,3,2,1,5,4,5,7,4,4,1,3,5,1,17,6,3,10,1,1,B03,7,6,1,8,2,2,,6,6,1,22,8,B03,120.647061,24.157285,2
2023,3,28,16,46,臺中市,西屯區,0,0,0,8,,,50,,,,,,,,,,,,,,,7,,,,,B03,,,1,,1,,,7,,1,22,,B03,120.654372,24.168225,3
2023,3,28,16,47,臺中市,西屯區,0,0,0,8,,,50,,,,,,,,,,,,,,,19,,,,,B03,,,1,,1,,,19,,1,21,,B03,120.618253,24.18525,3
2023,3,28,16,50,臺中市,北屯區,0,0,0,8,,,50,,,,,,,,,,,,,,,16,,,,,C03,,,1,,1,,,16,,1,5,,C03,120.669415,24.177239,3
2023,3,28,16,50,臺中市,烏日區,0,1,0,8,1,5,60,4,1,1,5,4,5,7,1,1,1,4,4,2,16,8,3,10,1,1,B03,7,5,1,8,2,2,,8,8,1,21,8,B03,120.650166,24.111536,2
2023,3,28,16,50,臺中市,神岡區,0,2,0,8,1,5,50,5,1,1,5,4,5,7,1,1,5,4,4,2,17,25,2,9,1,1,C03,7,9,1,10,2,11,,25,25,1,12,8,C03,120.657015,24.264366,2
2023,3,28,16,54,臺中市,大里區,0,1,0,8,1,5,50,4,1,1,5,4,5,7,1,1,10,4,4,1,16,25,3,10,1,1,B03,7,11,1,9,2,1,,25,25,1,4,8,B03,120.698356,24.080595,2
2023,3,28,16,57,臺中市,西屯區,0,0,0,8,,,40,,,,,,,,,,,,,,,23,,,,,B03,,,1,,1,,,23,,1,22,,B03,120.614976,24.18307,3
2023,3,28,16,57,臺中市,西屯區,0,1,0,8,1,5,1,14,9,1,5,4,5,7,4,4,5,4,5,1,12,19,3,10,3,4,B12,7,1,1,8,2,8,,19,19,1,22,8,B12,120.622556,24.192262,2
2023,3,28,16,59,臺中市,西屯區,0,0,0,8,,,50,,,,,,,,,,,,,,,17,,,,,B03,,,1,,2,,,17,,1,22,,B03,120.644666,24.171518,4
2023,3,28,16,59,臺中市,沙鹿區,0,0,0,8,,,60,,,,,,,,,,,,,,,42,,,,,B12,,,1,,2,,,42,,1,10,,B12,120.564449,24.23934,3
2023,3,28,17,1,臺中市,豐原區,0,0,0,8,,,50,,,,,,,,,,,,,,,23,,,,,B03,,,1,,2,,,23,,1,22,,B03,120.712653,24.264416,3
2023,3,28,17,2,臺中市,東區,0,0,0,8,,,50,,,,,,,,,,,,,,,7,,,,,A05,,,1,,2,,,7,,1,5,,A05,120.705379,24.137658,3
2023,3,28,17,3,臺中市,西屯區,0,2,0,7,1,5,50,4,2,1,5,4,5,7,2,1,5,4,4,2,16,7,2,9,3,1,F01,7,7,8,20,2,16,,7,7,1,15,2,F01,120.641297,24.173572,2
2023,3,28,17,5,臺中市,大里區,0,2,0,8,1,5,50,4,1,1,5,4,5,7,1,1,10,5,5,1,15,23,2,9,2,1,F01,7,9,8,20,2,16,,23,23,1,16,8,F01,120.685853,24.103281,2
2023,3,28,17,13,臺中市,南屯區,0,2,0,8,1,5,50,4,1,1,5,4,5,7,2,1,10,5,5,2,17,25,2,9,1,1,C03,7,5,1,10,2,11,,25,25,1,22,9,C03,120.653005,24.135751,2
2023,3,28,17,14,臺中市,大肚區,0,1,0,8,1,5,50,5,2,1,5,4,5,7,4,4,10,5,5,2,16,9,2,9,1,1,C03,7,6,1,10,2,11,,9,9,1,21,8,C03,120.548608,24.142987,2
2023,3,28,17,15,臺中市,西屯區,0,1,0,8,1,5,50,3,1,1,5,4,5,7,4,4,10,5,5,2,16,10,3,10,3,4,B01,7,11,1,4,2,4,,10,10,1,22,8,B01,120.621522,24.186203,2
2023,3,28,17,15,臺中市,清水區,0,1,0,8,1,5,30,4,1,1,5,4,5,7,4,4,10,5,5,2,15,6,2,8,1,1,C03,7,9,1,10,2,11,,6,6,1,21,8,C03,120.550371,24.265063,2
2023,3,28,17,15,臺中市,梧棲區,0,2,0,8,1,5,50,3,1,1,5,4,5,7,4,4,10,5,5,2,16,6,2,9,1,1,C03,7,6,1,10,2,11,,6,6,1,11,1,C03,120.533462,24.243921,2
2023,3,28,17,16,臺中市,南區,0,1,0,8,2,5,50,3,1,1,5,4,5,7,3,1,10,5,5,2,3,23,3,10,1,1,C03,7,5,1,10,2,11,,23,23,1,22,8,C03,120.651658,24.114922,2
2023,3,28,17,18,臺中市,霧峰區,0,1,0,8,1,5,50,3,1,1,5,4,5,7,4,4,5,4,5,1,16,6,3,10,1,1,B12,7,5,1,8,2,4,,6,6,1,22,9,B12,120.714967,24.041886,2
2023,3,28,17,19,臺中市,南屯區,0,1,0,8,1,5,30,14,9,1,5,2,5,7,4,4,10,5,5,2,18,23,2,9,1,1,C03,7,9,1,10,2,14,,23,23,1,22,8,C03,120.605915,24.138013,2
2023,3,28,17,20,臺中市,清水區,0,0,0,8,,,50,,,,,,,,,,,,,,,12,,,,,B03,,,1,,2,,,12,,1,21,,B03,120.573879,24.266426,3
2023,3,28,17,26,臺中市,北屯區,0,1,0,8,1,5,50,4,1,1,5,4,5,7,1,1,10,5,5,2,13,23,3,10,1,1,C03,7,9,1,10,2,11,,23,23,1,21,8,C03,120.685425,24.171908,2
2023,3,28,17,27,臺中市,太平區,0,2,0,8,1,5,30,3,1,1,5,4,5,7,4,4,10,5,5,2,16,6,2,9,1,1,C03,7,5,1,10,2,11,,6,6,1,22,8,C03,120.701934,24.112393,2
2023,3,28,17,30,臺中市,沙鹿區,0,1,0,8,1,5,50,4,2,1,5,4,5,7,3,1,10,5,5,2,17,23,3,10,1,1,B12,7,5,1,8,2,8,,23,23,1,4,1,B12,120.574027,24.215419,2
2023,3,28,17,33,臺中市,北屯區,0,2,0,7,2,5,50,4,1,1,5,4,5,7,1,1,10,5,5,2,16,26,3,10,1,1,C03,7,9,6,10,2,12,,26,26,1,21,8,C03,120.704489,24.164917,2
2023,3,28,17,34,臺中市,太平區,0,2,0,8,2,5,50,14,9,1,5,4,5,7,4,4,5,5,5,2,16,8,2,9,1,1,F02,7,5,8,20,2,16,,8,8,1,21,8,F02,120.718947,24.122097,2
2023,3,28,17,34,臺中市,龍井區,0,0,0,8,,,30,,,,,,,,,,,,,,,12,,,,,B03,,,1,,1,,,12,,1,22,,B03,120.593294,24.186354,3
2023,3,28,17,35,臺中市,太平區,0,1,0,8,1,5,50,14,9,1,5,4,5,7,4,4,10,5,5,2,17,26,3,10,1,1,C03,7,9,1,10,2,11,,26,26,1,21,8,C03,120.733746,24.142966,2
2023,3,28,17,38,臺中市,北屯區,0,0,0,8,,,40,,,,,,,,,,,,,,,42,,,,,C03,,,1,,1,,,42,,1,18,,C03,120.7195,24.1801,3
2023,3,28,17,38,臺中市,西屯區,0,1,0,8,1,5,50,4,1,1,5,4,5,7,1,1,10,5,5,2,16,6,2,9,3,4,C03,7,9,6,18,2,11,,14,6,1,22,8,C03,120.617498,24.185346,2
2023,3,28,17,42,臺中市,西區,0,1,0,8,1,5,50,4,1,1,5,4,5,7,2,1,10,5,5,2,1,15,3,10,1,1,B01,7,9,1,4,2,1,,15,15,1,5,5,B01,120.669809,24.14734,2
2023,3,28,17,43,臺中市,北區,0,1,0,8,1,5,40,3,1,1,5,4,5,7,4,4,5,5,4,2,16,10,3,10,1,1,C03,7,11,1,10,2,11,,10,10,1,22,8,C03,120.670329,24.156195,2
2023,3,28,17,43,臺中市,太平區,0,1,0,8,3,5,50,4,1,1,5,4,5,7,4,4,10,5,5,2,16,23,2,8,1,1,F03,7,9,8,20,2,16,,23,23,1,22,8,F03,120.725227,24.144179,2
2023,3,28,17,44,臺中市,烏日區,0,0,0,8,1,5,50,14,8,1,5,4,5,7,4,4,1,4,4,1,16,23,,,,,B03,,,1,,2,,,23,,1,22,,B03,120.606662,24.108382,3
2023,3,28,17,48,臺中市,北屯區,0,0,0,8,,,50,,,,,,,,,,,,,,,16,,,,,C03,,,1,,1,,,16,,1,5,,C03,120.729701,24.171485,3
2023,3,28,17,55,臺中市,潭子區,0,2,0,8,1,5,50,4,1,1,5,4,5,7,1,1,5,4,4,2,17,6,2,8,1,1,C03,7,5,1,10,2,12,,6,6,1,22,8,C03,120.678911,24.204479,2
2023,3,28,17,55,臺中市,西屯區,0,1,0,8,2,5,50,14,9,1,5,4,5,7,4,4,5,5,5,2,3,23,3,10,1,1,B03,7,9,1,8,2,1,,23,23,1,22,8,B03,120.623944,24.185416,2
2023,3,28,17,55,臺中市,西屯區,0,1,0,8,3,5,50,3,1,1,5,4,5,7,2,1,10,5,5,2,16,7,3,10,3,4,B03,7,8,1,8,2,2,,7,7,1,22,8,B03,120.634098,24.167612,2
2023,3,28,17,56,臺中市,西屯區,0,1,0,8,2,5,50,4,1,1,5,4,5,7,1,1,10,5,5,2,16,8,2,8,1,1,C03,7,5,1,10,2,13,,8,8,1,21,1,C03,120.597861,24.174944,2
2023,3,28,17,59,臺中市,南屯區,0,0,0,8,,,50,,,,,,,,,,,,,,,12,,,,,B03,,,1,,1,,,12,,1,22,,B03,120.651327,24.143602,3
2023,3,28,18,0,臺中市,北屯區,0,2,0,8,3,5,50,3,1,1,5,4,5,7,1,1,10,5,5,2,17,43,2,9,1,1,C03,7,9,1,10,2,12,,43,43,1,21,8,C03,120.665915,24.182835,2
2023,3,28,18,1,臺中市,大雅區,0,1,0,8,1,5,50,3,1,1,5,4,5,7,4,4,5,5,5,1,16,19,3,10,1,1,B12,7,1,1,8,2,4,,19,19,1,22,8,B12,120.64461,24.225291,2
2023,3,28,18,1,臺中市,沙鹿區,0,0,0,,,,50,,,,,,,,,,,,,,,18,,,,,B03,,,1,,2,,,18,,1,21,,B03,120.561048,24.242573,3
2023,3,28,18,2,臺中市,大里區,0,0,0,8,,,50,,,,,,,,,,,,,,,42,,,,,B03,,,1,,1,,,42,,1,5,,B03,120.688131,24.094175,3
2023,3,28,18,3,臺中市,西屯區,0,0,0,8,,,50,,,,,,,,,,,,,,,23,,,,,B03,,,1,,11,,,23,,1,22,,B03,120.588756,24.169778,3
2023,3,28,18,8,臺中市,東區,0,2,0,8,2,5,50,4,2,1,5,4,5,7,2,1,5,4,5,2,12,17,2,9,1,1,C03,7,9,1,10,2,12,,17,17,1,21,8,C03,120.685837,24.14315,2
2023,3,28,18,9,臺中市,太平區,0,0,0,8,,,30,,,,,,,,,,,,,,,23,,,,,B12,,,1,,2,,,23,,1,21,,B12,120.702058,24.14879,3
2023,3,28,18,13,臺中市,大里區,0,1,0,8,2,5,50,3,1,1,5,4,5,7,4,4,10,5,5,2,16,5,3,10,1,1,B12,7,5,1,8,2,4,,5,5,1,4,8,B12,120.701335,24.094492,2
2023,3,28,18,14,臺中市,西屯區,0,1,0,8,3,5,40,3,1,1,5,4,5,7,4,4,1,4,1,2,12,9,3,10,1,1,B03,7,6,1,8,2,2,,9,9,1,22,8,B03,120.638405,24.169528,2
2023,3,28,18,19,臺中市,梧棲區,0,0,0,8,,,50,,,,,,,,,,,,,,,23,,,,,B03,,,1,,2,,,23,,1,9,,B03,120.547428,24.233613,3
2023,3,28,18,25,臺中市,西屯區,0,0,0,8,,,50,,,,,,,,,,,,,,,6,,,,,B03,,,1,,1,,,6,,1,18,,B03,120.614988,24.18503,3
2023,3,28,18,28,臺中市,潭子區,0,0,0,8,,,60,,,,,,,,,,,,,,,42,,,,,B03,,,1,,2,,,42,,1,22,,B03,120.707048,24.224397,3
2023,3,28,18,30,臺中市,西區,0,0,0,,,,,,,,,,,,,,,,,,,67,,,,,,,,,,,,,67,,1,,,,120.649871,24.144947,3
2023,3,28,18,30,臺中市,南區,0,0,0,,,,50,,,,,,,,,,,,,,,16,,,,,C03,,,1,,2,,,16,,1,22,,C03,120.670586,24.119074,3
2023,3,28,18,30,臺中市,沙鹿區,0,0,0,8,,,40,,,,,,,,,,,,,,,7,,,,,B03,,,1,,2,,,7,,1,4,,B03,120.564691,24.23969,3
2023,3,28,18,32,臺中市,西區,0,0,0,8,,,50,,,,,,,,,,,,,,,44,,,,,A02,,,1,,1,,,44,,1,21,,A02,120.679913,24.137942,3
2023,3,28,18,32,臺中市,大里區,0,0,0,8,,,30,,,,,,,,,,,,,,,17,,,,,B12,,,1,,2,,,17,,1,22,,B12,120.667625,24.105628,3
2023,3,28,18,35,臺中市,西屯區,0,1,0,8,3,5,50,3,1,1,5,4,5,7,4,4,10,5,5,2,16,10,3,10,3,4,B03,7,11,1,8,2,8,,10,10,1,22,8,B03,120.658139,24.168093,2
2023,3,28,18,37,臺中市,北屯區,0,0,0,8,,,50,,,,,,,,,,,,,,,12,,,,,B03,,,1,,1,,,12,,1,21,,B03,120.685565,24.167067,3
2023,3,28,18,38,臺中市,太平區,0,0,0,8,,,50,,,,,,,,,,,,,,,23,,,,,B03,,,1,,2,,,23,,1,21,,B03,120.714133,24.138797,3
2023,3,28,18,38,臺中市,龍井區,0,0,0,8,,,30,,,,,,,,,,,,,,,23,,,,,B03,,,1,,2,,,23,,1,22,,B03,120.592554,24.188695,3
2023,3,28,18,40,臺中市,龍井區,0,1,0,8,3,5,70,5,1,1,5,4,5,7,1,1,10,5,5,2,17,4,2,9,3,1,F01,7,15,8,20,2,16,,4,4,1,20,8,F01,120.536555,24.193983,2
2023,3,28,18,45,臺中市,西區,0,2,0,8,3,5,50,4,1,1,5,4,5,7,1,1,10,5,5,2,13,16,2,8,1,1,C03,7,9,1,10,2,11,,16,16,1,22,9,C03,120.675763,24.138754,2
2023,3,28,18,46,臺中市,潭子區,0,0,0,8,,,80,,,,,,,,,,,,,,,16,,,,,B12,,,1,,2,,,16,,1,22,,B12,120.718102,24.197602,3
2023,3,28,18,47,臺中市,潭子區,0,2,0,8,1,5,80,14,9,1,5,4,5,7,4,4,1,4,5,1,13,23,3,10,1,1,B03,7,9,1,8,2,1,,23,23,1,22,8,B03,120.696555,24.201,2
2023,3,28,18,48,臺中市,沙鹿區,0,0,0,8,,,50,,,,,,,,,,,,,,,23,,,,,B03,,,6,,2,,,23,,1,21,,B03,120.571621,24.242324,3
2023,3,28,18,49,臺中市,西屯區,0,1,0,8,3,5,50,4,2,1,5,4,5,7,2,1,8,3,4,1,17,6,3,10,1,1,B03,7,5,1,8,2,8,,6,6,1,22,8,B03,120.634376,24.165147,2
2023,3,28,18,49,臺中市,大里區,0,0,0,8,,,30,,,,,,,,,,,,,,,12,,,,,B03,,,1,,2,,,12,,1,22,,B03,120.690109,24.087256,3
2023,3,28,18,50,臺中市,北屯區,0,2,0,8,3,5,50,3,1,1,5,4,5,7,2,1,10,5,5,2,9,54,2,9,4,5,H01,8,20,8,20,10,16,,54,54,1,5,8,H01,120.666111,24.182241,2
2023,3,28,18,50,臺中市,和平區,0,0,0,,,,40,,,,,,,,,,,,,,,23,,,,,B03,,,1,,2,,,23,,1,22,,B03,121.002788,24.202471,3
2023,3,28,18,51,臺中市,南屯區,0,0,0,8,,,50,,,,,,,,,,,,,,,6,,,,,B03,,,1,,2,,,6,,1,5,,B03,120.645467,24.150968,3
2023,3,28,18,53,臺中市,南區,0,2,0,8,3,5,50,14,9,1,5,4,5,7,4,4,9,4,5,2,3,23,2,9,1,1,C03,7,9,1,10,2,11,14,23,23,1,7,1,C03,120.668171,24.116011,2
2023,3,28,18,55,臺中市,西屯區,0,1,0,8,3,5,50,3,1,1,5,4,5,7,3,1,10,5,5,2,16,6,3,10,1,1,B03,7,5,1,8,2,8,,6,6,1,22,8,B03,120.642968,24.187563,2
2023,3,28,19,7,臺中市,大甲區,0,3,0,8,3,5,50,4,1,1,5,4,5,7,1,1,10,5,5,2,16,6,2,9,1,1,C03,7,5,1,10,2,12,,6,6,1,4,8,C03,120.622694,24.342405,2
2023,3,28,19,15,臺中市,北區,0,0,0,8,,,50,,,,,,,,,,,,,,,43,,,,,B03,,,1,,2,,,43,,1,22,,B03,120.677487,24.166909,4
2023,3,28,19,15,臺中市,南區,0,1,0,8,3,5,50,14,9,1,5,4,5,7,4,4,5,5,5,2,12,17,2,9,1,1,C03,7,9,1,10,2,14,,17,17,1,21,5,C03,120.682895,24.129815,2
2023,3,28,19,17,臺中市,西區,0,1,0,8,3,5,50,4,1,1,5,4,5,7,1,1,10,5,5,2,16,6,2,8,1,1,F02,7,5,8,20,2,15,,6,6,1,4,5,F02,120.655143,24.147739,2
2023,3,28,19,24,臺中市,西區,0,1,0,8,3,5,50,4,1,1,5,4,5,7,4,4,10,5,5,2,16,8,3,10,1,1,B03,7,5,1,8,2,5,,8,8,1,21,8,B03,120.66884,24.142036,2
2023,3,28,19,28,臺中市,西屯區,0,0,0,8,,,50,,,,,,,,,,,,,,,7,,,,,B03,,,1,,1,,,7,,1,19,,B03,120.645338,24.162971,3
2023,3,28,19,30,臺中市,西區,0,2,0,8,3,5,50,4,1,1,5,4,5,7,1,1,10,5,5,2,16,6,2,2,1,1,C03,7,5,1,10,2,11,,6,6,1,22,9,C03,120.667507,24.136236,2
2023,3,28,19,30,臺中市,西屯區,0,1,0,8,3,5,40,14,8,1,5,4,5,7,4,4,10,5,5,2,18,42,2,9,3,4,C03,7,9,1,10,2,12,,42,42,1,22,8,C03,120.615268,24.182938,2
2023,3,28,19,49,臺中市,大里區,0,0,0,8,,,30,,,,,,,,,,,,,,,12,,,,,B12,,,1,,9,,,12,,1,5,,B12,120.687027,24.123788,3
2023,3,28,19,50,臺中市,大甲區,0,1,0,8,3,5,40,14,8,1,5,4,5,7,4,4,1,4,3,1,17,23,2,8,1,1,C03,7,9,1,10,2,11,,23,23,1,4,8,C03,120.61323,24.404931,2
2023,3,28,19,50,臺中市,豐原區,0,2,0,8,3,5,50,4,1,1,5,4,5,7,1,1,10,5,5,2,17,6,2,9,1,1,C03,7,5,1,10,2,11,,6,6,1,22,8,C03,120.705766,24.252407,2
2023,3,28,19,53,臺中市,北區,0,0,0,,,,50,,,,,,,,,,,,,,,23,,,,,B03,,,3,,2,,,23,,1,21,,B03,120.684665,24.164804,3
2023,3,28,19,53,臺中市,西屯區,0,1,0,8,3,5,30,4,1,1,5,4,5,7,4,4,10,5,5,2,16,6,3,10,3,4,C03,7,9,1,10,2,11,,6,6,1,22,8,C03,120.644259,24.180153,2
2023,3,28,19,57,臺中市,北區,0,1,0,8,3,5,50,4,2,1,5,4,5,7,1,1,1,3,5,2,16,7,2,9,1,1,C03,7,10,1,10,2,13,,7,7,1,21,8,C03,120.676937,24.163249,2
2023,3,28,20,10,臺中市,南區,0,0,0,,,,40,,,,,,,,,,,,,,,23,,,,,C03,,,1,,2,,,23,,1,18,,C03,120.652191,24.11885,3
2023,3,28,20,16,臺中市,北屯區,0,0,0,8,,,50,,,,,,,,,,,,,,,43,,,,,C03,,,1,,1,,,43,,1,21,,C03,120.683335,24.188423,3
2023,3,28,20,18,臺中市,南屯區,0,0,0,8,,,50,,,,,,,,,,,,,,,23,,,,,C03,,,1,,2,,,23,23,1,22,,C03,120.609986,24.142168,3
2023,3,28,20,18,臺中市,西屯區,0,1,0,8,3,5,50,14,7,1,5,4,5,7,4,4,5,4,4,2,17,7,2,9,1,1,C03,7,7,1,10,2,14,,7,7,1,22,8,C03,120.650312,24.175688,2
2023,3,28,20,24,臺中市,神岡區,0,2,0,8,1,5,50,3,1,1,5,4,5,7,1,1,10,5,5,2,16,23,2,9,1,1,C03,7,9,1,10,2,14,,23,23,1,22,9,C03,120.712326,24.256795,2