年,月,日,時,分,縣市,區,死,受傷,2-30,天候,光線,道路類別,速限,道路型態,事故位置,路面鋪裝,路面狀態,路面缺陷,障礙物,視距,號誌種類,號誌動作,分向設施,快車道或一般車道間,快慢車道間,路面邊線,事故類型及型態,主要肇因,受傷程度,主要傷處,保護裝備,行動電話,當事者區分,車輛用途,當事者行動狀態,駕駛資格情形,駕駛執照種類,飲酒情形,車輛撞擊部位最初,車輛撞擊部位其他,肇事因素個別,肇事因素主要,肇事逃逸,職業,旅次目的,車種,GPS緯度,GPS經度,事故類別
2023,3,29,15,30,臺中市,龍井區,0,0,0,8,,,50,,,,,,,,,,,,,,,6,,,,,B03,,,1,,2,,,6,,1,21,,B03,120.509722,24.218333,3
2023,3,29,15,31,臺中市,北區,0,1,0,8,1,5,50,3,1,1,5,4,5,7,4,4,1,4,5,2,9,19,3,10,1,1,A02,7,1,1,2,2,15,,19,19,1,21,8,A02,120.684763,24.151569,2
2023,3,29,15,36,臺中市,太平區,0,0,0,8,,,40,,,,,,,,,,,,,,,6,,,,,C03,,,1,,2,,,6,,1,22,,C03,120.701195,24.11243,3
2023,3,29,15,36,臺中市,烏日區,0,0,0,6,,,50,,,,,,,,,,,,,,,42,,,,,C03,,,1,,2,,,42,,1,21,,C03,120.642271,24.064393,3
2023,3,29,15,40,臺中市,烏日區,0,0,0,8,1,5,50,15,13,1,5,4,5,7,4,4,1,4,4,1,14,12,,,,,B03,,,1,,2,,,12,,1,22,,B03,120.592978,24.113071,3
2023,3,29,15,43,臺中市,西屯區,0,0,0,8,,,40,,,,,,,,,,,,,,,43,,,,,B03,,,1,,2,,,43,,1,22,,B03,120.662953,24.16761,3
2023,3,29,15,45,臺中市,大里區,0,0,0,8,,,50,,,,,,,,,,,,,,,23,,,,,B03,,,1,,2,,,23,,1,5,,B03,120.681326,24.100302,3
2023,3,29,15,46,臺中市,西屯區,0,3,0,8,1,5,40,14,8,1,5,4,5,7,2,1,1,4,1,1,17,23,2,9,1,1,C03,7,9,1,10,2,11,,23,23,1,1,9,C03,120.615268,24.182938,2
2023,3,29,15,59,臺中市,北區,0,1,0,8,1,5,50,4,1,1,5,4,5,7,3,1,10,5,5,2,9,43,3,10,3,4,B01,7,9,1,4,2,15,,43,43,1,5,8,B01,120.687116,24.15459,2
2023,3,29,16,0,臺中市,中區,0,2,0,8,1,5,50,4,1,1,5,4,5,7,4,4,10,5,5,2,15,6,2,9,1,1,C03,7,9,1,10,2,11,,6,6,1,21,8,C03,120.675463,24.142508,2
2023,3,29,16,0,臺中市,西屯區,0,1,0,6,1,5,50,4,1,1,4,4,5,7,1,1,10,5,5,2,16,19,3,10,3,4,B03,7,1,1,8,2,1,,19,19,1,22,8,B03,120.65589,24.170451,2
2023,3,29,16,10,臺中市,西屯區,0,0,0,8,,,50,,,,,,,,,,,,,,,43,,,,,B03,,,1,,1,,,43,,1,22,,B03,120.629539,24.183759,3
2023,3,29,16,10,臺中市,后里區,0,1,0,6,1,5,50,14,7,1,4,4,5,7,2,1,5,5,4,1,17,44,3,10,1,1,B03,7,9,1,8,2,15,,44,44,1,22,8,B03,120.722054,24.308928,2
2023,3,29,16,11,臺中市,北屯區,0,1,0,6,1,5,50,4,18,1,4,4,5,7,1,1,10,5,5,2,3,15,3,10,1,1,B03,7,6,1,8,2,1,,15,15,1,21,8,B03,120.668628,24.174426,2
2023,3,29,16,13,臺中市,東區,0,1,0,7,1,5,50,3,1,1,5,4,5,7,1,1,5,4,5,2,13,23,3,10,1,1,B03,7,9,1,8,2,5,,23,23,1,21,8,B03,120.705305,24.130299,2
2023,3,29,16,14,臺中市,南屯區,0,0,0,8,,,50,,,,,,,,,,,,,,,16,,,,,B03,,,1,,1,,,16,,1,22,,B03,120.646181,24.142588,3
2023,3,29,16,17,臺中市,北區,0,1,0,7,1,5,50,4,1,1,4,4,5,7,1,1,1,2,4,2,16,6,3,10,1,1,B03,7,5,1,8,2,1,,6,6,1,21,8,B03,120.685089,24.161558,2
2023,3,29,16,19,臺中市,龍井區,0,0,0,8,,,40,,,,,,,,,,,,,,,6,,,,,B03,,,1,,2,,,6,,1,21,,B03,120.509722,24.218333,3
2023,3,29,16,21,臺中市,西屯區,0,0,0,6,,,50,,,,,,,,,,,,,,,42,,,,,B12,,,1,,2,,,42,,1,22,,B12,120.663155,24.16765,3
2023,3,29,16,21,臺中市,西屯區,0,1,0,6,1,5,50,3,8,1,4,4,5,7,2,1,8,3,5,1,17,43,2,9,1,1,C03,7,9,1,10,2,12,,43,43,1,22,8,C03,120.648548,24.168658,2
2023,3,29,16,23,臺中市,中區,0,2,0,8,1,5,50,5,1,1,5,4,5,7,1,1,10,5,5,2,16,8,2,8,1,1,C03,7,9,1,10,2,14,,23,8,1,21,8,C03,120.678038,24.146467,2
2023,3,29,16,25,臺中市,南屯區,0,1,0,8,1,5,50,14,9,1,5,4,5,7,4,4,5,4,5,2,17,26,3,10,1,1,B03,7,11,1,8,2,4,,26,26,1,22,8,B03,120.649867,24.13757,2
2023,3,29,16,26,臺中市,南屯區,0,0,0,,,,50,,,,,,,,,,,,,,,43,,,,,B03,,,1,,2,,,43,,1,22,,B03,120.628928,24.145016,3
2023,3,29,16,27,臺中市,西屯區,0,0,0,8,,,50,,,,,,,,,,,,,,,23,,,,,B03,,,1,,1,,,23,23,1,1,,B03,120.615116,24.18491,3
2023,3,29,16,28,臺中市,北屯區,0,2,0,8,1,5,50,4,1,1,5,4,5,7,1,1,10,5,5,2,17,25,3,10,1,1,C03,7,6,1,10,2,14,,25,25,1,21,8,C03,120.687918,24.170755,2
2023,3,29,16,30,臺中市,東勢區,0,1,0,8,1,5,50,3,1,1,5,4,5,7,1,1,10,5,5,2,12,42,2,9,1,1,C03,7,5,1,10,2,14,,42,42,1,22,8,C03,120.837873,24.226328,2
2023,3,29,16,31,臺中市,西區,0,1,0,6,3,5,50,4,1,1,4,4,5,7,4,4,10,5,5,2,18,42,2,9,1,1,C03,7,9,1,10,2,12,,42,42,1,22,9,C03,120.660892,24.150849,2
2023,3,29,16,31,臺中市,北區,0,0,0,8,,,50,,,,,,,,,,,,,,,26,,,,,B03,,,1,,2,,,26,,1,22,,B03,120.674507,24.162862,3
2023,3,29,16,36,臺中市,霧峰區,0,0,0,8,,,50,,,,,,,,,,,,,,,16,,,,,C03,,,1,,2,,,16,,1,22,,C03,120.703147,24.070665,3
2023,3,29,16,37,臺中市,東區,0,0,0,6,,,50,,,,,,,,,,,,,,,23,,,,,B03,,,1,,2,,,23,,1,22,,B03,120.6945,24.147364,3
2023,3,29,16,40,臺中市,潭子區,0,0,0,6,,,60,,,,,,,,,,,,,,,17,,,,,B11,,,1,,2,,,17,,1,22,,B11,120.704081,24.203108,3
2023,3,29,16,41,臺中市,大里區,0,0,0,8,,,50,,,,,,,,,,,,,,,6,,,,,B12,,,1,,9,,,6,,1,22,,B12,120.700183,24.117489,3
2023,3,29,16,42,臺中市,南屯區,0,0,0,8,,,50,,,,,,,,,,,,,,,12,,,,,B12,,,1,,1,,,12,,1,22,,B12,120.633667,24.141544,3
2023,3,29,16,44,臺中市,北屯區,0,1,0,8,1,5,50,4,1,1,5,4,5,7,1,1,10,5,5,2,16,26,4,11,1,1,C03,7,4,3,18,9,12,,26,26,2,22,9,C03,120.662357,24.188498,2
2023,3,29,16,45,臺中市,大雅區,0,0,0,6,,,50,,,,,,,,,,,,,,,23,,,,,B03,,,1,,2,,,23,,1,22,,B03,120.673156,24.210646,3
2023,3,29,16,46,臺中市,北屯區,0,0,0,,,,40,,,,,,,,,,,,,,,26,,,,,B03,,7,1,8,2,4,,26,26,1,21,8,B03,120.687151,24.200957,3
2023,3,29,16,47,臺中市,南屯區,0,1,0,6,1,5,50,4,2,1,4,4,5,7,2,1,1,4,5,2,12,13,2,9,1,1,C03,7,9,1,10,2,11,,13,13,1,22,8,C03,120.646808,24.148836,2
2023,3,29,16,51,臺中市,北屯區,0,0,0,8,,,50,,,,,,,,,,,,,,,23,,,,,B03,,,1,,1,,,23,,1,22,,B03,120.710719,24.18224,3
2023,3,29,16,52,臺中市,北屯區,0,1,0,6,1,5,50,4,1,1,4,4,5,7,1,1,10,5,5,2,12,16,3,10,1,1,C03,7,9,1,10,2,12,,16,16,1,18,8,C03,120.733759,24.159957,2
2023,3,29,16,54,臺中市,大肚區,0,0,0,8,,,50,,,,,,,,,,,,,,,7,,,,,A11,,,1,,2,,,7,,1,2,,A11,120.56116,24.125258,3
2023,3,29,16,55,臺中市,沙鹿區,0,0,0,6,,,50,,,,,,,,,,,,,,,19,,,,,C03,,,4,,1,,,19,,1,19,,C03,120.570169,24.229732,3
2023,3,29,16,55,臺中市,沙鹿區,0,1,0,6,1,5,30,14,9,1,4,4,5,7,4,4,10,5,5,2,11,42,2,9,1,1,C03,7,9,1,10,2,11,,42,42,1,9,5,C03,120.558254,24.221187,2
2023,3,29,16,55,臺中市,豐原區,0,0,0,6,,,50,,,,,,,,,,,,,,,23,,,,,B03,,,1,,2,,,23,,1,22,,B03,120.747356,24.269419,3
2023,3,29,16,56,臺中市,南屯區,0,1,0,6,1,5,30,3,1,1,4,4,5,7,4,4,10,5,5,2,3,23,3,10,1,1,B12,7,5,1,8,2,1,,23,23,1,22,8,B12,120.612608,24.152296,2
2023,3,29,16,58,臺中市,大里區,0,2,0,8,1,5,30,4,1,1,5,4,5,7,4,4,10,5,5,1,12,23,2,8,1,1,C03,7,9,1,10,2,11,,23,23,1,16,5,C03,120.701963,24.09181,2
2023,3,29,16,58,臺中市,沙鹿區,0,2,0,6,1,5,50,4,1,1,4,4,5,7,1,1,10,5,5,2,17,25,2,9,1,1,C03,7,9,1,10,2,11,,25,25,1,21,8,C03,120.575544,24.25185,2
2023,3,29,16,58,臺中市,豐原區,0,1,0,6,1,5,30,4,2,1,4,4,5,7,4,4,10,5,5,2,13,23,3,10,3,4,B03,7,9,1,8,2,5,,23,23,1,21,8,B03,120.717885,24.250718,2
2023,3,29,16,59,臺中市,南屯區,0,0,0,,,,40,,,,,,,,,,,,,,,16,,,,,C03,,,1,,1,,,16,,1,22,,C03,120.597148,24.154211,3
2023,3,29,17,0,臺中市,霧峰區,0,0,0,8,,,60,,,,,,,,,,,,,,,67,,,,,,,,,,,,,67,,1,,,,120.69432,24.050408,3
2023,3,29,17,4,臺中市,西屯區,0,0,0,8,,,50,,,,,,,,,,,,,,,19,,,,,B03,,,1,,2,,,19,,1,22,,B03,120.662031,24.171701,3
2023,3,29,17,8,臺中市,西區,0,0,0,8,,,50,,,,,,,,,,,,,,,25,,,,,B03,,,1,,2,,,25,,1,19,,B03,120.665757,24.140083,3
2023,3,29,17,8,臺中市,烏日區,0,0,0,8,,,50,,,,,,,,,,,,,,,23,,,,,B03,,,1,,2,,,23,,1,21,,B03,120.624146,24.10653,3
2023,3,29,17,9,臺中市,豐原區,0,1,0,6,2,5,50,15,9,1,4,4,5,7,4,4,5,5,5,2,13,22,2,9,1,1,C03,7,9,1,10,2,11,,22,22,1,22,8,C03,120.720817,24.251307,2
2023,3,29,17,10,臺中市,西區,0,0,0,,,,50,,,,,,,,,,,,,,,16,,,,,B03,,,1,,1,,,16,,1,21,,B03,120.676108,24.137111,3
2023,3,29,17,11,臺中市,西區,0,1,0,8,1,5,50,4,1,1,5,4,5,7,4,4,10,5,5,2,17,26,2,9,1,1,C03,7,5,1,10,2,12,,26,26,1,19,7,C03,120.670492,24.153412,2
2023,3,29,17,15,臺中市,南屯區,0,0,0,8,,,50,,,,,,,,,,,,,,,42,,,,,B03,,,1,,1,,,42,,1,5,,B03,120.64786,24.129629,3
2023,3,29,17,15,臺中市,西屯區,0,0,0,8,,,30,,,,,,,,,,,,,,,6,,,,,C03,,,1,,1,,,6,,1,22,,C03,120.63926,24.180533,3
2023,3,29,17,15,臺中市,神岡區,0,1,0,6,1,5,50,14,9,1,4,4,5,7,1,1,1,4,5,1,17,26,3,10,1,1,B03,7,6,1,8,2,2,,44,26,1,22,8,B03,120.692868,24.24836,2
2023,3,29,17,16,臺中市,大里區,0,0,0,8,,,50,,,,,,,,,,,,,,,17,,,,,C03,,,1,,9,,,17,,1,5,,C03,120.69437,24.100493,3
2023,3,29,17,17,臺中市,西屯區,0,4,0,8,2,5,50,4,1,1,4,4,5,7,1,1,10,5,5,2,17,23,2,9,1,1,C03,7,9,1,10,2,12,,23,23,1,22,5,C03,120.593044,24.183185,2
2023,3,29,17,18,臺中市,南屯區,0,0,0,8,,,50,,,,,,,,,,,,,,,6,,,,,B03,,,1,,1,,,6,6,1,22,,B03,120.633844,24.136715,3
2023,3,29,17,19,臺中市,北區,0,0,0,8,,,50,,,,,,,,,,,,,,,7,,,,,B03,,,1,,1,,,44,7,1,22,,B03,120.687956,24.15399,3
2023,3,29,17,19,臺中市,西屯區,0,1,0,8,1,5,50,14,9,1,5,4,5,7,4,4,5,5,5,2,16,19,3,10,1,1,B03,7,1,1,8,2,8,,19,19,1,22,8,B03,120.641398,24.185479,2
2023,3,29,17,19,臺中市,沙鹿區,0,1,0,6,1,5,50,3,1,1,4,4,5,7,1,1,10,5,5,2,17,6,3,10,1,1,B03,7,6,1,8,2,2,,6,6,1,21,8,B03,120.579046,24.250166,2
2023,3,29,17,21,臺中市,梧棲區,0,0,0,6,,,50,,,,,,,,,,,,,,,23,,,,,C03,,,2,,2,,,23,,1,16,,C03,120.531106,24.240643,3
2023,3,29,17,21,臺中市,豐原區,0,1,0,6,1,5,40,14,7,1,4,4,5,7,4,4,4,4,4,1,13,23,2,7,1,1,C03,7,9,1,10,2,11,,23,23,1,22,8,C03,120.716197,24.251466,2
2023,3,29,17,24,臺中市,東區,0,1,0,8,1,5,50,3,1,1,5,4,5,7,2,1,3,5,5,2,13,8,2,9,1,1,C03,7,5,3,18,9,13,,8,8,2,16,5,C03,120.685897,24.135723,2
2023,3,29,17,24,臺中市,梧棲區,0,0,0,6,,,30,,,,,,,,,,,,,,,6,,,,,B03,,,1,,2,,,6,,1,9,,B03,120.531013,24.240746,3
2023,3,29,17,25,臺中市,北屯區,0,0,0,6,,,50,,,,,,,,,,,,,,,23,,,,,B03,,,1,,2,,,23,,1,21,,B03,120.66826,24.17486,3
2023,3,29,17,26,臺中市,潭子區,0,1,0,6,1,5,50,14,7,1,4,4,5,7,4,4,5,4,4,2,13,23,2,9,1,1,C03,7,5,1,10,2,11,,23,23,1,22,8,C03,120.713255,24.22986,2
2023,3,29,17,27,臺中市,大里區,0,0,0,8,,,50,,,,,,,,,,,,,,,16,,,,,B03,,,1,,2,,,16,,1,22,,B03,120.693626,24.090117,3
2023,3,29,17,28,臺中市,北區,0,0,0,8,,,50,,,,,,,,,,,,,,,16,,,,,B12,,,1,,1,,,16,,1,22,,B12,120.685733,24.143258,3
2023,3,29,17,29,臺中市,大甲區,0,2,0,6,1,5,50,14,8,1,4,4,5,7,4,4,5,5,5,1,16,26,2,7,1,1,C03,7,11,1,10,2,14,,26,26,1,4,1,C03,120.627148,24.350918,2
2023,3,29,17,30,臺中市,北區,0,0,0,8,,,50,,,,,,,,,,,,,,,19,,,,,F01,,,8,,1,,,19,,1,16,,F01,120.677124,24.15462,3
2023,3,29,17,30,臺中市,新社區,0,0,0,8,,,50,,,,,,,,,,,,,,,23,,,,,B03,,,1,,2,,,23,,1,19,,B03,120.792064,24.208454,3
2023,3,29,17,32,臺中市,大里區,0,0,0,8,,,30,,,,,,,,,,,,,,,12,,,,,B12,,,1,,2,,,12,,1,21,,B12,120.665205,24.098527,3
2023,3,29,17,33,臺中市,西屯區,0,0,0,8,,,30,,,,,,,,,,,,,,,43,,,,,C03,,,1,,11,,,43,,1,22,,C03,120.646302,24.179872,3
2023,3,29,17,35,臺中市,南屯區,0,2,0,7,1,5,50,4,1,4,5,4,5,7,4,4,10,5,5,2,15,6,2,9,1,1,C03,7,9,1,10,2,14,,6,6,1,22,9,C03,120.612528,24.145586,2
2023,3,29,17,35,臺中市,北屯區,0,1,0,8,1,5,50,3,1,1,5,4,5,7,1,1,10,5,5,2,17,25,2,9,1,1,C03,7,6,1,10,2,14,,25,25,1,21,8,C03,120.695183,24.165049,2
2023,3,29,17,37,臺中市,西區,0,1,0,8,1,5,50,5,1,1,5,4,5,7,1,1,10,5,5,2,16,6,3,10,1,1,B03,7,5,1,8,1,2,,6,6,1,21,8,B03,120.67267,24.131637,2
2023,3,29,17,38,臺中市,西屯區,0,1,0,7,2,5,30,14,9,1,4,4,5,7,4,4,10,5,5,2,17,43,2,9,1,1,C03,7,7,1,10,2,14,,43,43,1,22,8,C03,120.646253,24.18389,2
2023,3,29,17,40,臺中市,沙鹿區,0,0,0,6,1,5,50,4,1,1,4,4,5,7,2,1,10,5,5,2,16,10,2,8,1,1,B12,7,11,1,8,2,5,,10,10,1,4,5,B12,120.558754,24.233577,3
2023,3,29,17,43,臺中市,北區,0,0,0,8,,,50,,,,,,,,,,,,,,,19,,,,,C03,,,1,,1,,,19,,1,22,,C03,120.680952,24.16161,3
2023,3,29,17,43,臺中市,南屯區,0,0,0,,,,50,,,,,,,,,,,,,,,23,,,,,B03,,,1,,1,,,23,,1,22,,B03,120.623497,24.149515,3
2023,3,29,17,45,臺中市,南區,0,1,0,8,2,5,50,14,9,1,5,4,5,7,4,4,5,5,5,2,2,23,3,10,1,1,B03,7,9,1,8,2,5,,23,23,1,22,8,B03,120.674666,24.12455,2
2023,3,29,17,45,臺中市,太平區,0,1,0,8,1,5,50,5,1,1,5,4,5,7,1,1,10,5,5,2,13,23,3,10,1,1,B03,7,6,1,8,2,1,,23,23,1,21,8,B03,120.724796,24.149634,2
2023,3,29,17,48,臺中市,北屯區,0,2,0,8,1,5,60,14,12,1,5,4,5,7,4,4,3,4,4,2,16,26,2,9,1,1,C03,7,7,1,10,2,11,,26,26,1,22,8,C03,120.720143,24.163101,2
2023,3,29,17,49,臺中市,大甲區,0,1,0,6,3,5,50,3,1,1,4,4,5,7,4,4,10,5,5,2,16,19,2,7,1,1,C03,7,1,1,10,2,13,,19,19,1,5,1,C03,120.65355,24.389305,2
2023,3,29,17,50,臺中市,大雅區,0,2,0,7,2,5,50,4,2,1,5,4,5,7,1,1,5,4,5,1,16,6,2,9,1,1,C03,7,6,1,10,2,12,,6,6,1,22,9,C03,120.646764,24.226121,2
2023,3,29,17,51,臺中市,西區,0,1,0,8,3,5,50,14,9,1,5,4,5,7,1,1,5,2,5,2,12,7,3,10,1,1,A04,7,9,1,2,2,5,,44,7,1,10,9,A04,120.677263,24.140206,2
2023,3,29,17,51,臺中市,西屯區,0,1,0,8,3,5,50,14,8,1,5,4,5,7,4,4,5,4,5,1,17,7,3,10,1,1,B03,7,8,1,8,2,6,,7,7,1,1,9,B03,120.653849,24.176154,2
2023,3,29,17,54,臺中市,西屯區,0,2,0,8,3,5,50,14,8,1,5,4,5,7,4,4,5,5,4,2,16,26,2,9,3,4,C03,7,5,3,18,2,11,,26,26,1,22,8,C03,120.657474,24.168156,2
2023,3,29,17,55,臺中市,南區,0,0,0,8,3,5,50,14,8,1,5,4,5,7,4,4,1,4,4,2,14,12,3,10,1,1,B03,7,2,1,8,2,3,,12,12,2,20,8,B03,120.653107,24.113076,3
2023,3,29,17,56,臺中市,東區,0,0,0,8,,,50,,,,,,,,,,,,,,,50,,,,,B03,,,1,,1,,,50,,1,22,,B03,120.695692,24.136883,3
2023,3,29,17,57,臺中市,西屯區,0,0,0,8,,,50,,,,,,,,,,,,,,,16,,,,,B03,,,1,,1,,,16,,1,22,,B03,120.603578,24.175013,3
2023,3,29,17,58,臺中市,北屯區,0,0,0,8,,,40,,,,,,,,,,,,,,,12,,,,,B03,,,1,,1,,,12,,1,21,,B03,120.716796,24.170086,3
2023,3,29,17,58,臺中市,豐原區,0,0,0,8,,,50,,,,,,,,,,,,,,,7,,,,,B03,,,1,,2,,,7,,1,21,,B03,120.745733,24.269894,3
2023,3,29,17,59,臺中市,大里區,0,0,0,8,,,50,,,,,,,,,,,,,,,42,,,,,B03,,,1,,2,,,42,,1,5,,B03,120.69785,24.111026,3
2023,3,29,18,1,臺中市,西屯區,0,1,0,8,3,5,50,4,1,1,4,4,5,7,1,1,10,5,5,2,16,6,3,10,1,1,B03,7,5,1,8,2,5,,6,6,1,22,5,B03,120.638929,24.182262,2
2023,3,29,18,2,臺中市,龍井區,0,0,0,6,,,30,,,,,,,,,,,,,,,23,,,,,B11,,,1,,2,,,23,,1,22,,B11,120.58283,24.178803,3
2023,3,29,18,9,臺中市,和平區,0,0,0,8,,,50,,,,,,,,,,,,,,,44,,,,,B02,,,1,,1,,,44,,1,20,,B02,121.006254,24.203197,3
2023,3,29,18,10,臺中市,西區,0,0,0,,,,50,,,,,,,,,,,,,,,12,,,,,B03,,,1,,1,,,12,,1,21,,B03,120.653222,24.14886,3
2023,3,29,18,11,臺中市,西屯區,0,0,0,8,,,50,,,,,,,,,,,,,,,7,,,,,C03,,,1,,1,,,7,,1,22,,C03,120.6354,24.179799,3
2023,3,29,18,11,臺中市,大里區,0,1,0,8,1,5,50,14,9,1,5,4,5,7,4,4,5,4,5,1,16,10,3,10,1,1,B03,7,11,1,8,2,4,,10,10,1,5,8,B03,120.675068,24.106393,2
2023,3,29,18,14,臺中市,南屯區,0,0,0,8,,,50,,,,,,,,,,,,,,,7,,,,,B03,,,1,,1,,,7,,1,22,,B03,120.622788,24.144846,3
2023,3,29,18,14,臺中市,烏日區,0,0,0,8,3,5,50,14,7,1,5,4,5,7,1,1,1,4,1,1,13,23,,,,,B03,,,1,,2,,,23,,1,22,,B03,120.610609,24.113735,3
2023,3,29,18,15,臺中市,西區,0,1,0,8,3,5,50,4,1,1,4,4,5,7,1,1,10,5,5,2,16,6,3,10,1,1,B03,7,6,1,8,2,2,,6,6,1,5,9,B03,120.669809,24.14734,2
2023,3,29,18,16,臺中市,西屯區,0,0,0,8,,,50,,,,,,,,,,,,,,,43,,,,,C03,,,1,,2,,,43,,1,1,,C03,120.638522,24.164116,3
2023,3,29,18,18,臺中市,后里區,0,1,0,6,2,5,50,3,1,1,4,4,5,7,1,1,10,4,4,1,17,8,3,10,1,1,C03,7,5,1,8,2,15,,8,8,1,22,8,C03,120.723157,24.300205,2
2023,3,29,18,20,臺中市,大雅區,0,1,0,8,3,5,50,14,8,1,5,4,5,7,4,4,9,5,4,1,16,11,3,10,1,1,F03,7,11,8,20,2,16,,11,11,1,22,8,F03,120.64325,24.220017,2
2023,3,29,18,20,臺中市,大里區,0,0,0,8,,,50,,,,,,,,,,,,,,,7,,,,,B03,,,1,,2,,,7,,1,5,,B03,120.67002,24.111285,3
2023,3,29,18,21,臺中市,北區,0,1,0,8,3,5,50,4,1,1,4,4,5,7,1,1,5,5,5,2,13,16,2,9,1,1,C03,7,9,1,9,2,11,,16,16,1,22,8,C03,120.664681,24.164683,2
2023,3,29,18,21,臺中市,北屯區,0,0,0,8,,,50,,,,,,,,,,,,,,,23,,,,,B03,,,1,,1,,,23,,1,21,,B03,120.694131,24.164133,3
2023,3,29,18,24,臺中市,梧棲區,0,0,0,8,,,50,,,,,,,,,,,,,,,23,,,,,B03,,,1,,1,,,23,,1,5,,B03,120.552905,24.248398,3
2023,3,29,18,26,臺中市,南屯區,0,1,0,7,2,5,30,14,9,1,5,4,5,7,4,4,10,5,5,2,10,23,3,10,1,1,B03,7,9,1,7,2,8,,23,23,1,22,9,B03,120.619711,24.158367,2
2023,3,29,18,27,臺中市,霧峰區,0,0,0,8,,,40,,,,,,,,,,,,,,,16,,,,,C03,,,1,,2,,,16,,1,18,,C03,120.715281,24.076119,3
2023,3,29,18,30,臺中市,北區,0,1,0,7,3,5,50,14,9,1,5,4,5,7,1,1,5,4,5,2,13,16,2,9,1,1,C03,7,9,1,10,2,11,,16,16,1,22,8,C03,120.680489,24.165365,2
2023,3,29,18,30,臺中市,北屯區,0,1,0,8,3,5,50,3,1,1,5,4,5,7,4,4,10,5,5,2,17,19,3,10,1,1,B03,7,1,1,8,2,8,,19,19,1,21,8,B03,120.689145,24.188271,2
2023,3,29,18,31,臺中市,北屯區,0,0,0,6,,,50,,,,,,,,,,,,,,,19,,,,,C03,,5,1,10,2,11,,19,25,1,21,8,C03,120.659855,24.192671,3
2023,3,29,18,32,臺中市,后里區,0,0,0,,,,50,,,,,,,,,,,,,,,6,,,,,B02,,,1,,1,,,6,,1,22,,B02,120.73584,24.314468,3
2023,3,29,18,34,臺中市,北屯區,0,0,0,8,,,50,,,,,,,,,,,,,,,12,,,,,B03,,,1,,2,,,12,,1,22,,B03,120.692139,24.165712,3
2023,3,29,18,35,臺中市,東區,0,1,0,8,3,5,40,4,1,1,5,4,5,7,4,4,10,5,5,2,15,6,2,9,1,1,C03,7,9,1,10,2,11,,6,6,1,22,8,C03,120.693219,24.143476,2
2023,3,29,18,37,臺中市,西屯區,0,1,0,8,3,5,50,3,1,1,5,4,5,7,4,4,1,4,5,2,16,7,3,10,3,4,C03,7,7,1,10,2,14,,7,7,1,22,8,C03,120.647024,24.158427,2
2023,3,29,18,38,臺中市,北屯區,0,0,0,8,,,30,,,,,,,,,,,,,,,12,,,,,B03,,,1,,1,,,12,,1,21,,B03,120.664266,24.192482,3
2023,3,29,18,39,臺中市,北屯區,0,0,0,,,,50,,,,,,,,,,,,,,,16,,,,,C03,,,1,,2,,,16,,1,22,,C03,120.695955,24.167733,3
2023,3,29,18,42,臺中市,北區,0,1,0,6,3,5,40,4,1,1,4,4,5,7,1,1,1,4,4,2,17,23,2,9,1,1,C03,7,9,1,10,2,11,,23,23,1,21,8,C03,120.666058,24.162971,2
2023,3,29,18,42,臺中市,大甲區,0,2,0,7,3,5,40,14,8,1,4,4,5,7,4,4,1,4,4,1,13,23,2,8,1,1,C03,7,9,1,10,2,11,,23,23,1,4,1,C03,120.606388,24.321023,2
2023,3,29,18,46,臺中市,西屯區,0,0,0,8,,,80,,,,,,,,,,,,,,,16,,,,,B03,,,1,,1,,,44,16,1,22,,B03,120.634948,24.179291,3
2023,3,29,18,50,臺中市,北屯區,0,2,0,8,3,5,50,14,9,1,5,4,5,7,4,4,1,4,5,2,13,23,3,10,1,1,B03,7,9,1,8,2,1,,23,23,1,21,8,B03,120.699951,24.177295,2
2023,3,29,18,50,臺中市,大里區,0,0,0,8,,,50,,,,,,,,,,,,,,,18,,,,,B03,,,1,,2,,,18,,1,22,,B03,120.683882,24.113,3
2023,3,29,18,51,臺中市,太平區,0,1,0,8,1,5,40,14,9,1,5,4,5,7,4,4,9,5,5,1,18,13,2,9,1,1,C03,7,12,1,10,2,15,,13,13,1,22,8,C03,120.731002,24.126937,2
2023,3,29,18,52,臺中市,西屯區,0,1,0,8,3,5,40,3,1,1,5,4,5,7,1,1,10,5,5,2,12,7,3,10,1,1,B03,7,8,1,8,2,2,,7,7,1,22,5,B03,120.639414,24.188611,2
2023,3,29,18,59,臺中市,豐原區,0,1,0,8,1,5,50,14,8,1,5,4,5,7,4,4,5,5,4,2,17,6,3,10,1,1,A04,7,6,1,1,2,2,,6,6,1,22,8,A04,120.721723,24.254263,2
2023,3,29,19,10,臺中市,西屯區,0,0,0,8,,,50,,,,,,,,,,,,,,,16,,,,,B03,,,1,,1,,,16,,1,22,,B03,120.642535,24.164224,3
2023,3,29,19,17,臺中市,大雅區,0,0,0,8,,,60,,,,,,,,,,,,,,,23,,,,,B03,,,1,,2,,,23,,1,21,,B03,120.64249,24.228792,3