年,月,日,時,分,縣市,區,死,受傷,2-30,天候,光線,道路類別,速限,道路型態,事故位置,路面鋪裝,路面狀態,路面缺陷,障礙物,視距,號誌種類,號誌動作,分向設施,快車道或一般車道間,快慢車道間,路面邊線,事故類型及型態,主要肇因,受傷程度,主要傷處,保護裝備,行動電話,當事者區分,車輛用途,當事者行動狀態,駕駛資格情形,駕駛執照種類,飲酒情形,車輛撞擊部位最初,車輛撞擊部位其他,肇事因素個別,肇事因素主要,肇事逃逸,職業,旅次目的,車種,GPS緯度,GPS經度,事故類別
2023,3,31,8,18,臺中市,龍井區,0,2,0,8,1,5,50,3,1,1,5,4,5,7,4,4,10,5,5,2,10,23,2,7,3,4,C03,7,9,1,10,2,11,,23,23,1,22,9,C03,120.588945,24.178354,2
2023,3,31,8,19,臺中市,太平區,0,0,0,8,,,50,,,,,,,,,,,,,,,10,,,,,B12,,,1,,2,,,10,,1,22,,B12,120.734261,24.149205,3
2023,3,31,8,20,臺中市,南屯區,0,0,0,8,,,50,,,,,,,,,,,,,,,23,,,,,B03,,,1,,1,,,23,,1,22,,B03,120.626048,24.112873,3
2023,3,31,8,25,臺中市,清水區,0,0,0,8,,,40,,,,,,,,,,,,,,,12,,,,,B03,,,1,,2,,,12,,1,22,,B03,120.623042,24.29283,3
2023,3,31,8,27,臺中市,梧棲區,0,0,0,8,,,90,,,,,,,,,,,,,,,30,,,,,A31,,,1,,2,,,30,,1,10,,A31,120.528061,24.231118,3
2023,3,31,8,28,臺中市,南屯區,0,1,0,8,1,5,50,14,9,1,5,4,5,7,4,4,5,4,5,2,12,17,3,10,1,1,B12,7,9,1,8,2,2,,17,17,1,5,8,B12,120.643826,24.146854,2
2023,3,31,8,32,臺中市,西區,0,0,0,7,1,5,50,14,9,1,5,4,5,7,4,4,5,5,5,2,12,40,,,,,B12,,,1,,1,,,40,,1,21,,B12,120.667247,24.13532,3
2023,3,31,8,32,臺中市,南屯區,0,1,0,7,1,5,50,14,18,1,5,4,5,7,1,1,5,5,5,2,1,15,3,10,1,1,B03,7,5,1,8,2,8,,15,15,1,5,1,B03,120.649917,24.140957,2
2023,3,31,8,36,臺中市,南屯區,0,2,0,8,1,5,50,14,9,1,5,4,5,7,4,4,5,4,5,2,17,16,2,9,1,1,C03,7,9,1,10,2,11,,16,16,1,22,8,C03,120.646621,24.149312,2
2023,3,31,8,42,臺中市,西區,0,1,0,8,1,5,50,14,8,1,5,4,5,7,1,1,1,5,4,2,13,16,2,9,1,1,C03,7,9,1,10,2,11,14,16,16,1,5,5,C03,120.669821,24.150405,2
2023,3,31,8,45,臺中市,西區,0,0,0,,,,50,,,,,,,,,,,,,,,42,,,,,B12,,,1,,1,,,42,,1,20,,B12,120.655547,24.138643,3
2023,3,31,8,46,臺中市,北屯區,0,1,0,8,1,5,50,14,9,1,5,4,5,7,4,4,7,5,5,2,16,23,2,8,1,1,C03,7,9,1,10,2,12,,23,23,1,5,8,C03,120.7276,24.1759,2
2023,3,31,8,47,臺中市,大里區,0,1,0,8,1,5,50,4,1,1,5,4,5,7,1,1,9,4,4,1,16,8,3,10,1,1,A12,7,5,1,7,2,2,,8,8,1,22,8,A12,120.698456,24.079828,2
2023,3,31,8,47,臺中市,大里區,0,0,0,8,,,50,,,,,,,,,,,,,,,23,,,,,B03,,,1,,2,,,23,23,1,22,,B03,120.700283,24.102266,3
2023,3,31,8,50,臺中市,西屯區,0,0,0,8,,,50,,,,,,,,,,,,,,,17,,,,,B01,,,1,,1,,,17,,1,22,,B01,120.602717,24.183829,3
2023,3,31,8,50,臺中市,太平區,0,1,0,7,1,5,50,4,1,1,5,4,5,7,1,1,5,5,5,2,16,23,2,9,1,1,C03,7,9,1,10,2,14,,23,23,1,21,8,C03,120.710001,24.134949,2
2023,3,31,8,52,臺中市,西區,0,1,0,7,1,5,50,14,9,1,5,4,5,7,4,4,5,5,5,2,12,6,3,10,3,4,C03,7,6,1,10,2,12,,6,6,1,21,8,C03,120.661715,24.135698,2
2023,3,31,8,55,臺中市,北屯區,0,0,0,8,,,50,,,,,,,,,,,,,,,6,,,,,B01,,,1,,1,,,6,,1,10,,B01,120.686579,24.194003,3
2023,3,31,8,56,臺中市,西屯區,0,0,0,8,,,50,,,,,,,,,,,,,,,26,,,,,C03,,,1,,1,,,26,,1,22,,C03,120.63401,24.16257,3
2023,3,31,9,5,臺中市,西屯區,0,0,0,8,,,50,,,,,,,,,,,,,,,23,,,,,A12,,,1,,1,,,23,,1,4,,A12,120.656547,24.200655,3
2023,3,31,9,6,臺中市,西區,0,1,0,8,1,5,50,4,1,1,5,4,3,7,4,4,5,5,5,1,15,6,3,10,1,1,B03,7,9,1,8,2,1,,6,6,1,21,8,B03,120.664301,24.149044,2
2023,3,31,9,15,臺中市,大里區,0,1,0,8,1,5,50,4,1,1,5,4,5,7,1,1,1,2,4,1,16,9,3,10,1,1,B02,7,6,1,8,2,5,,9,9,1,22,9,B02,120.68827,24.101832,2
2023,3,31,9,18,臺中市,南屯區,0,0,0,8,,,50,,,,,,,,,,,,,,,12,,,,,B03,,,1,,2,,,12,,1,5,,B03,120.640731,24.146859,3
2023,3,31,9,21,臺中市,東區,0,1,0,7,1,5,40,4,1,1,5,4,5,7,1,1,10,5,5,2,16,7,3,10,1,1,B03,7,8,1,8,2,2,,7,7,1,5,8,B03,120.70994,24.142754,2
2023,3,31,9,23,臺中市,西屯區,0,1,0,6,1,5,50,3,1,1,4,4,5,7,4,4,10,5,5,2,11,6,3,10,1,1,B03,7,5,1,8,1,1,,6,6,1,22,8,B03,120.635984,24.175242,2
2023,3,31,9,28,臺中市,西屯區,0,0,0,8,,,1,,,,,,,,,,,,,,,67,,,,,,,,,,,,,67,,1,,,,120.626503,24.166569,3
2023,3,31,9,30,臺中市,南屯區,0,0,0,7,1,5,40,14,9,1,5,4,5,7,4,4,10,5,5,2,17,43,,,,,,,,,,,,,43,,1,,,,120.625448,24.147871,3
2023,3,31,9,31,臺中市,西區,0,1,0,6,1,5,50,4,1,1,4,4,5,7,2,1,10,5,5,2,13,42,2,9,1,1,C03,7,9,1,10,2,11,,42,42,1,5,5,C03,120.652997,24.146726,2
2023,3,31,9,33,臺中市,北屯區,0,0,0,6,,,50,,,,,,,,,,,,,,,23,,,,,B12,,,1,,1,,,23,,1,22,,B12,120.700879,24.16512,3
2023,3,31,9,34,臺中市,南屯區,0,0,0,8,1,5,50,14,8,1,5,4,5,7,4,4,1,4,1,2,13,7,3,10,1,1,B03,7,8,1,8,1,3,,7,7,1,22,8,B03,120.623258,24.150981,3
2023,3,31,9,36,臺中市,北屯區,0,0,0,8,,,50,,,,,,,,,,,,,,,43,,,,,B12,,,1,,9,,,43,,1,22,,B12,120.705178,24.190309,3
2023,3,31,9,37,臺中市,南區,0,3,0,8,1,5,50,3,8,1,5,4,5,7,1,1,9,4,5,2,16,25,2,9,1,1,C03,7,9,1,10,2,11,12,25,25,1,5,1,C03,120.679289,24.120608,2
2023,3,31,9,43,臺中市,南屯區,0,1,0,6,1,5,50,3,1,1,4,4,5,7,4,4,5,5,5,2,16,26,3,10,1,1,C03,7,11,1,10,2,11,,26,26,1,5,8,C03,120.647151,24.137435,2
2023,3,31,9,46,臺中市,北屯區,0,0,0,6,,,50,,,,,,,,,,,,,,,23,,,,,B03,,,1,,1,,,23,,1,21,,B03,120.695586,24.161138,3
2023,3,31,9,58,臺中市,石岡區,0,0,0,6,,,70,,,,,,,,,,,,,,,23,,,,,B12,,,1,,2,,,23,,1,22,,B12,120.802658,24.268349,3
2023,3,31,9,59,臺中市,豐原區,0,1,0,7,1,5,60,4,18,1,5,4,5,7,2,1,1,4,4,1,3,15,3,10,1,1,B01,7,5,1,1,2,1,,15,15,1,22,8,B01,120.720235,24.264005,2
2023,3,31,10,0,臺中市,西屯區,0,1,0,8,1,5,40,14,8,1,5,4,5,7,4,4,1,4,1,2,13,23,2,9,1,1,C03,7,9,1,10,2,11,,23,23,1,22,8,C03,120.657655,24.158401,2
2023,3,31,10,2,臺中市,南區,0,1,0,7,1,5,50,3,1,1,5,4,5,7,1,1,10,5,5,2,3,15,3,10,1,1,B03,7,5,1,8,2,7,,15,15,1,22,9,B03,120.66608,24.126931,2
2023,3,31,10,4,臺中市,北屯區,0,0,0,8,,,40,,,,,,,,,,,,,,,12,,,,,B12,,,1,,1,,,12,,1,5,,B12,120.66358,24.186852,3
2023,3,31,10,5,臺中市,西屯區,0,2,0,6,1,5,50,14,9,1,4,4,5,7,4,4,5,4,5,2,16,6,3,10,1,1,B03,7,6,1,8,2,6,,6,6,1,22,8,B03,120.64589,24.175557,2
2023,3,31,10,13,臺中市,南屯區,0,2,0,7,1,5,50,14,9,1,5,4,5,7,4,4,5,4,5,2,12,6,3,10,1,1,B03,7,6,1,8,2,2,,6,6,1,5,8,B03,120.652858,24.151427,2
2023,3,31,10,13,臺中市,西屯區,0,1,0,8,1,5,40,14,8,1,5,4,5,7,4,4,1,4,4,2,13,16,3,10,1,3,C03,7,9,1,10,2,11,,16,16,1,22,8,C03,120.636615,24.161488,2
2023,3,31,10,20,臺中市,霧峰區,0,0,0,8,,,40,,,,,,,,,,,,,,,25,,,,,B12,,,1,,2,,,25,,1,22,,B12,120.661873,24.068462,3
2023,3,31,10,23,臺中市,神岡區,0,1,0,7,1,5,1,14,9,1,5,4,5,7,4,4,5,4,4,1,16,19,2,8,1,4,C03,7,1,1,10,2,14,,19,19,1,22,9,C03,120.664548,24.258021,2
2023,3,31,10,25,臺中市,潭子區,0,1,0,8,1,5,50,4,1,1,5,4,5,7,1,1,5,4,4,1,16,25,2,7,1,1,C03,7,9,3,18,2,12,,25,25,1,22,8,C03,120.703276,24.208375,2
2023,3,31,10,26,臺中市,西屯區,0,0,0,8,,,40,,,,,,,,,,,,,,,8,,,,,B01,,,1,,1,,,8,,1,4,,B01,120.666693,24.171238,3
2023,3,31,10,34,臺中市,西屯區,0,0,0,8,,,50,,,,,,,,,,,,,,,12,,,,,B11,,,1,,1,,,12,,1,22,,B11,120.607039,24.15597,3
2023,3,31,10,36,臺中市,大雅區,0,1,0,8,1,5,50,4,1,1,5,4,5,7,1,1,1,4,4,1,16,6,3,10,1,1,B03,7,6,1,8,2,2,,6,6,1,22,9,B03,120.656439,24.220798,2
2023,3,31,10,36,臺中市,豐原區,0,0,0,8,,,30,,,,,,,,,,,,,,,12,,,,,B12,,,1,,2,,,12,,1,22,,B12,120.725687,24.23879,3
2023,3,31,10,37,臺中市,東區,0,0,0,,,,50,,,,,,,,,,,,,,,9,,,,,B03,,,1,,1,,,9,,1,22,,B03,120.693452,24.133073,3
2023,3,31,10,40,臺中市,太平區,0,0,0,8,,,50,,,,,,,,,,,,,,,12,,,,,B12,,,1,,2,,,12,,1,21,,B12,120.716463,24.132687,3
2023,3,31,10,46,臺中市,后里區,0,0,0,8,,,50,,,,,,,,,,,,,,,23,,,,,B12,,,1,,2,,,23,,1,21,,B12,120.716983,24.333986,3
2023,3,31,10,47,臺中市,大甲區,0,0,0,8,,,50,,,,,,,,,,,,,,,12,,,,,C03,,,1,,1,,,12,,1,9,,C03,120.613629,24.351563,3
2023,3,31,10,55,臺中市,豐原區,0,0,0,8,,,40,,,,,,,,,,,,,,,67,,,,,,,,,,,,,67,,1,,,,120.726042,24.250243,3
2023,3,31,10,56,臺中市,梧棲區,0,1,0,8,1,5,40,14,8,1,5,4,5,7,4,4,1,4,1,1,12,7,3,10,1,1,A04,7,9,1,2,2,2,,44,7,1,10,8,A04,120.554708,24.243544,2
2023,3,31,10,57,臺中市,大里區,0,0,0,8,,,50,,,,,,,,,,,,,,,23,,,,,B03,,,1,,2,,,23,,1,22,,B03,120.698073,24.080945,3
2023,3,31,10,57,臺中市,太平區,0,0,0,8,,,40,,,,,,,,,,,,,,,23,,,,,B03,,,1,,2,,,23,,1,22,,B03,120.715797,24.152613,3
2023,3,31,11,0,臺中市,烏日區,0,0,0,8,,,50,,,,,,,,,,,,,,,23,,,,,A11,,,1,,2,,,23,,1,22,,A11,120.649373,24.1113,3
2023,3,31,11,0,臺中市,清水區,0,1,0,8,1,5,30,11,9,1,5,4,5,7,4,4,10,5,5,1,11,5,3,10,1,1,B03,7,9,1,8,2,4,,5,5,1,21,8,B03,120.599938,24.268242,2
2023,3,31,11,1,臺中市,北區,0,0,0,,,,50,,,,,,,,,,,,,,,23,,,,,B03,,,1,,11,,,23,,1,22,,B03,120.684263,24.154581,3
2023,3,31,11,1,臺中市,大肚區,0,0,0,6,,,50,,,,,,,,,,,,,,,19,,,,,B03,,,1,,2,,,19,,1,2,,B03,120.576599,24.119032,3
2023,3,31,11,5,臺中市,烏日區,0,0,0,6,,,30,,,,,,,,,,,,,,,23,,,,,B03,,,1,,2,,,23,,1,21,,B03,120.64429,24.0733,3
2023,3,31,11,7,臺中市,東區,0,0,0,,,,50,,,,,,,,,,,,,,,42,,,,,C03,,,1,,2,,,42,,1,5,,C03,120.70152,24.131737,3
2023,3,31,11,10,臺中市,北屯區,0,0,0,8,,,50,,,,,,,,,,,,,,,6,,,,,B03,,,1,,1,,,6,,1,21,,B03,120.688163,24.182378,3
2023,3,31,11,10,臺中市,大甲區,0,0,0,,,,50,,,,,,,,,,,,,,,18,,,,,B12,,,1,,1,,,18,18,1,22,,B12,120.612968,24.3378,3
2023,3,31,11,11,臺中市,南屯區,0,1,0,8,1,5,30,14,9,1,5,4,5,7,4,4,10,5,5,2,18,23,2,9,1,1,C03,7,6,1,10,2,12,,23,23,1,5,8,C03,120.638228,24.141047,2
2023,3,31,11,15,臺中市,西屯區,0,0,0,8,,,40,,,,,,,,,,,,,,,6,,,,,B03,,,1,,1,,,6,,1,22,,B03,120.644231,24.194828,3
2023,3,31,11,20,臺中市,西屯區,0,1,0,7,1,5,40,4,1,1,5,4,5,7,4,4,10,5,5,2,18,42,2,9,1,1,C02,7,5,1,9,2,15,,42,42,1,22,8,C02,120.637546,24.185697,2
2023,3,31,11,22,臺中市,南區,0,2,0,7,1,5,50,4,1,1,5,4,5,7,1,1,10,5,5,2,15,25,3,10,1,1,B03,7,9,1,8,2,5,,25,25,1,22,9,B03,120.663701,24.116803,2
2023,3,31,11,24,臺中市,南區,0,1,0,6,1,5,50,4,1,1,4,4,5,7,1,1,9,4,4,2,12,23,3,10,1,1,C03,7,14,1,10,2,12,,44,23,1,5,1,C03,120.668671,24.114552,2
2023,3,31,11,25,臺中市,大雅區,0,0,0,8,,,50,,,,,,,,,,,,,,,19,,,,,B03,,,1,,1,,,19,,1,21,,B03,120.653803,24.223187,3
2023,3,31,11,26,臺中市,南區,0,1,0,8,1,5,50,11,8,1,5,4,5,7,4,4,5,4,4,2,17,23,2,9,1,1,C03,7,9,1,8,2,15,,23,23,1,5,8,C03,120.666938,24.127961,2
2023,3,31,11,28,臺中市,太平區,0,1,0,8,1,5,50,3,1,1,5,4,5,7,1,1,5,5,5,2,16,6,3,10,1,1,B03,7,5,1,8,2,5,,6,6,1,21,8,B03,120.733665,24.155992,2
2023,3,31,11,33,臺中市,北區,0,1,0,8,1,5,50,3,1,1,5,4,5,7,4,4,5,4,5,1,16,26,3,10,3,4,B12,7,5,1,8,2,4,,26,26,1,22,9,B12,120.692479,24.15668,2
2023,3,31,11,35,臺中市,大里區,0,0,0,8,,,50,,,,,,,,,,,,,,,6,,,,,C03,,,4,,2,,,6,,1,20,,C03,120.703847,24.097263,3
2023,3,31,11,36,臺中市,西屯區,0,0,0,8,,,50,,,,,,,,,,,,,,,42,,,,,C03,,,1,,1,,,42,,1,22,,C03,120.637414,24.17582,3
2023,3,31,11,38,臺中市,西屯區,0,2,0,7,1,5,50,4,1,1,5,4,5,7,2,1,10,5,5,2,3,15,2,9,1,1,C03,7,9,1,10,2,11,,15,15,1,22,8,C03,120.620236,24.186913,2
2023,3,31,11,40,臺中市,霧峰區,0,1,0,6,1,5,50,4,1,1,4,4,5,7,1,1,10,5,5,2,18,42,2,9,1,1,C03,7,6,1,10,2,12,,42,42,1,18,8,C03,120.693362,24.058739,2
2023,3,31,11,40,臺中市,豐原區,0,2,0,7,1,5,50,14,8,1,5,4,5,7,4,4,5,5,4,2,16,26,2,9,3,4,C03,7,5,1,10,2,11,,26,26,1,22,8,C03,120.710547,24.250572,2
2023,3,31,11,41,臺中市,北屯區,0,0,0,8,,,50,,,,,,,,,,,,,,,23,,,,,B03,,,1,,1,,,23,,1,21,,B03,120.684031,24.172151,3
2023,3,31,11,42,臺中市,南屯區,0,0,0,6,1,5,50,14,9,1,4,4,5,7,1,1,1,2,5,2,13,23,,,,,B03,,,6,,1,,,23,,1,5,,B03,120.635711,24.143383,3
2023,3,31,11,44,臺中市,東區,0,0,0,,,,50,,,,,,,,,,,,,,,23,,,,,C03,,,,,2,,,23,,1,22,,C03,120.693452,24.133073,3
2023,3,31,11,45,臺中市,龍井區,0,0,0,8,,,30,,,,,,,,,,,,,,,42,,,,,B11,,,1,,2,,,42,,1,22,,B11,120.59506,24.186904,3
2023,3,31,11,46,臺中市,北區,0,0,0,8,,,50,,,,,,,,,,,,,,,16,,,,,B03,,,1,,1,,,16,,1,22,,B03,120.67192,24.171681,3
2023,3,31,11,50,臺中市,西屯區,0,1,0,8,1,5,50,4,2,1,5,4,5,7,1,1,10,5,5,2,18,23,2,9,1,1,C03,7,9,1,10,2,14,,23,23,1,22,8,C03,120.644542,24.185251,2
2023,3,31,11,51,臺中市,北區,0,1,0,8,1,5,50,5,1,1,5,4,5,7,1,1,5,4,5,2,12,9,3,10,1,1,B03,7,6,6,8,2,2,,9,9,1,5,5,B03,120.681796,24.144577,2
2023,3,31,11,53,臺中市,潭子區,0,0,0,8,,,50,,,,,,,,,,,,,,,16,,,,,B03,,,1,,2,,,16,,1,22,,B03,120.702803,24.200988,3
2023,3,31,11,54,臺中市,北屯區,0,1,0,6,1,5,50,4,1,1,4,4,5,7,1,1,5,5,5,2,13,16,2,9,1,1,C03,7,9,1,10,2,11,,16,16,1,22,8,C03,120.733286,24.168905,2
2023,3,31,11,55,臺中市,龍井區,0,1,0,8,1,5,50,14,9,1,5,4,5,7,4,4,5,5,5,1,9,19,3,10,1,1,B12,7,1,1,8,2,8,,19,19,1,5,5,B12,120.523054,24.200951,2
2023,3,31,11,56,臺中市,南屯區,0,1,0,8,1,5,30,14,9,1,5,4,5,7,4,4,10,5,5,2,17,19,3,10,1,1,B03,7,1,1,8,2,4,,19,19,1,22,8,B03,120.642387,24.139712,2
2023,3,31,12,0,臺中市,西區,0,1,0,8,1,5,50,14,9,1,5,4,5,7,4,4,5,5,5,2,2,23,3,10,1,1,B03,7,9,1,8,2,5,,23,23,1,21,8,B03,120.661494,24.154495,2
2023,3,31,12,3,臺中市,西屯區,0,1,0,8,1,5,50,3,1,1,5,4,5,7,4,4,1,4,5,2,16,9,3,10,3,4,B03,7,6,1,8,2,3,,9,9,1,22,8,B03,120.64612,24.196068,2
2023,3,31,12,5,臺中市,北區,0,1,0,8,1,5,50,14,8,1,5,4,5,7,4,4,5,5,5,2,16,23,2,8,3,4,C03,7,9,1,10,2,12,,23,23,1,22,9,C03,120.68216,24.16491,2
2023,3,31,12,10,臺中市,西區,0,0,0,8,,,50,,,,,,,,,,,,,,,12,,,,,B03,,,1,,2,,,12,,1,21,,B03,120.656756,24.147768,3
2023,3,31,12,10,臺中市,西屯區,0,2,0,8,1,5,40,14,9,1,5,4,5,7,4,4,5,4,5,2,16,26,3,10,1,1,B03,7,11,1,8,2,5,,26,26,1,22,8,B03,120.625953,24.19883,2
2023,3,31,12,10,臺中市,西屯區,0,2,0,7,1,5,50,4,9,1,5,4,5,7,2,1,5,4,5,2,13,16,2,9,1,1,C03,7,14,1,15,2,14,,44,16,1,22,8,C03,120.645144,24.177268,2
2023,3,31,12,14,臺中市,東區,0,1,0,8,1,5,50,4,1,1,5,4,5,7,4,4,9,4,5,2,16,6,2,7,1,1,B03,7,9,3,18,2,2,,6,6,1,5,1,B03,120.71002,24.14329,2
2023,3,31,12,21,臺中市,西屯區,0,0,0,8,,,50,,,,,,,,,,,,,,,12,,,,,B12,,,1,,1,,,12,,1,22,,B12,120.655133,24.200836,3
2023,3,31,12,26,臺中市,北屯區,0,0,0,8,,,30,,,,,,,,,,,,,,,7,,,,,A11,,,1,,1,,,7,,1,4,,A11,120.667575,24.201348,3
2023,3,31,12,26,臺中市,神岡區,0,0,0,8,,,30,,,,,,,,,,,,,,,1,,,,,B03,,,1,,1,,,1,,1,22,,B03,120.667518,24.248012,3
2023,3,31,12,32,臺中市,南區,0,0,0,,,,50,,,,,,,,,,,,,,,19,,,,,B01,,,1,,2,,,19,,1,22,,B01,120.650723,24.120555,3
2023,3,31,12,34,臺中市,霧峰區,0,0,0,8,,,50,,,,,,,,,,,,,,,8,,,,,C03,,,1,,2,,,8,,1,22,,C03,120.697198,24.06744,3
2023,3,31,12,38,臺中市,南屯區,0,1,0,8,1,5,50,4,2,1,5,4,5,7,4,4,5,5,5,2,17,40,3,10,1,1,B03,7,14,1,4,2,4,,40,40,1,5,8,B03,120.645068,24.132012,2
2023,3,31,12,42,臺中市,西屯區,0,0,0,8,,,50,,,,,,,,,,,,,,,23,,,,,B02,,,1,,2,,,23,,1,4,,B02,120.655359,24.190152,3
2023,3,31,12,45,臺中市,西區,0,0,0,,,,50,,,,,,,,,,,,,,,6,,,,,B03,,,1,,1,,,6,,1,21,,B03,120.670488,24.151252,3
2023,3,31,12,56,臺中市,東區,0,3,0,8,1,5,50,3,1,1,5,4,5,7,1,1,10,5,5,2,16,6,2,9,1,1,C03,7,9,1,10,2,14,,23,6,1,22,8,C03,120.692776,24.136867,2
2023,3,31,12,56,臺中市,北屯區,0,0,0,8,,,50,,,,,,,,,,,,,,,43,,,,,B03,,,1,,10,,,43,,1,21,,B03,120.72467,24.173523,3
2023,3,31,12,59,臺中市,北區,0,0,0,8,1,5,50,5,1,1,5,4,5,7,1,1,1,4,5,2,12,26,3,10,1,1,C03,7,5,1,10,2,14,,26,26,1,5,5,C03,120.686175,24.154706,4
2023,3,31,13,0,臺中市,太平區,0,0,0,8,,,50,,,,,,,,,,,,,,,1,,,,,B03,,,1,,2,,,1,,1,22,,B03,120.713394,24.144591,3
2023,3,31,13,0,臺中市,沙鹿區,0,0,0,8,,,30,,,,,,,,,,,,,,,42,,,,,B12,,,1,,2,,,42,,1,10,,B12,120.571301,24.204614,3
2023,3,31,13,4,臺中市,太平區,0,1,0,8,1,5,50,4,1,1,5,4,5,7,4,4,10,5,5,2,16,19,3,10,1,1,B03,7,1,1,8,2,2,,19,19,1,22,8,B03,120.71476,24.141002,2
2023,3,31,13,10,臺中市,東區,0,1,0,6,1,5,50,4,1,1,4,4,5,7,1,1,9,4,4,2,12,23,2,9,1,1,C03,7,9,1,10,2,12,,23,23,1,5,1,C03,120.698785,24.133,2
2023,3,31,13,11,臺中市,大肚區,0,1,0,8,1,5,50,14,9,1,5,4,5,7,4,4,5,5,5,2,16,10,3,10,3,4,B03,7,11,1,8,2,8,,10,10,1,22,9,B03,120.574308,24.168477,2
2023,3,31,13,16,臺中市,北屯區,0,0,0,8,,,50,,,,,,,,,,,,,,,16,,,,,B12,,,1,,1,,,16,16,1,22,,B12,120.72442,24.181214,3
2023,3,31,13,16,臺中市,大肚區,0,0,0,8,,,60,,,,,,,,,,,,,,,7,,,,,B03,,,6,,2,,,7,,1,22,,B03,120.583074,24.168243,3
2023,3,31,13,17,臺中市,北屯區,0,1,0,6,1,5,30,4,1,1,4,4,5,7,4,4,10,5,5,2,15,6,2,9,1,1,C03,7,9,1,10,2,11,,6,6,1,22,8,C03,120.666892,24.19069,2
2023,3,31,13,26,臺中市,西屯區,0,1,0,8,1,5,50,14,9,1,5,4,5,7,4,4,1,4,5,2,17,42,2,9,1,1,C03,7,9,1,10,2,15,,42,42,1,22,8,C03,120.653349,24.167572,2
2023,3,31,13,29,臺中市,西屯區,0,0,0,8,,,70,,,,,,,,,,,,,,,23,,,,,A41,,,1,,1,,,23,,1,22,,A41,120.614316,24.184953,3
2023,3,31,13,32,臺中市,北區,0,1,0,8,1,5,50,3,9,1,5,4,5,7,4,4,5,4,5,1,16,23,2,7,3,4,F01,7,9,8,20,2,16,,23,23,1,22,9,F01,120.677473,24.154238,2
2023,3,31,13,33,臺中市,大里區,0,1,0,8,1,5,30,4,2,1,5,4,5,7,4,4,10,5,5,2,16,23,3,10,1,1,B12,7,5,1,8,2,8,,23,23,1,5,8,B12,120.664245,24.095653,2
2023,3,31,13,40,臺中市,大里區,0,1,0,8,1,5,30,4,1,1,5,4,5,7,3,1,10,5,5,2,16,6,2,9,1,1,C03,7,9,1,9,2,11,,6,6,1,9,8,C03,120.691556,24.107745,2
2023,3,31,13,46,臺中市,南區,0,0,0,8,,,50,,,,,,,,,,,,,,,7,,,,,B03,,,1,,2,,,7,,1,5,,B03,120.676975,24.131183,3
2023,3,31,13,47,臺中市,西屯區,0,0,0,8,,,50,,,,,,,,,,,,,,,42,,,,,B03,,,1,,1,,,42,,1,22,,B03,120.649644,24.16292,3
2023,3,31,13,49,臺中市,梧棲區,0,0,0,8,,,50,,,,,,,,,,,,,,,12,,,,,B03,,,1,,2,,,12,,1,9,,B03,120.535327,24.252775,3
2023,3,31,13,58,臺中市,南區,0,2,0,8,1,5,50,4,1,1,5,4,5,7,4,4,10,5,5,2,15,6,3,10,1,1,B03,7,9,1,8,2,1,,6,6,1,22,8,B03,120.673597,24.125668,2
2023,3,31,13,58,臺中市,霧峰區,0,0,0,8,,,40,,,,,,,,,,,,,,,19,,,,,B03,,,1,,2,,,19,,1,12,,B03,120.67305,24.062986,3
2023,3,31,13,58,臺中市,大里區,0,0,0,8,,,60,,,,,,,,,,,,,,,23,,,,,B03,,,1,,1,,,23,,1,5,,B03,120.681873,24.104913,3
2023,3,31,14,0,臺中市,西屯區,0,1,0,7,1,5,30,14,9,1,5,4,5,7,4,4,10,5,5,1,11,5,2,9,1,1,C03,7,9,1,10,2,11,,5,5,1,22,8,C03,120.655842,24.201649,2
2023,3,31,14,0,臺中市,神岡區,0,0,0,8,,,50,,,,,,,,,,,,,,,12,,,,,B11,,,1,,2,,,12,,1,21,,B11,120.654678,24.280156,3
2023,3,31,14,2,臺中市,太平區,0,0,0,8,,,30,,,,,,,,,,,,,,,12,,,,,B12,,,1,,2,,,12,,1,21,,B12,120.713445,24.136989,3
2023,3,31,14,3,臺中市,北屯區,0,1,0,8,1,5,50,5,1,1,5,4,5,7,4,4,10,5,5,2,12,4,3,10,1,1,C03,7,15,4,8,9,12,,4,4,1,22,8,C03,120.668733,24.175891,2
2023,3,31,14,8,臺中市,南屯區,0,0,0,8,,,50,,,,,,,,,,,,,,,23,,,,,B03,,,1,,1,,,23,,1,22,,B03,120.638908,24.139463,3
2023,3,31,14,10,臺中市,梧棲區,0,0,0,8,,,50,,,,,,,,,,,,,,,16,,,,,A31,,,1,,1,,,16,,1,10,,A31,120.524479,24.236319,4
2023,3,31,14,13,臺中市,清水區,0,1,0,8,1,5,50,5,9,1,5,4,5,7,2,1,5,5,5,1,17,26,2,9,1,1,C03,7,9,1,10,2,11,,26,26,1,21,8,C03,120.60039,24.309594,2
2023,3,31,14,19,臺中市,西屯區,0,0,0,8,,,50,,,,,,,,,,,,,,,16,,,,,B03,,,1,,1,,,16,,1,4,,B03,120.640072,24.165609,3
2023,3,31,14,20,臺中市,北屯區,0,1,0,8,1,5,40,14,8,1,5,4,5,7,4,4,5,5,4,1,14,12,3,10,1,1,B03,7,2,1,8,2,3,,12,12,1,21,8,B03,120.676323,24.19498,2