年,月,日,時,分,縣市,區,死,受傷,2-30,天候,光線,道路類別,速限,道路型態,事故位置,路面鋪裝,路面狀態,路面缺陷,障礙物,視距,號誌種類,號誌動作,分向設施,快車道或一般車道間,快慢車道間,路面邊線,事故類型及型態,主要肇因,受傷程度,主要傷處,保護裝備,行動電話,當事者區分,車輛用途,當事者行動狀態,駕駛資格情形,駕駛執照種類,飲酒情形,車輛撞擊部位最初,車輛撞擊部位其他,肇事因素個別,肇事因素主要,肇事逃逸,職業,旅次目的,車種,GPS緯度,GPS經度,事故類別
2023,3,31,14,23,臺中市,南區,0,2,0,7,1,5,50,14,9,1,5,4,5,7,4,4,1,4,5,2,16,42,2,8,1,1,C03,7,15,1,10,2,12,,42,42,1,5,8,C03,120.677156,24.130833,2
2023,3,31,14,27,臺中市,南屯區,0,0,0,8,,,40,,,,,,,,,,,,,,,18,,,,,B03,,,1,,2,,,18,,1,22,,B03,120.650994,24.150888,3
2023,3,31,14,29,臺中市,南區,0,0,0,8,,,50,,,,,,,,,,,,,,,23,,,,,C03,,,2,,2,,,23,,1,5,,C03,120.68295,24.134424,3
2023,3,31,14,31,臺中市,北區,0,0,0,8,,,50,,,,,,,,,,,,,,,19,,,,,B03,,,1,,1,,,19,19,1,22,,B03,120.681224,24.152005,3
2023,3,31,14,31,臺中市,西屯區,0,0,0,8,,,50,,,,,,,,,,,,,,,42,,,,,B03,,,1,,1,,,42,,1,22,,B03,120.655732,24.199674,3
2023,3,31,14,35,臺中市,西屯區,0,2,0,8,1,5,50,4,1,1,5,4,5,7,4,4,10,5,5,2,15,6,2,9,1,1,C03,7,9,1,10,2,15,,6,6,1,22,8,C03,120.606294,24.188379,2
2023,3,31,14,35,臺中市,沙鹿區,0,0,0,8,,,30,,,,,,,,,,,,,,,19,,,,,B03,,,1,,2,,,19,,1,19,,B03,120.561725,24.216049,3
2023,3,31,14,36,臺中市,北區,0,0,0,8,1,5,50,14,9,1,5,4,5,7,1,1,1,4,5,2,13,43,3,10,1,1,B03,7,14,6,8,8,1,,43,43,1,22,9,B03,120.671456,24.17374,3
2023,3,31,14,39,臺中市,潭子區,0,0,0,8,,,40,,,,,,,,,,,,,,,16,,,,,B03,,,1,,2,,,16,,1,22,,B03,120.705588,24.21535,3
2023,3,31,14,40,臺中市,西屯區,0,1,0,8,1,5,50,4,1,1,5,4,5,7,2,1,1,2,1,2,16,25,3,10,3,4,B03,7,5,1,8,2,5,,25,25,1,22,8,B03,120.59262,24.183435,2
2023,3,31,14,41,臺中市,北區,0,1,0,8,1,5,50,4,1,1,5,4,5,7,1,1,3,5,5,2,16,6,3,10,1,1,B12,7,11,1,8,2,2,,6,6,1,21,3,B12,120.678313,24.163112,2
2023,3,31,14,43,臺中市,豐原區,0,1,0,8,1,5,30,11,9,1,5,4,5,1,4,4,5,5,5,1,20,14,2,9,1,1,C03,7,9,1,10,2,14,,14,14,1,22,8,C03,120.751381,24.260691,2
2023,3,31,14,44,臺中市,北區,0,2,0,8,1,5,30,3,2,1,5,4,5,7,4,4,7,4,5,2,13,6,2,9,1,1,C03,7,6,1,10,2,13,,6,6,1,5,5,C03,120.67654,24.148599,2
2023,3,31,14,44,臺中市,北區,0,0,0,8,1,5,50,4,2,1,5,4,5,7,2,1,5,4,4,1,13,23,3,10,3,4,B03,7,14,1,8,2,3,,44,23,1,22,9,B03,120.674402,24.171548,3
2023,3,31,14,44,臺中市,大里區,0,0,0,8,,,50,,,,,,,,,,,,,,,10,,,,,B03,,,1,,2,,,10,,1,22,,B03,120.703331,24.092138,3
2023,3,31,14,46,臺中市,太平區,0,0,0,8,,,40,,,,,,,,,,,,,,,23,,,,,B03,,,1,,1,,,23,,1,22,,B03,120.721008,24.149258,3
2023,3,31,14,51,臺中市,大甲區,0,2,0,7,1,5,50,14,9,1,5,4,5,7,4,4,5,5,5,1,16,19,2,8,1,1,C03,7,1,1,10,2,11,,19,19,1,19,7,C03,120.62164,24.34432,2
2023,3,31,14,53,臺中市,大里區,0,2,0,8,1,5,50,5,1,1,5,4,5,7,1,1,10,5,5,1,16,23,2,9,1,1,C03,7,5,1,10,2,11,,23,23,1,5,8,C03,120.6898,24.113203,2
2023,3,31,14,57,臺中市,南區,0,0,0,,,,50,,,,,,,,,,,,,,,23,,,,,B03,,,1,,2,,,23,,1,22,,B03,120.680595,24.133634,3
2023,3,31,15,2,臺中市,東區,0,1,0,7,1,5,50,4,1,1,5,4,5,7,2,1,10,5,5,2,16,6,3,10,3,4,B03,7,5,1,8,2,1,,6,6,1,5,8,B03,120.649878,24.116693,2
2023,3,31,15,3,臺中市,南屯區,0,1,0,8,1,5,1,14,20,2,5,4,5,7,4,4,5,5,5,2,2,26,3,10,1,1,C03,7,9,1,10,2,12,,26,26,1,5,8,C03,120.609338,24.144573,2
2023,3,31,15,5,臺中市,潭子區,0,1,0,8,1,5,60,4,1,1,5,4,5,7,1,1,1,3,4,1,17,23,3,10,1,1,B03,7,9,1,8,2,1,,23,23,1,22,8,B03,120.702514,24.193999,2
2023,3,31,15,14,臺中市,西區,0,0,0,,,,50,,,,,,,,,,,,,,,6,,,,,B12,,,1,,1,,,6,,1,20,,B12,120.668193,24.150864,3
2023,3,31,15,15,臺中市,豐原區,0,1,0,8,1,5,50,3,1,1,5,4,5,7,4,4,5,5,5,2,16,26,3,10,1,1,C03,7,9,1,10,2,11,,26,26,1,22,8,C03,120.745558,24.260302,2
2023,3,31,15,17,臺中市,霧峰區,0,1,0,8,1,5,40,3,1,1,5,4,5,7,1,1,10,5,5,2,17,25,2,9,1,1,C03,7,9,1,10,2,11,,25,25,1,22,8,C03,120.694283,24.066045,2
2023,3,31,15,26,臺中市,東區,0,1,0,7,1,5,40,4,8,1,5,4,5,7,2,1,3,4,4,2,17,42,2,9,1,1,C02,7,9,1,9,2,11,,42,42,1,21,8,C02,120.69211,24.147961,2
2023,3,31,15,28,臺中市,西屯區,0,1,0,8,4,5,40,14,8,1,5,4,5,7,1,1,5,4,4,2,18,23,2,9,1,4,C03,7,9,1,10,1,11,,23,23,1,22,8,C03,120.653276,24.203574,2
2023,3,31,15,29,臺中市,南屯區,0,0,0,8,,,50,,,,,,,,,,,,,,,23,,,,,B03,,,1,,1,,,44,23,1,5,,B03,120.623411,24.149649,3
2023,3,31,15,30,臺中市,西屯區,0,0,0,8,,,50,,,,,,,,,,,,,,,12,,,,,A12,,,1,,2,,,12,,1,22,,A12,120.663275,24.16778,3
2023,3,31,15,30,臺中市,清水區,0,0,0,8,,,50,,,,,,,,,,,,,,,16,,,,,B03,,,1,,1,,,16,,1,21,,B03,120.552837,24.280369,3
2023,3,31,15,32,臺中市,后里區,0,0,0,8,,,50,,,,,,,,,,,,,,,6,,,,,B12,,,1,,2,,,6,,1,22,,B12,120.710977,24.310672,3
2023,3,31,15,32,臺中市,神岡區,0,0,0,8,,,50,,,,,,,,,,,,,,,12,,,,,B03,,,1,,2,,,12,,1,22,,B03,120.654301,24.272097,3
2023,3,31,15,42,臺中市,霧峰區,0,2,0,8,1,5,40,3,2,1,5,4,5,7,1,1,1,4,4,1,13,16,2,8,1,1,C03,7,9,1,10,2,11,,16,16,1,4,5,C03,120.661873,24.068462,2
2023,3,31,15,44,臺中市,北區,0,0,0,8,,,50,,,,,,,,,,,,,,,23,,,,,C03,,,1,,2,,,23,,1,22,,C03,120.674994,24.147369,3
2023,3,31,15,46,臺中市,北屯區,0,0,0,8,,,50,,,,,,,,,,,,,,,8,,,,,B03,,,1,,1,,,8,8,1,22,,B03,120.705921,24.17251,3
2023,3,31,15,48,臺中市,東區,0,2,0,8,1,5,50,14,8,1,5,4,5,7,4,4,5,4,4,2,17,7,3,10,1,1,B03,7,8,1,4,2,2,,7,7,1,21,8,B03,120.698696,24.130643,2
2023,3,31,15,51,臺中市,北屯區,0,0,0,8,,,50,,,,,,,,,,,,,,,23,,,,,B02,,,1,,1,,,23,,1,5,,B02,120.696669,24.164922,3
2023,3,31,15,51,臺中市,大甲區,0,0,0,8,1,5,50,14,9,1,5,4,5,7,1,1,4,5,5,1,13,23,3,10,1,1,B03,7,1,1,8,1,1,,23,23,1,22,9,B03,120.637838,24.360936,3
2023,3,31,15,52,臺中市,西屯區,0,1,0,8,1,5,30,4,1,1,5,4,5,7,4,4,10,5,5,2,16,6,3,10,1,1,B03,7,11,1,8,2,4,,6,6,1,22,8,B03,120.652089,24.191177,2
2023,3,31,15,54,臺中市,西屯區,0,0,0,8,,,30,,,,,,,,,,,,,,,23,,,,,B03,,,1,,11,,,23,,1,22,,B03,120.640421,24.169719,3
2023,3,31,15,58,臺中市,豐原區,0,0,0,8,,,50,,,,,,,,,,,,,,,12,,,,,C03,,,1,,1,,,12,,1,22,,C03,120.720365,24.263225,3
2023,3,31,15,58,臺中市,豐原區,0,0,0,8,,,50,,,,,,,,,,,,,,,12,,,,,C03,,,1,,1,,,12,,1,22,,C03,120.720365,24.263225,3
2023,3,31,16,0,臺中市,北區,0,2,0,8,1,5,50,14,9,1,5,4,5,7,4,4,5,4,4,2,3,60,2,9,4,5,H01,8,16,8,20,10,16,,60,60,1,21,8,H01,120.689967,24.154324,2
2023,3,31,16,0,臺中市,北屯區,0,0,0,8,,,50,,,,,,,,,,,,,,,23,,,,,B12,,,1,,1,,,23,,1,22,,B12,120.699735,24.183158,3
2023,3,31,16,2,臺中市,南屯區,0,1,0,8,1,5,50,4,2,1,5,4,5,7,2,1,3,4,5,2,16,6,3,10,1,4,B03,7,6,1,8,2,5,,6,6,1,22,8,B03,120.640731,24.146859,2
2023,3,31,16,2,臺中市,北屯區,0,0,0,8,,,30,,,,,,,,,,,,,,,23,,,,,B03,,,1,,1,,,23,,1,21,,B03,120.667895,24.179416,3
2023,3,31,16,4,臺中市,北屯區,0,0,0,8,,,50,,,,,,,,,,,,,,,23,,,,,C01,,,1,,2,,,23,,1,21,,C01,120.67898,24.189025,3
2023,3,31,16,5,臺中市,北屯區,0,0,0,8,,,80,,,,,,,,,,,,,,,16,,,,,B03,,,1,,1,,,16,,1,21,,B03,120.721233,24.182218,3
2023,3,31,16,7,臺中市,北屯區,0,0,0,8,,,80,,,,,,,,,,,,,,,23,,,,,B03,,,1,,2,,,23,,1,22,,B03,120.721135,24.17526,3
2023,3,31,16,9,臺中市,太平區,0,2,0,8,1,5,30,3,2,1,5,4,5,7,4,4,10,5,5,2,16,8,2,7,1,1,C03,7,5,1,10,2,11,14,8,8,1,22,8,C03,120.716787,24.123199,2
2023,3,31,16,14,臺中市,大里區,0,0,0,8,,,50,,,,,,,,,,,,,,,23,,,,,B03,,,1,,2,,,23,,1,22,,B03,120.694705,24.08935,3
2023,3,31,16,15,臺中市,南屯區,0,1,0,8,1,5,30,11,9,1,5,4,5,7,4,4,10,5,5,2,18,23,2,9,1,1,C03,7,9,1,10,2,14,,23,23,1,5,8,C03,120.600297,24.142186,2
2023,3,31,16,16,臺中市,北區,0,3,0,8,1,5,50,4,1,1,5,4,5,7,4,4,10,5,5,2,16,6,2,9,1,1,C03,7,9,1,10,2,12,,6,6,1,22,8,C03,120.672084,24.158488,2
2023,3,31,16,16,臺中市,北區,0,0,0,,,,50,,,,,,,,,,,,,,,17,,,,,B03,,,1,,1,,,17,,1,5,,B03,120.690635,24.157243,3
2023,3,31,16,18,臺中市,石岡區,0,2,0,8,1,5,70,14,12,1,5,4,5,7,4,4,1,4,4,1,12,26,2,9,1,1,C03,7,9,1,10,2,14,,26,26,1,16,9,C03,120.813132,24.262474,2
2023,3,31,16,19,臺中市,大雅區,0,1,0,8,1,5,50,3,1,1,5,4,5,7,4,4,9,4,5,1,17,23,3,10,1,1,B03,7,9,1,8,2,2,,23,23,1,22,9,B03,120.65369,24.222475,2
2023,3,31,16,19,臺中市,南屯區,0,0,0,8,,,50,,,,,,,,,,,,,,,16,,,,,B03,,,1,,1,,,16,,1,5,,B03,120.624108,24.152316,3
2023,3,31,16,20,臺中市,大里區,0,1,0,8,1,5,30,3,1,1,5,4,5,7,4,4,10,5,5,2,11,6,3,10,1,1,B03,7,5,1,8,2,1,,6,6,1,5,8,B03,120.666182,24.104875,2
2023,3,31,16,20,臺中市,霧峰區,0,2,0,8,1,5,30,4,1,1,5,4,5,7,4,4,1,4,4,1,15,6,2,9,1,1,C03,7,9,1,10,2,14,,6,6,1,4,5,C03,120.699037,24.072983,2
2023,3,31,16,25,臺中市,南屯區,0,2,0,8,1,5,40,14,8,1,5,4,5,7,4,4,5,5,5,2,13,16,2,9,1,4,C03,7,9,1,10,2,11,,16,16,1,22,8,C03,120.631149,24.12431,2
2023,3,31,16,25,臺中市,龍井區,0,0,0,8,,,50,,,,,,,,,,,,,,,23,,,,,B12,,,1,,2,,,23,,1,5,,B12,120.543847,24.175716,3
2023,3,31,16,26,臺中市,大雅區,0,1,0,8,1,5,50,3,1,1,5,4,5,7,4,4,5,5,5,1,17,6,2,8,1,1,C03,7,6,1,10,2,14,,6,6,1,21,8,C03,120.649128,24.224972,2
2023,3,31,16,33,臺中市,西屯區,0,0,0,8,,,50,,,,,,,,,,,,,,,17,,,,,B03,,,1,,1,,,17,,1,4,,B03,120.637903,24.175866,3
2023,3,31,16,35,臺中市,東區,0,0,0,,,,50,,,,,,,,,,,,,,,23,,,,,B03,,,1,8,2,,,23,23,1,5,,B03,120.690265,24.135794,3
2023,3,31,16,36,臺中市,西區,0,2,0,8,1,5,50,3,1,1,5,4,5,7,4,4,1,4,4,2,16,6,3,10,1,1,B03,7,6,1,8,2,2,,6,6,1,21,8,B03,120.658179,24.154958,2
2023,3,31,16,36,臺中市,北屯區,0,0,0,8,,,50,,,,,,,,,,,,,,,23,,,,,B03,,,1,,1,,,44,44,1,22,,B03,120.694977,24.179862,3
2023,3,31,16,37,臺中市,西屯區,0,1,0,8,1,5,50,3,1,1,5,4,5,7,4,4,5,3,4,2,16,8,3,10,1,1,B03,7,5,1,8,2,1,,8,8,1,22,9,B03,120.644501,24.186372,2
2023,3,31,16,37,臺中市,東勢區,0,1,0,8,1,5,50,14,9,1,5,4,5,7,4,4,5,5,5,1,18,23,2,9,3,4,F01,7,9,8,20,2,16,,23,23,1,16,8,F01,120.824298,24.26153,2
2023,3,31,16,38,臺中市,北屯區,0,0,0,,,,50,,,,,,,,,,,,,,,23,,,,,B03,,,1,,2,,,23,,1,22,,B03,120.699708,24.183168,3
2023,3,31,16,40,臺中市,梧棲區,0,1,0,8,1,5,60,4,2,1,5,4,5,7,1,1,1,4,4,1,16,7,3,10,1,1,B03,7,8,1,8,2,5,,7,7,1,9,8,B03,120.540915,24.261205,2
2023,3,31,16,44,臺中市,西屯區,0,2,0,8,1,5,50,14,8,1,5,4,5,7,4,4,1,4,1,2,13,23,2,9,1,4,C03,7,9,1,10,2,11,,23,23,1,22,8,C03,120.636248,24.18492,2
2023,3,31,16,45,臺中市,西屯區,0,0,0,8,,,30,,,,,,,,,,,,,,,12,,,,,A12,,,1,,1,,,12,,1,12,,A12,120.650586,24.203891,3
2023,3,31,16,46,臺中市,后里區,0,1,0,8,1,5,60,3,2,1,5,4,5,7,1,1,1,4,4,1,16,6,3,10,1,1,B03,7,6,1,4,2,5,,6,6,1,21,8,B03,120.72379,24.297996,2
2023,3,31,16,49,臺中市,西屯區,0,0,0,8,,,30,,,,,,,,,,,,,,,16,,,,,C03,,,1,,1,,,44,,1,22,,C03,120.652795,24.164921,3
2023,3,31,16,52,臺中市,潭子區,0,1,0,8,1,5,50,14,8,1,5,4,5,7,4,4,9,3,4,2,16,23,2,9,1,1,C03,7,9,1,10,2,12,,23,23,1,22,9,C03,120.68837,24.21064,2
2023,3,31,16,53,臺中市,梧棲區,0,0,0,8,,,40,,,,,,,,,,,,,,,16,,,,,B12,,,1,,1,,,16,,1,11,,B12,120.522201,24.223998,3
2023,3,31,16,55,臺中市,大雅區,0,0,0,8,,,50,,,,,,,,,,,,,,,23,,,,,B02,,,1,,2,,,23,,1,22,,B02,120.645858,24.223977,3
2023,3,31,17,0,臺中市,北區,0,2,0,8,1,5,50,4,1,1,5,4,5,7,1,1,2,5,5,2,16,25,2,8,1,1,C03,7,9,1,10,2,11,,25,25,1,21,8,C03,120.684971,24.163899,2
2023,3,31,17,0,臺中市,烏日區,0,0,0,8,,,50,,,,,,,,,,,,,,,7,,,,,B03,,,1,,2,,,7,,1,22,,B03,120.650151,24.106894,3
2023,3,31,17,2,臺中市,西屯區,0,0,0,8,,,50,,,,,,,,,,,,,,,43,,,,,B03,,,1,,2,,,43,,1,22,,B03,120.653468,24.195275,3
2023,3,31,17,2,臺中市,西屯區,0,0,0,8,,,50,,,,,,,,,,,,,,,43,,,,,B03,,,1,,11,,,43,,1,22,,B03,120.616691,24.185975,3
2023,3,31,17,3,臺中市,西區,0,0,0,8,,,50,,,,,,,,,,,,,,,23,,,,,B02,,,1,,1,,,23,,1,21,,B02,120.67041,24.150506,4
2023,3,31,17,5,臺中市,北屯區,0,2,0,8,1,5,50,14,9,1,5,4,5,7,4,4,5,5,5,2,13,23,2,9,1,1,C03,7,9,1,10,2,11,,23,23,1,21,8,C03,120.691255,24.175113,2
2023,3,31,17,9,臺中市,神岡區,0,1,0,8,1,5,60,4,1,1,5,4,5,7,2,1,1,2,4,1,16,9,3,10,1,1,B12,7,6,1,8,2,2,,9,9,1,22,8,B12,120.698948,24.235619,2
2023,3,31,17,10,臺中市,西屯區,0,0,0,8,,,30,,,,,,,,,,,,,,,6,,,,,C03,,,1,,1,,,6,,1,22,,C03,120.644349,24.179911,3
2023,3,31,17,11,臺中市,豐原區,0,2,0,8,1,5,50,14,8,1,5,4,5,7,4,4,1,3,4,1,13,16,2,9,1,1,C03,7,9,1,10,2,11,,16,16,1,4,1,C03,120.712319,24.240802,2
2023,3,31,17,14,臺中市,沙鹿區,0,0,0,8,1,5,50,3,2,1,5,4,5,7,1,1,3,3,3,1,17,42,3,10,3,4,B03,7,11,1,8,2,15,,42,42,1,22,8,B03,120.570174,24.212452,3
2023,3,31,17,14,臺中市,石岡區,0,1,0,8,1,5,70,14,12,1,5,4,5,7,4,4,3,4,4,1,17,23,2,1,1,1,C03,7,9,1,10,2,11,,23,23,1,22,8,C03,120.792749,24.271958,2
2023,3,31,17,15,臺中市,大里區,0,0,0,8,,,50,,,,,,,,,,,,,,,12,,,,,B03,,,1,,2,,,12,,1,5,,B03,120.686388,24.115575,3
2023,3,31,17,16,臺中市,西屯區,0,0,0,8,,,50,,,,,,,,,,,,,,,16,,,,,B03,,,1,,1,,,44,16,1,4,,B03,120.637743,24.175576,3
2023,3,31,17,18,臺中市,太平區,0,1,0,8,1,5,30,14,9,1,5,4,5,7,4,4,10,5,5,2,18,14,3,10,1,1,C03,7,1,1,10,2,15,,19,14,1,22,8,C03,120.727427,24.146326,2
2023,3,31,17,18,臺中市,梧棲區,0,2,0,8,1,5,40,14,8,1,5,4,5,7,4,4,1,4,3,1,13,23,2,9,1,1,C03,7,9,1,10,6,11,,23,23,1,9,8,C03,120.518214,24.238788,2
2023,3,31,17,19,臺中市,龍井區,0,1,0,8,1,5,40,4,1,1,5,4,5,7,1,1,10,5,5,2,16,8,2,7,1,1,C03,7,5,1,10,2,14,,8,8,1,12,1,C03,120.505795,24.210211,2
2023,3,31,17,20,臺中市,大里區,0,1,0,8,1,5,30,14,9,1,5,4,5,7,4,4,10,5,5,2,17,23,3,10,3,4,F03,7,5,8,20,2,16,,23,23,1,21,5,F03,120.697452,24.086531,2
2023,3,31,17,21,臺中市,西屯區,0,2,0,8,1,5,30,3,1,1,5,4,5,7,4,4,10,5,5,2,16,6,2,9,1,1,C03,7,5,1,10,2,13,,6,6,1,22,9,C03,120.647716,24.176533,2
2023,3,31,17,23,臺中市,南屯區,0,0,0,8,,,50,,,,,,,,,,,,,,,23,,,,,C03,,,1,,2,,,23,,1,5,,C03,120.620854,24.13999,3
2023,3,31,17,23,臺中市,大里區,0,1,0,8,1,5,50,4,1,1,5,4,5,7,2,1,10,5,5,2,13,16,2,9,1,1,C03,7,9,1,10,2,11,,16,16,1,4,5,C03,120.70118,24.100283,2
2023,3,31,17,23,臺中市,大甲區,0,1,0,8,1,5,50,4,1,1,5,4,5,7,1,1,10,5,5,2,12,23,3,10,1,1,B03,7,9,1,8,2,2,,23,23,1,22,9,B03,120.626395,24.34948,2
2023,3,31,17,26,臺中市,太平區,0,1,0,8,1,5,50,11,9,1,5,4,5,7,4,4,5,5,5,2,18,23,2,9,1,1,C03,7,9,1,10,2,12,,23,23,1,18,8,C03,120.808065,24.095749,2
2023,3,31,17,30,臺中市,霧峰區,0,0,0,8,,,60,,,,,,,,,,,,,,,7,,,,,B03,,,1,,2,,,7,,1,22,,B03,120.692718,24.047005,3
2023,3,31,17,31,臺中市,西屯區,0,0,0,8,,,50,,,,,,,,,,,,,,,19,,,,,B03,,,1,,2,,,19,,1,12,,B03,120.638283,24.158949,3
2023,3,31,17,32,臺中市,南屯區,0,0,0,8,,,40,,,,,,,,,,,,,,,23,,,,,B03,,,1,,2,,,23,,1,22,,B03,120.62257,24.135299,3
2023,3,31,17,32,臺中市,北屯區,0,0,0,8,,,50,,,,,,,,,,,,,,,16,,,,,B03,,,1,,1,,,16,,1,21,,B03,120.667153,24.179858,3
2023,3,31,17,33,臺中市,南區,0,1,0,8,1,5,50,15,18,1,5,4,5,7,2,1,5,5,5,2,9,23,3,10,3,4,C03,7,6,2,18,2,11,,23,23,1,22,8,C03,120.648654,24.119707,2
2023,3,31,17,33,臺中市,北屯區,0,1,0,8,1,5,40,4,1,1,5,4,5,7,1,1,10,5,5,2,17,8,2,8,1,1,F01,7,5,8,20,2,16,,8,8,1,15,2,F01,120.723355,24.172476,2
2023,3,31,17,34,臺中市,南屯區,0,2,0,8,1,5,50,4,1,1,5,4,5,7,2,1,10,5,5,2,16,6,2,9,1,1,C04,7,5,1,10,2,12,14,6,6,1,5,8,C04,120.643854,24.154647,2
2023,3,31,17,34,臺中市,南屯區,0,1,0,8,1,5,50,4,2,1,5,4,5,7,2,1,5,4,5,2,16,26,3,10,1,4,B03,7,6,1,8,2,2,,26,26,1,22,8,B03,120.649912,24.136676,2
2023,3,31,17,35,臺中市,沙鹿區,0,1,0,7,1,5,40,4,1,1,5,4,5,7,1,1,10,5,5,2,16,25,2,9,1,1,C03,7,5,1,10,2,12,,25,25,1,22,9,C03,120.597591,24.249998,2
2023,3,31,17,36,臺中市,西屯區,0,0,0,8,,,50,,,,,,,,,,,,,,,7,,,,,B03,,,1,,1,,,7,,1,12,,B03,120.656986,24.200658,3
2023,3,31,17,36,臺中市,太平區,0,1,0,8,1,5,50,4,1,1,5,4,5,7,2,1,10,5,5,2,16,9,3,10,1,1,B03,7,6,1,8,2,2,,9,9,1,22,8,B03,120.711814,24.144426,2
2023,3,31,17,37,臺中市,中區,0,1,0,8,1,5,50,14,9,1,5,4,5,7,4,4,10,4,5,2,12,7,2,8,1,1,C03,7,10,1,10,2,15,,7,7,1,22,8,C03,120.682364,24.14099,2
2023,3,31,17,37,臺中市,南屯區,0,1,0,8,2,5,50,4,1,1,5,4,5,7,2,1,5,5,5,2,16,26,3,10,1,1,C03,7,9,1,10,2,12,,26,26,1,4,8,C03,120.630811,24.144949,2
2023,3,31,17,37,臺中市,西屯區,0,0,0,8,,,80,,,,,,,,,,,,,,,23,,,,,B03,,,1,,1,,,23,,1,22,,B03,120.634948,24.179291,3
2023,3,31,17,37,臺中市,大里區,0,0,0,8,,,50,,,,,,,,,,,,,,,42,,,,,B03,,,1,,1,,,42,,1,21,,B03,120.697852,24.081353,3
2023,3,31,17,37,臺中市,沙鹿區,0,0,0,,,,30,,,,,,,,,,,,,,,19,,,,,B03,,,1,,2,,,19,,1,22,,B03,120.577949,24.209597,3
2023,3,31,17,40,臺中市,西屯區,0,1,0,8,2,5,40,14,8,1,5,4,5,7,4,4,10,4,5,2,13,16,3,10,3,4,B03,7,9,1,8,2,6,,44,16,1,22,8,B03,120.639423,24.169003,2
2023,3,31,17,41,臺中市,龍井區,0,0,0,8,,,30,,,,,,,,,,,,,,,23,,,,,B12,,,1,,2,,,23,,1,5,,B12,120.559991,24.198094,3
2023,3,31,17,42,臺中市,大甲區,0,1,0,8,1,5,50,4,1,1,5,4,5,7,1,1,10,5,5,2,16,25,2,9,1,1,C03,7,9,1,10,2,11,,25,25,1,22,9,C03,120.639448,24.363235,2
2023,3,31,17,43,臺中市,梧棲區,0,1,0,8,1,5,50,4,1,1,5,4,5,7,4,4,10,5,5,2,27,42,2,9,1,1,C03,7,9,1,10,2,11,,42,42,1,21,1,C03,120.545834,24.248285,2
2023,3,31,17,45,臺中市,南區,0,0,0,,,,40,,,,,,,,,,,,,,,12,,,,,B03,,,1,,2,,,12,,1,21,,B03,120.672772,24.12626,3
2023,3,31,17,45,臺中市,北屯區,0,1,0,8,1,5,50,4,1,1,5,4,5,7,2,1,10,5,5,2,16,23,2,9,1,1,C03,7,9,1,10,2,11,,23,23,1,21,8,C03,120.704408,24.169363,2
2023,3,31,17,48,臺中市,大甲區,0,0,0,8,,,30,,,,,,,,,,,,,,,17,,,,,A05,,,1,,1,,,17,,1,22,,A05,120.626803,24.344659,3
2023,3,31,17,49,臺中市,東區,0,2,0,7,2,5,50,3,1,1,5,4,5,7,4,4,5,5,5,2,16,6,2,9,1,1,C03,7,5,1,10,2,12,,6,6,1,21,8,C03,120.697471,24.149314,2
2023,3,31,17,50,臺中市,北屯區,0,1,0,8,1,5,50,4,1,1,5,4,5,7,1,1,10,5,5,2,17,1,3,10,3,4,C03,7,6,2,18,2,12,,1,1,1,21,8,C03,120.703013,24.169856,2
2023,3,31,17,50,臺中市,大里區,0,0,0,8,,,50,,,,,,,,,,,,,,,6,,,,,C03,,,1,,2,,,6,,1,4,,C03,120.695602,24.091004,3
2023,3,31,17,51,臺中市,北屯區,0,0,0,8,,,50,,,,,,,,,,,,,,,7,,,,,B03,,,1,,2,,,7,,1,21,,B03,120.714866,24.163489,3
2023,3,31,17,52,臺中市,北區,0,2,0,8,1,5,50,4,1,1,5,4,5,7,1,1,5,5,5,2,16,6,2,9,1,1,C03,7,5,1,10,2,12,,6,6,1,22,8,C03,120.663022,24.16153,2
2023,3,31,17,53,臺中市,西區,0,1,0,8,2,5,50,4,1,1,5,4,5,7,4,4,10,5,5,2,16,2,2,8,1,1,C03,7,5,4,11,2,12,,2,2,1,5,8,C03,120.655141,24.143227,2
2023,3,31,17,53,臺中市,東勢區,0,0,0,8,,,50,,,,,,,,,,,,,,,23,,,,,B03,,,1,,2,,,23,,1,21,,B03,120.831405,24.256406,3
2023,3,31,17,59,臺中市,西屯區,0,2,0,8,1,5,30,3,2,1,5,4,5,7,4,4,10,5,5,2,9,23,2,9,1,1,C03,7,9,1,10,2,11,,23,23,1,22,8,C03,120.648212,24.174842,2
2023,3,31,18,1,臺中市,太平區,0,1,0,8,3,5,50,14,9,1,5,4,5,7,4,4,5,5,5,2,16,11,3,10,1,1,B12,7,11,1,8,1,1,,11,11,1,22,8,B12,120.72401,24.147639,2
2023,3,31,18,3,臺中市,烏日區,0,0,0,8,,,60,,,,,,,,,,,,,,,23,,,,,B03,,,1,,2,,,23,,1,21,,B03,120.638228,24.107728,3
2023,3,31,18,6,臺中市,北屯區,0,0,0,8,,,50,,,,,,,,,,,,,,,6,,,,,B03,,,1,,1,,,6,,1,22,,B03,120.705928,24.169753,3