年,月,日,時,分,縣市,區,死,受傷,2-30,天候,光線,道路類別,速限,道路型態,事故位置,路面鋪裝,路面狀態,路面缺陷,障礙物,視距,號誌種類,號誌動作,分向設施,快車道或一般車道間,快慢車道間,路面邊線,事故類型及型態,主要肇因,受傷程度,主要傷處,保護裝備,行動電話,當事者區分,車輛用途,當事者行動狀態,駕駛資格情形,駕駛執照種類,飲酒情形,車輛撞擊部位最初,車輛撞擊部位其他,肇事因素個別,肇事因素主要,肇事逃逸,職業,旅次目的,車種,GPS緯度,GPS經度,事故類別
2023,3,31,18,7,臺中市,西區,1,0,0,8,2,5,50,4,1,1,5,4,5,7,4,4,10,5,5,2,15,6,1,9,1,1,C03,7,9,1,10,2,12,,6,6,1,21,8,C03,120.672471,24.149506,1
2023,3,31,18,7,臺中市,西屯區,0,0,0,8,,,50,,,,,,,,,,,,,,,16,,,,,B11,,,1,,1,,,16,,1,22,,B11,120.636504,24.171683,3
2023,3,31,18,8,臺中市,東區,0,1,0,8,3,5,50,4,9,1,5,4,5,7,1,1,5,5,5,2,16,6,3,10,3,4,B03,7,6,1,8,2,2,,6,6,1,22,8,B03,120.697299,24.147967,2
2023,3,31,18,10,臺中市,南屯區,0,1,0,8,2,5,50,14,9,1,5,4,5,7,4,4,1,4,5,2,18,23,2,9,1,1,C03,7,8,1,10,2,15,,23,23,1,22,9,C03,120.624368,24.149174,2
2023,3,31,18,11,臺中市,豐原區,0,0,0,8,,,50,,,,,,,,,,,,,,,16,,,,,B03,,,1,,2,,,16,,1,22,,B03,120.711669,24.239816,3
2023,3,31,18,13,臺中市,大里區,0,1,0,8,3,5,30,4,1,1,5,4,5,7,4,4,10,5,5,2,17,6,3,10,3,4,C03,7,9,1,10,2,12,,6,6,1,21,5,C03,120.692342,24.086585,2
2023,3,31,18,15,臺中市,北區,0,0,0,8,,,50,,,,,,,,,,,,,,,19,,,,,B03,,,1,,1,,,19,,1,22,,B03,120.698891,24.160277,3
2023,3,31,18,15,臺中市,大里區,0,0,0,8,,,60,,,,,,,,,,,,,,,7,,,,,B03,,,1,,2,,,7,,1,20,,B03,120.684329,24.090734,3
2023,3,31,18,17,臺中市,西區,0,1,0,8,3,5,50,3,1,1,5,4,5,7,4,4,10,5,5,2,16,9,3,10,1,1,B12,7,6,1,8,2,2,,9,9,1,21,8,B12,120.667598,24.146725,2
2023,3,31,18,17,臺中市,北區,0,0,0,8,,,50,,,,,,,,,,,,,,,7,,,,,B02,,,7,,2,,,7,,1,22,,B02,120.671456,24.17374,3
2023,3,31,18,17,臺中市,豐原區,0,1,0,8,1,8,30,15,20,1,5,4,5,7,4,4,10,5,5,2,17,38,3,10,3,5,H02,7,20,8,20,10,15,,60,38,1,22,8,H02,120.728383,24.251022,2
2023,3,31,18,18,臺中市,大里區,0,0,0,8,,,30,,,,,,,,,,,,,,,17,,,,,B12,,,1,,2,,,17,,1,5,,B12,120.66859,24.10449,3
2023,3,31,18,20,臺中市,大甲區,0,1,0,7,2,5,70,14,8,1,5,4,5,7,4,4,1,4,4,1,17,30,3,10,1,1,B03,7,9,1,8,2,15,,30,30,1,9,8,B03,120.643388,24.40941,2
2023,3,31,18,24,臺中市,大雅區,0,0,0,8,,,50,,,,,,,,,,,,,,,16,,,,,B02,,,1,,2,,,16,,1,22,,B02,120.650205,24.216446,3
2023,3,31,18,25,臺中市,北區,0,2,0,8,3,5,40,4,2,1,5,4,5,7,1,1,5,4,4,2,13,16,2,9,1,1,C03,7,9,1,10,2,12,,16,16,1,22,8,C03,120.69432,24.156811,2
2023,3,31,18,27,臺中市,西屯區,0,0,0,8,,,50,,,,,,,,,,,,,,,23,,,,,B03,,,1,,1,,,23,,1,4,,B03,120.661525,24.165165,3
2023,3,31,18,28,臺中市,南屯區,0,0,0,,,,50,,,,,,,,,,,,,,,6,,,,,B03,,,1,,2,,,14,6,1,5,,B03,120.645414,24.139376,3
2023,3,31,18,30,臺中市,南區,0,1,0,8,3,5,50,14,9,1,5,4,5,7,4,4,3,4,5,2,13,16,3,10,1,1,B03,7,9,1,8,2,1,5,16,23,1,21,8,B03,120.670216,24.123669,2
2023,3,31,18,30,臺中市,烏日區,0,0,0,8,,,30,,,,,,,,,,,,,,,6,,,,,B03,,,1,,2,,,23,6,1,21,,B03,120.625918,24.108235,3
2023,3,31,18,32,臺中市,豐原區,0,1,0,8,3,5,60,3,2,1,5,4,5,7,4,4,1,3,4,1,16,6,3,10,1,1,B03,7,6,1,8,2,6,,6,6,1,4,1,B03,120.737052,24.248741,2
2023,3,31,18,40,臺中市,南屯區,0,0,0,8,,,40,,,,,,,,,,,,,,,12,,,,,B03,,,1,,1,,,12,,1,22,,B03,120.632898,24.153771,3
2023,3,31,18,40,臺中市,烏日區,0,0,0,8,,,30,,,,,,,,,,,,,,,17,,,,,B03,,,1,,2,,,17,,1,5,,B03,120.603238,24.114466,3
2023,3,31,18,42,臺中市,西屯區,0,1,0,8,3,5,50,14,9,1,5,4,5,7,4,4,1,3,5,2,16,9,3,10,1,1,B03,7,6,1,8,2,2,,9,9,1,22,9,B03,120.646478,24.16364,2
2023,3,31,18,44,臺中市,后里區,0,2,0,8,3,5,30,3,2,1,5,4,5,7,3,1,10,5,5,2,16,6,2,9,1,1,C03,7,5,1,10,2,14,,6,6,1,8,8,C03,120.725224,24.321288,2
2023,3,31,18,45,臺中市,北屯區,0,0,0,8,,,80,,,,,,,,,,,,,,,16,,,,,B11,,,1,,2,,,16,16,1,21,,B11,120.704945,24.16928,3
2023,3,31,18,45,臺中市,清水區,0,1,0,8,3,5,50,14,7,1,5,4,5,7,4,4,5,4,4,2,16,19,2,9,1,1,C03,7,1,1,10,2,14,,19,19,1,21,8,C03,120.569788,24.272971,2
2023,3,31,18,45,臺中市,清水區,0,0,0,8,,,70,,,,,,,,,,,,,,,23,,,,,B03,,,1,,2,,,23,,1,21,,B03,120.586214,24.302957,3
2023,3,31,18,47,臺中市,大雅區,0,0,0,8,,,30,,,,,,,,,,,,,,,12,,,,,B12,,,1,,2,,,12,,1,21,,B12,120.673602,24.220748,3
2023,3,31,18,47,臺中市,西屯區,0,1,0,8,3,5,40,14,8,1,5,4,5,7,4,4,9,4,1,2,13,23,2,9,1,1,C03,7,9,1,10,2,11,,23,23,1,12,8,C03,120.639648,24.168506,2
2023,3,31,18,48,臺中市,北屯區,0,0,0,,,,50,,,,,,,,,,,,,,,6,,,,,B03,,,1,,2,,,6,,1,22,,B03,120.686373,24.192055,3
2023,3,31,18,48,臺中市,西屯區,0,0,0,8,,,50,,,,,,,,,,,,,,,23,,,,,B03,,,1,,1,,,23,,1,22,,B03,120.659405,24.165603,3
2023,3,31,18,50,臺中市,大里區,0,0,0,8,,,30,,,,,,,,,,,,,,,42,,,,,B03,,,1,,2,,,42,,1,22,,B03,120.707011,24.085671,3
2023,3,31,18,51,臺中市,豐原區,0,0,0,8,,,50,,,,,,,,,,,,,,,23,,,,,B03,,,1,,2,,,23,,1,22,,B03,120.751052,24.270194,3
2023,3,31,18,56,臺中市,西區,0,0,0,8,,,40,,,,,,,,,,,,,,,23,,,,,B03,,,1,,1,,,23,,1,22,,B03,120.657511,24.153835,3
2023,3,31,18,57,臺中市,南區,0,0,0,7,1,5,50,3,9,1,5,4,5,7,4,4,5,4,5,2,13,16,3,10,1,1,C03,7,9,1,10,2,11,,16,16,1,21,8,C03,120.676142,24.132245,3
2023,3,31,18,58,臺中市,石岡區,0,1,0,8,3,5,70,3,2,1,5,4,5,7,3,1,1,4,4,1,16,10,2,8,1,1,C03,7,11,1,10,2,14,,10,10,1,21,9,C03,120.767405,24.275976,2
2023,3,31,19,2,臺中市,西屯區,0,0,0,8,,,50,,,,,,,,,,,,,,,42,,,,,B03,,,1,,2,,,42,,1,22,,B03,120.652407,24.159681,3
2023,3,31,19,5,臺中市,清水區,0,1,0,8,3,5,50,4,1,1,5,4,5,7,4,4,5,5,5,1,15,6,3,10,1,1,B03,7,9,1,8,2,1,,6,6,1,21,8,B03,120.55564,24.259164,2
2023,3,31,19,8,臺中市,清水區,0,1,0,8,3,5,70,4,1,1,5,4,5,7,2,1,1,4,4,1,16,10,3,10,1,1,B03,7,11,1,8,2,6,,10,10,1,21,8,B03,120.562149,24.26279,2
2023,3,31,19,9,臺中市,西屯區,0,1,0,8,1,5,50,4,2,1,5,4,5,7,4,4,8,3,5,1,17,6,3,10,1,1,A32,7,5,1,1,2,1,,6,6,1,22,8,A32,120.58716,24.174338,2
2023,3,31,19,9,臺中市,后里區,0,1,0,8,3,5,50,4,1,1,5,4,5,7,3,1,5,5,4,2,17,10,3,10,1,1,B03,7,11,3,18,2,8,,10,10,1,21,8,B03,120.713796,24.303483,2
2023,3,31,19,10,臺中市,南屯區,0,1,0,8,3,5,50,4,1,1,5,4,5,7,4,4,5,5,4,2,15,6,3,10,1,1,B12,7,9,1,8,2,2,,6,6,1,19,8,B12,120.632325,24.142823,2
2023,3,31,19,15,臺中市,豐原區,0,0,0,8,,,50,,,,,,,,,,,,,,,23,,,,,B12,,,1,,2,,,23,,1,22,,B12,120.717613,24.253211,3
2023,3,31,19,18,臺中市,北區,0,2,0,8,3,5,40,14,8,1,5,4,5,7,4,4,5,4,4,2,9,23,2,9,1,1,C03,7,9,1,10,2,11,,23,23,1,22,8,C03,120.683148,24.159082,2
2023,3,31,19,21,臺中市,北區,0,0,0,8,,,50,,,,,,,,,,,,,,,23,,,,,B01,,,1,,1,,,44,23,1,22,,B01,120.681097,24.157585,3
2023,3,31,19,21,臺中市,西屯區,0,1,0,8,3,5,50,14,7,1,5,4,5,7,4,4,10,4,4,2,12,10,3,10,1,1,B03,7,11,1,8,2,8,,10,10,1,22,8,B03,120.622108,24.17259,2
2023,3,31,19,23,臺中市,東勢區,0,1,0,8,3,5,50,4,1,1,5,4,5,7,1,1,10,5,5,2,16,6,3,10,1,1,B03,7,5,1,3,2,1,,6,6,1,21,9,B03,120.833575,24.251164,2
2023,3,31,19,27,臺中市,北屯區,0,1,0,8,3,5,50,14,9,1,5,4,5,7,4,4,1,4,5,2,17,40,3,10,1,1,B12,7,13,1,8,3,4,,40,40,1,21,8,B12,120.68154,24.176969,2
2023,3,31,19,29,臺中市,西區,0,2,0,8,3,5,50,4,2,1,5,4,5,7,1,1,5,2,5,2,12,23,3,10,1,1,B03,7,9,1,8,2,5,,23,23,1,21,8,B03,120.661679,24.149037,2
2023,3,31,19,30,臺中市,潭子區,0,0,0,8,,,80,,,,,,,,,,,,,,,7,,,,,B03,,,1,,2,,,7,7,1,21,,B03,120.71778,24.198006,3
2023,3,31,19,30,臺中市,南屯區,0,0,0,8,,,50,,,,,,,,,,,,,,,19,,,,,C03,,,1,,1,,,19,,1,5,,C03,120.646802,24.146809,3
2023,3,31,19,36,臺中市,中區,0,0,0,8,,,50,,,,,,,,,,,,,,,7,,,,,B03,,,1,,2,,,7,,1,5,,B03,120.685322,24.142574,3
2023,3,31,19,36,臺中市,南區,0,1,0,7,3,5,50,4,1,1,5,4,5,7,1,1,10,5,5,2,13,16,3,10,1,1,C03,7,9,1,10,2,11,,16,16,1,22,8,C03,120.676208,24.132644,2
2023,3,31,19,36,臺中市,太平區,0,1,0,8,3,5,50,4,1,1,5,4,5,7,1,1,5,5,5,2,18,23,2,9,1,1,C03,7,9,1,10,2,12,,23,23,1,21,8,C03,120.722525,24.142371,2
2023,3,31,19,38,臺中市,霧峰區,0,1,0,8,3,5,50,14,9,1,5,4,5,7,4,4,5,5,5,1,17,40,3,10,1,1,B12,7,15,1,8,2,4,,40,40,1,4,5,B12,120.686258,24.065817,2
2023,3,31,19,39,臺中市,北屯區,0,0,0,8,,,50,,,,,,,,,,,,,,,23,,,,,C03,,,1,,2,,,23,,1,22,,C03,120.693473,24.163755,3
2023,3,31,19,39,臺中市,太平區,0,2,0,8,3,5,30,4,1,1,5,4,5,7,4,4,10,5,5,2,15,6,2,9,1,1,C03,7,9,1,10,2,11,,6,6,1,22,5,C03,120.725497,24.14179,2
2023,3,31,19,40,臺中市,大里區,0,1,0,8,3,5,50,3,1,1,5,4,5,7,3,1,10,5,5,2,12,26,3,10,1,1,B03,7,11,1,8,2,8,,26,26,1,20,8,B03,120.687632,24.099637,2
2023,3,31,19,41,臺中市,北區,0,1,0,8,3,5,50,4,1,1,5,4,5,7,4,4,10,5,5,2,12,10,3,10,1,1,B03,7,11,1,8,2,8,,10,10,1,22,8,B03,120.673655,24.158459,2
2023,3,31,19,45,臺中市,潭子區,0,0,0,8,,,80,,,,,,,,,,,,,,,23,,,,,B03,,,1,,2,,,23,,1,21,,B03,120.696555,24.201,3
2023,3,31,19,45,臺中市,潭子區,0,0,0,8,,,30,,,,,,,,,,,,,,,23,,,,,B03,,,1,,2,,,23,,1,22,,B03,120.707532,24.199439,3
2023,3,31,19,45,臺中市,豐原區,0,0,0,8,,,50,,,,,,,,,,,,,,,6,,,,,B03,,,1,,2,,,6,,1,22,,B03,120.719924,24.250825,3
2023,3,31,19,47,臺中市,梧棲區,0,2,0,8,3,5,50,4,1,1,5,4,5,7,1,1,10,5,5,2,16,6,2,7,1,1,B03,7,5,1,8,2,8,,6,6,1,9,8,B03,120.514277,24.230192,2
2023,3,31,19,50,臺中市,沙鹿區,0,0,0,,,,40,,,,,,,,,,,,,,,23,,,,,C03,,,1,,2,,,23,,1,22,,C03,120.572319,24.233127,3
2023,3,31,19,51,臺中市,南屯區,0,2,0,8,3,5,50,4,1,1,5,4,5,7,2,1,10,5,5,2,17,6,2,9,1,1,B03,7,5,1,8,2,5,,6,6,1,22,9,B03,120.627561,24.117903,2
2023,3,31,19,51,臺中市,北屯區,0,0,0,8,,,40,,,,,,,,,,,,,,,23,,,,,C03,,,1,,2,,,23,,1,22,,C03,120.664436,24.184699,3
2023,3,31,19,54,臺中市,霧峰區,0,1,0,8,1,5,50,14,9,1,5,4,5,7,4,4,5,5,5,1,27,66,2,9,3,4,C03,7,9,1,10,2,15,,23,66,1,21,5,C03,120.697557,24.068413,2
2023,3,31,19,54,臺中市,沙鹿區,0,1,0,7,3,5,50,4,1,1,5,4,5,7,1,1,10,5,5,2,16,10,3,10,1,1,B03,7,11,1,8,2,6,,10,10,1,22,9,B03,120.559596,24.23723,2
2023,3,31,19,56,臺中市,北區,0,2,0,8,3,5,30,14,9,1,4,4,5,7,4,4,10,5,5,2,14,12,2,5,1,1,B03,7,2,1,8,2,3,,12,12,1,22,9,B03,120.685885,24.164236,2
2023,3,31,19,59,臺中市,北屯區,0,0,0,,,,50,,,,,,,,,,,,,,,23,,,,,B03,,,1,,1,,,23,,1,22,,B03,120.684671,24.172018,3
2023,3,31,19,59,臺中市,大里區,0,1,0,8,3,5,50,4,1,1,5,4,5,7,1,1,10,5,5,1,16,25,3,10,1,1,B03,7,5,1,8,2,6,,25,25,1,5,8,B03,120.679158,24.115233,2
2023,3,31,20,0,臺中市,大雅區,0,0,0,8,,,30,,,,,,,,,,,,,,,42,,,,,B03,,,1,,2,,,42,42,1,22,,B03,120.646738,24.222107,3
2023,3,31,20,1,臺中市,西區,0,0,0,8,,,50,,,,,,,,,,,,,,,23,,,,,B03,,,1,,1,,,23,,1,22,,B03,120.670492,24.153412,3
2023,3,31,20,3,臺中市,西屯區,0,0,0,8,,,50,,,,,,,,,,,,,,,23,,,,,C03,,,1,,2,,,23,,1,22,,C03,120.639512,24.174659,3
2023,3,31,20,4,臺中市,北屯區,0,0,0,8,,,80,,,,,,,,,,,,,,,42,,,,,B03,,,3,,1,,,42,,1,21,,B03,120.692878,24.201157,3
2023,3,31,20,9,臺中市,北屯區,0,0,0,8,,,50,,,,,,,,,,,,,,,23,,,,,B03,,,1,,2,,,23,,1,21,,B03,120.69704,24.16095,3
2023,3,31,20,9,臺中市,西屯區,0,3,0,8,3,5,50,3,1,1,5,4,5,7,1,1,9,4,5,2,17,7,2,9,1,1,C03,7,8,1,10,2,12,13,7,7,1,12,8,C03,120.650701,24.164855,2
2023,3,31,20,10,臺中市,潭子區,0,0,0,8,,,50,,,,,,,,,,,,,,,23,,,,,B03,,,1,,2,,,23,,1,22,,B03,120.701917,24.207353,3
2023,3,31,20,18,臺中市,南區,0,0,0,8,,,50,,,,,,,,,,,,,,,23,,,,,B03,,,1,8,2,,,23,23,1,5,,B03,120.68192,24.128743,3
2023,3,31,20,18,臺中市,南區,0,1,0,8,3,5,50,14,7,1,5,4,5,7,4,4,5,4,4,2,16,23,2,9,3,4,F01,7,7,8,20,2,16,,7,23,1,22,8,F01,120.678677,24.126503,2
2023,3,31,20,20,臺中市,西屯區,0,1,0,8,3,5,50,4,1,1,5,4,5,7,1,1,10,5,5,2,13,23,3,10,1,4,B03,7,6,1,8,1,5,,23,23,1,22,8,B03,120.644268,24.171377,2
2023,3,31,20,24,臺中市,西屯區,0,0,0,8,,,50,,,,,,,,,,,,,,,42,,,,,B03,,,1,,2,,,42,,1,22,,B03,120.637409,24.158867,3
2023,3,31,20,25,臺中市,西屯區,0,0,0,8,,,70,,,,,,,,,,,,,,,23,,,,,B03,,,1,,1,,,23,,1,22,,B03,120.621931,24.180378,3
2023,3,31,20,30,臺中市,清水區,0,0,0,8,,,30,,,,,,,,,,,,,,,6,,,,,B03,,,1,,2,,,6,,1,21,,B03,120.558264,24.259497,3
2023,3,31,20,31,臺中市,西區,0,1,0,8,3,5,50,4,1,1,5,4,5,7,1,1,10,5,5,2,16,25,3,10,1,1,B03,7,5,1,8,2,2,,25,25,1,21,8,B03,120.672806,24.146899,2
2023,3,31,20,34,臺中市,大雅區,0,2,0,8,3,5,30,3,1,1,5,4,5,7,4,4,10,5,5,2,17,6,2,7,1,1,C03,7,5,1,10,2,11,,6,6,1,22,8,C03,120.665616,24.234961,2
2023,3,31,20,37,臺中市,太平區,0,0,0,8,,,50,,,,,,,,,,,,,,,23,,,,,B03,,,1,,2,5,2,23,23,1,22,,B03,120.721243,24.141915,3
2023,3,31,20,40,臺中市,大雅區,0,0,0,8,,,30,,,,,,,,,,,,,,,12,,,,,B03,,,1,,2,,,12,,1,22,,B03,120.67211,24.228777,3
2023,3,31,20,40,臺中市,龍井區,0,1,0,8,3,5,60,3,1,1,5,4,5,7,2,1,10,5,5,2,16,25,3,10,1,1,B03,7,6,1,8,2,5,,25,25,1,22,8,B03,120.580068,24.189073,2
2023,3,31,20,43,臺中市,東區,0,1,0,7,3,5,50,4,9,1,5,4,5,7,1,1,3,4,5,2,13,16,2,9,1,1,C03,7,9,1,10,2,11,,16,16,1,21,8,C03,120.696713,24.142137,2
2023,3,31,20,46,臺中市,大雅區,0,1,0,8,3,5,50,3,2,1,5,4,5,7,4,4,10,5,5,2,16,5,3,10,1,1,B03,7,9,3,18,2,4,,5,5,1,22,9,B03,120.626189,24.240568,2
2023,3,31,20,50,臺中市,南區,0,1,0,8,3,5,50,14,8,1,5,4,5,7,4,4,9,4,4,2,17,23,2,9,1,1,C03,7,9,1,10,2,12,,23,23,1,21,8,C03,120.649977,24.116506,2
2023,3,31,20,51,臺中市,龍井區,0,0,0,8,,,60,,,,,,,,,,,,,,,19,,,,,B03,,,1,,2,,,19,,1,22,,B03,120.585227,24.186243,3
2023,3,31,20,55,臺中市,西區,0,1,0,8,3,5,50,4,1,1,5,4,5,7,1,1,10,5,5,2,16,23,2,8,1,1,C03,7,9,1,10,2,11,,23,23,1,5,8,C03,120.659613,24.156848,2
2023,3,31,20,59,臺中市,北區,0,0,0,8,,,50,,,,,,,,,,,,,,,23,,,,,C03,,,1,,1,,,23,,1,22,,C03,120.670348,24.15983,3
2023,3,31,21,3,臺中市,南屯區,0,1,0,8,2,5,50,3,1,1,5,4,5,7,4,4,10,5,5,2,13,16,2,9,3,4,C03,7,5,1,10,2,11,,16,16,1,12,8,C03,120.60681,24.136281,2
2023,3,31,21,9,臺中市,西屯區,0,1,0,8,3,5,50,14,9,1,5,4,5,7,4,4,1,3,5,1,17,43,2,9,1,1,C01,7,9,1,9,2,14,,43,43,1,22,8,C01,120.638511,24.175253,2
2023,3,31,21,13,臺中市,北區,0,2,0,8,3,5,50,4,2,1,5,4,5,7,1,1,5,4,5,2,16,2,2,9,1,1,C03,7,5,1,10,2,12,,2,2,1,22,8,C03,120.677078,24.155962,2
2023,3,31,21,13,臺中市,神岡區,0,0,0,8,,,50,,,,,,,,,,,,,,,12,,,,,B12,,,1,,2,,,12,,1,22,,B12,120.674817,24.251994,3
2023,3,31,21,15,臺中市,后里區,0,0,0,8,3,5,50,4,2,1,5,4,5,7,4,4,4,4,5,1,16,6,3,10,1,1,C03,7,5,1,10,2,13,,6,6,1,4,8,C03,120.707781,24.306122,3
2023,3,31,21,17,臺中市,太平區,0,1,0,8,3,5,50,4,2,1,5,4,5,7,1,1,9,4,5,1,16,6,3,10,1,1,B03,7,11,1,8,2,6,,6,6,1,21,8,B03,120.717918,24.1288,2
2023,3,31,21,21,臺中市,潭子區,0,0,0,8,,,50,,,,,,,,,,,,,,,23,,,,,C03,,,1,,2,,,23,,1,9,,C03,120.701417,24.207681,3
2023,3,31,21,24,臺中市,梧棲區,0,1,0,8,3,5,50,4,1,1,5,4,5,7,4,4,10,5,5,2,15,6,2,9,3,4,C03,7,9,1,10,2,11,,6,6,1,22,8,C03,120.535991,24.246861,2
2023,3,31,21,31,臺中市,豐原區,0,0,0,8,,,50,,,,,,,,,,,,,,,26,,,,,C03,,,1,,1,,,26,,1,21,,C03,120.734678,24.259817,3
2023,3,31,21,33,臺中市,南區,0,1,0,7,3,5,50,4,1,1,5,4,5,7,1,1,10,5,5,2,3,15,2,9,1,1,C03,7,9,1,10,2,12,,15,15,1,22,8,C03,120.660534,24.116875,2
2023,3,31,21,35,臺中市,潭子區,0,1,0,8,3,5,60,14,9,1,5,4,5,7,4,4,1,3,5,1,17,16,2,8,1,1,C02,7,9,1,9,2,14,,16,23,1,22,8,C02,120.705226,24.209328,2
2023,3,31,21,35,臺中市,沙鹿區,0,1,0,8,3,5,50,14,7,1,5,4,5,7,4,4,8,5,4,2,12,17,3,10,1,1,B12,7,9,1,8,2,2,,17,17,1,22,8,B12,120.575765,24.225777,2
2023,3,31,21,40,臺中市,太平區,0,1,0,8,3,5,50,4,1,1,5,4,5,7,2,1,10,5,5,2,16,23,2,9,1,1,C03,7,9,2,18,2,11,,23,23,1,16,2,C03,120.715604,24.135817,2
2023,3,31,21,40,臺中市,大甲區,0,2,0,8,1,5,40,14,9,1,5,4,5,7,4,4,5,5,4,1,3,51,2,9,1,1,F03,7,9,8,20,4,16,,23,51,1,21,8,F03,120.629141,24.344185,2
2023,3,31,21,55,臺中市,大里區,0,1,0,8,3,5,50,14,8,1,5,4,5,7,4,4,1,4,5,1,12,19,3,10,1,1,B12,7,1,1,8,2,7,,19,19,1,20,8,B12,120.689586,24.120176,2
2023,3,31,21,57,臺中市,北區,0,0,0,8,,,50,,,,,,,,,,,,,,,12,,,,,B03,,,1,,2,,,12,,1,22,,B03,120.678797,24.157984,3
2023,3,31,22,0,臺中市,南屯區,0,1,0,8,3,5,50,4,1,1,5,4,5,7,2,1,10,5,5,2,13,23,3,10,1,1,B03,7,9,1,8,2,8,,23,23,1,22,8,B03,120.636205,24.146723,2
2023,3,31,22,8,臺中市,西屯區,0,0,0,8,,,60,,,,,,,,,,,,,,,23,,,,,B03,,,1,,1,,,23,,1,22,,B03,120.630224,24.162497,4
2023,3,31,22,21,臺中市,北屯區,0,2,0,8,3,5,50,14,7,1,5,4,5,7,4,4,5,5,4,2,16,26,2,9,3,4,C03,7,11,1,10,2,14,,26,26,1,21,8,C03,120.682638,24.168473,2
2023,3,31,22,31,臺中市,大里區,0,1,0,8,3,5,50,4,9,1,5,4,5,7,1,1,5,2,5,1,18,23,2,9,1,1,C03,7,9,1,10,2,12,,23,23,1,19,8,C03,120.678013,24.114996,2
2023,3,31,22,31,臺中市,后里區,0,1,0,7,3,5,50,14,13,1,5,4,5,7,4,4,5,5,4,2,29,42,2,9,1,1,B03,7,9,1,8,2,1,,42,42,1,21,8,B03,120.701713,24.308616,2
2023,3,31,22,33,臺中市,南屯區,0,0,0,8,,,30,,,,,,,,,,,,,,,42,,,,,B02,,,1,,1,,,42,,1,22,,B02,120.614194,24.145345,3
2023,3,31,22,35,臺中市,東勢區,0,1,0,8,3,8,50,14,9,1,5,4,5,7,4,4,5,5,5,1,18,21,2,9,1,1,C03,7,9,1,10,8,11,,21,21,1,22,8,C03,120.832147,24.246974,2
2023,3,31,22,40,臺中市,北區,0,0,0,8,,,50,,,,,,,,,,,,,,,23,,,,,B03,,,1,,2,,,23,,1,22,,B03,120.68243,24.162113,3
2023,3,31,22,44,臺中市,東區,0,1,0,8,2,5,50,14,9,1,5,4,5,7,4,4,5,4,5,2,16,42,2,9,3,4,C03,7,15,1,10,2,14,,42,42,1,5,8,C03,120.685138,24.129735,2
2023,3,31,22,44,臺中市,豐原區,0,2,0,8,3,5,50,3,2,1,5,4,5,7,4,4,4,5,5,2,17,6,2,9,1,1,C03,7,5,1,10,2,11,,6,6,1,4,1,C03,120.725638,24.240527,2
2023,3,31,22,45,臺中市,北屯區,0,2,0,8,3,5,50,4,9,1,5,4,5,7,2,1,1,4,5,2,13,23,2,9,1,1,C03,7,9,1,10,2,11,,23,23,1,21,8,C03,120.67965,24.172812,2
2023,3,31,22,45,臺中市,西屯區,0,1,0,8,1,5,50,3,1,1,5,4,5,7,1,1,8,4,4,1,13,23,3,10,1,4,C03,7,9,1,10,2,11,,23,23,1,4,8,C03,120.65556,24.172643,2
2023,3,31,22,47,臺中市,南屯區,0,2,0,8,3,5,50,14,9,5,5,4,5,7,4,4,1,5,5,2,9,23,2,9,4,5,H01,8,16,8,20,9,15,,60,23,1,12,8,H01,120.646789,24.146405,2
2023,3,31,22,54,臺中市,西屯區,0,1,0,8,3,5,50,3,2,1,5,4,5,7,4,4,10,5,5,2,27,23,2,9,1,4,C04,7,5,1,10,2,11,,23,23,1,22,8,C04,120.659027,24.196388,2
2023,3,31,23,0,臺中市,東區,0,1,0,8,3,5,50,14,9,1,5,4,5,7,4,4,9,5,5,2,3,23,3,10,1,1,B03,7,1,1,8,2,8,,23,23,1,5,8,B03,120.700214,24.133198,2
2023,3,31,23,0,臺中市,東區,0,0,0,8,,,50,,,,,,,,,,,,,,,6,,,,,B03,,,1,,2,,,6,,1,5,,B03,120.692172,24.140002,3
2023,3,31,23,20,臺中市,后里區,0,0,0,8,3,5,50,3,2,1,5,4,5,7,1,1,4,4,5,1,14,12,3,10,1,1,B12,7,2,6,8,1,3,,12,12,1,4,8,B12,120.709387,24.311002,3
2023,3,31,23,25,臺中市,南區,0,0,0,8,,,50,,,,,,,,,,,,,,,23,,,,,A02,,,1,,2,,,23,,1,10,,A02,120.679222,24.12345,3
2023,3,31,23,43,臺中市,太平區,0,1,0,8,3,5,50,4,1,1,5,4,5,7,4,4,10,5,5,2,16,6,3,10,3,4,B12,7,11,3,18,1,4,,6,6,1,9,8,B12,120.721201,24.15772,2
2023,3,31,23,53,臺中市,潭子區,0,1,0,8,3,5,60,4,4,1,5,4,5,7,2,1,10,5,5,2,12,23,3,10,1,1,C03,7,4,1,10,2,13,,23,23,1,21,8,C03,120.708055,24.227679,2
2023,3,31,23,54,臺中市,西屯區,0,1,0,8,3,5,50,3,1,1,5,4,5,7,3,1,1,4,4,2,16,26,2,9,3,4,C03,7,5,1,10,2,13,,26,26,1,22,8,C03,120.615694,24.190104,2